Accession,luminal protein 2.5
E9QPE7,0.8681891856684203
Q8BTM8,0.8802603050556159
E9PVG8,0.8550362663843644
P07724,1.0
P01027,0.8743676390353633
Q9JHU4,0.8564883298543375
Q921I1,0.9277909844285404
P26039,0.8264752202150243
Q8VDD5,0.8276320070449621
Q61838,0.8563844982612137
Q80X90,0.8109726204507655
P19096,0.8057018385966862
P08071,0.8145450281991047
E9Q616,0.8545869468178331
Q6PDN3,0.8109263341403801
Q64727,0.8354865594610894
A0A087WSN6,0.7712760001877442
Q68FD5,0.7966246826000862
P57780,0.8171597332198176
Q01853,0.8226216455364616
P63260,0.9333655638900651
P58252,0.8574095447824476
Q3U2G2,0.7873473164542778
F8WIT2,0.8377745398635172
P28665,0.8127709461261505
Q8VHX6,0.762003717762182
P11499,0.8638926756914757
P20918,0.8071248279440207
P63017,0.846870898074062
P06909,0.8384817868594653
P13020,0.8571145336546094
Q6URW6,0.8266116940566679
P99024,0.8317653627573914
P21614,0.8342504245905233
P10126,0.8676489228057555
G3X8Q5,0.891401944746666
Q02053,0.7938743299104072
E9Q0B5,0.7813731340594942
Q9JKF1,0.7813727642901027
Q62261,0.8163202106536928
P05064,0.8405966365115771
P16546,0.76135220768156
P52480,0.8311007204363058
A0A0R4J0I1,0.8611171353786341
Q9D1A2,0.8036318690833787
P24527,0.7887970391542615
P26040,0.8200724916538712
Q8CGC7,0.7552346000820397
P37804,0.8480311679347643
P15626,0.8720261144558246
P27546,0.7355976697908467
Q91X72,0.8570843563505035
E9Q5I3,0.7736692864635598
Q61879,0.7506691906869906
O08677,0.8165518368582632
Q9DBD0,0.7565043307660624
Q8K0E8,0.812932631336772
Q9D7Z6,0.7514437556433916
Q8VCM7,0.792546779776374
P23116,0.8157481375254526
P08113,0.7872289964100639
Q9CWJ9,0.7764555122027278
O08553,0.7614344008109896
Q8BFW7,0.7671803704578793
Q61768,0.7308039310450305
Q8CI94,0.776870644663973
Q9Z1Q9,0.7520086220936881
A0A0A0MQF6,0.8597228948729172
Q00897,0.8855470704952096
P30416,0.7826920702010584
P97449,0.7588963095908184
Q04447,0.830090796679089
A1BN54,0.7773888420825444
Q61598,0.7878364445120665
P17563,0.7929529244538615
P06728,0.8148100617648615
Q922D8,0.8309607701880694
Q8CIE6,0.7526560161288774
P27773,0.8100384406755086
Q00612,0.786265320739528
P17182,0.8584076751528794
E9PV24,0.7967487319310644
Q61781,0.8776624088436241
P60843,0.7825625858852652
P09411,0.8312316544330242
Q9WU78,0.7428541878255935
P62259,0.8305723634514532
O55029,0.7404800360648555
Q8VCT3,0.7417667423092412
Q922U2,0.8904301256725865
Q8BND5,0.724217531159275
Q6ZQ38,0.7951051247017634
P10649,0.8726559394120014
A0A0R4J071,0.6238622446767692
Q922B2,0.7569424787102185
P20029,0.8037312418997736
Q78PY7,0.7598683987042825
P45376,0.7916646248653175
P42932,0.7896051952044988
P40142,0.8271471416952358
P80318,0.767622922005254
P21981,0.7764922001918114
P26041,0.7841222224491416
B8JJN0,0.7655684323184841
P40124,0.7874948313882765
A6X935,0.7312466273338889
Q9D0F9,0.7719560154720121
P05213,0.8078538147508497
P19221,0.7473598825267674
Q00623,0.8823261951631631
O88342,0.7813691871242048
Q99K51,0.8085992955847987
Q3UU35,0.744391284138523
Q9QXS1,0.7379243641885994
P07356,0.8189878947762886
P17751,0.8196464215613081
P35700,0.8491916483091632
Q61702,0.7175828226311268
P07901,0.8036503880736524
Q91WT9,0.7734522864110097
Q3V117,0.7426692206997899
O88569,0.8735591686783993
P24549,0.7703844221999988
O09131,0.8350794317712146
P63158,0.8149640776836261
P11983,0.7306528267257967
P19001,0.8655535694677143
Q543K9,0.7721418487772584
Q3UPL0,0.7266747337796413
Q11011,0.7545522306146821
Q7TSV4,0.7645129922780164
A8DUK4,0.914976375087348
O70209,0.7859073409413433
P80313,0.7508624734820533
Q76MZ3,0.7626210982832877
E9Q557,0.7578439429784068
A0A1B0GSX0,0.8285302253730814
P60335,0.7661623314290338
Q8C1A5,0.7451779591514631
Q9DBJ1,0.8079426600269645
B2M1R6,0.7790429801400195
Q9CPY7,0.7546410990138911
Q501J6,0.7408384705627893
O35639,0.7553716713890514
P56399,0.8351058108188513
P10107,0.8057655463859497
Q9DCD0,0.8269948754661051
Q9D8E6,0.753414766572736
E9QA15,0.7437761085630457
Q64737,0.7380873274385229
P29341,0.7481341350045074
Q9QZE5,0.7212203858424753
Q5SUR0,0.7535806057217385
P01029,0.7915557001788945
P70441,0.7564640898936101
Q99JY9,0.7739098565089902
O89020,0.7575140644561357
Q9Z1Z0,0.7216280475260402
Q9CWK8,0.7470240973125924
Q61699,0.7297821248863047
P10605,0.7314428578299556
Q99KC8,0.7395697960190258
P23953,0.835945086218305
P20152,0.7398629106674739
P47856,0.6866666409416041
Q61233,0.7777237093103339
P12658,0.809679437256989
A0A087WS16,0.7111012448941889
P00920,0.7709698409513268
E9PWE8,0.7627753855066061
Q8JZQ9,0.7374652683093706
P50580,0.7563751698332711
Q3U1J4,0.7134583951749428
P17742,0.851040179815511
P62960,0.7067332954541286
Q02257,0.7407454996199333
P14211,0.7736389089354142
P09405,0.7812254812366239
P48722,0.7246876527706095
Q11136,0.7131651098424223
Q61696,0.7726245838099974
Q8BZF8,0.7404034994370572
P46471,0.7121952126681963
P06745,0.7878653219255471
Q8BGQ7,0.7241218589607977
P50247,0.8011502127643146
Q6GT24,0.7826133688651842
Q8R146,0.6940209429762628
Q8BL66,0.7644822157023539
Q80T06,0.7662760770764696
P80314,0.7583991741203875
Q91VB8,0.9119601375206997
P28271,0.7556786366402983
P06684,0.6968512500977733
P32261,0.7987808470197935
P08003,0.7587546693508056
P19157,0.8046104481003284
O70570,0.7261215784511732
Q62523,0.7660604870738814
E9PYH0,0.6936269463134253
P62962,0.8081745026616121
P10518,0.7612335076040905
Q8VDM4,0.7299134264071713
P97447,0.7772443554490127
P62908,0.7483022859404855
Q9D0I9,0.7076663686836381
Q8BG05,0.7596664464711828
O88844,0.7900347131431127
Q00519,0.7537739257350509
P63101,0.8154128799189134
Q9CZ44,0.7243884023819788
P48036,0.8337431148530664
Q60864,0.7617113162396022
Q9EQK5,0.7272783757541459
P50446,0.798839627225781
Q8VDJ3,0.6973411522869838
P26645,0.7213083369584948
P47754,0.7295657892276912
P68040,0.7597317660809619
P29699,0.8255482915968131
Q3U0V1,0.7355566603242696
A0A498WGD8,0.7141796519041369
E9PZF0,0.7946665889495422
P48758,0.7788368384522997
P07758,0.846935684847488
Q60854,0.7598737270305309
P80316,0.7657026970030937
Q60710,0.718367434674387
Q62318,0.7300633492359259
P05063,0.8010906126338289
P09103,0.7796866978332139
Q3TXS7,0.7164190719826562
P97429,0.754653890811618
A2AMW0,0.762229156055142
Q8CIB5,0.7302082315853883
Q3THS6,0.7057526278787369
Q08642,0.7268821203061928
Q9WVA4,0.7818501208118125
P11352,0.7623733750432787
Q9CPX4,0.7682691259508994
Q9JHR7,0.7215541905694933
P50396,0.73193198703112
Q80X19,0.702817325174993
Q99PL5,0.7531173588266208
Q8R1B4,0.7030937297318609
Q9QYB1,0.8163419314062053
A0A6I8MX27,0.7986725095261922
Q8BU30,0.713570627036703
P97371,0.7676685789637826
Q9CPV4,0.7471189831001884
Q62010,0.7431147445754314
A0A0A6YVP0,0.763848383838607
Q6A0A9,0.6731113602683698
Q9R098,0.6357640009420551
O08529,0.7877914390551224
O70133,0.6748671359435059
Q8CIN4,0.7593073576893749
O08739,0.7259825985081866
Q8R0Y6,0.6848503767904843
P18760,0.825149327669445
P12382,0.7059460484762281
B2RQC6,0.6959242757634836
Q7TMY8,0.6872839425823228
Q9D0E1,0.680420700403872
Q3UW53,0.7245575506784562
Q03401,0.7524444862549327
P00342,0.63638426394229
P55264,0.7733742074887434
A0A7N9VSW1,0.734229720308928
Q9QUI0,0.720656553371018
P80315,0.7614361472058448
P15105,0.7392428587807994
Q8BJY1,0.7075866908567391
Q9D819,0.7398879636637374
Q19LI2,0.733899334822416
Q9JIF7,0.720233137980461
G3UXX3,0.7381985917247612
Q91WQ3,0.7311054984694114
Q99KQ4,0.6758671728732303
P18654,0.6901463918455119
Q3TVK3,0.715703592285662
P51125,0.6884377715542408
E9QK48,0.7224061284805355
Q9QUR6,0.7269376110826952
P14873,0.6874405742446682
P70296,0.808882340077982
P68033,0.7868073544965544
Q91ZJ5,0.7508700165133954
A2A513,0.8895649329294396
Q5XJY5,0.7310044208389176
P68510,0.7802829214194279
P28798,0.6849954677897395
Q64514,0.6590402467732285
Q8K183,0.7942410969588091
P62715,0.7801967755203527
Q8BG32,0.7738128867142066
Q9Z2X1,0.7749792521961459
Q8CI51,0.726800159110539
P01872,0.7761788553515419
O70400,0.7392786672478818
P03958,0.6810628611957898
Q5SQ27,0.7408517394398435
Q91X52,0.7671380000602612
Q91VI7,0.7751721694647615
Q01279,0.660235985890936
Q07076,0.7112529410042597
P56959,0.7347520225521154
P68254,0.7551995780633707
P16045,0.7879239578189858
B2RU69,0.694735404694183
Q61129,0.7471387343145043
Q07797,0.6654220369656635
Q8BH64,0.7688666789143539
E9Q7Q3,0.7467552305602863
P97351,0.7554213744306693
Q9JK81,0.8151404556052627
P08228,0.8411012845382125
P80317,0.7459336594211413
Q93092,0.8507765457978249
Q61171,0.7686233814471942
Q9Z0S1,0.7292949769535805
Q6ZWX6,0.7121505250782414
P05201,0.7775255868518011
Q8BHN3,0.715181843807499
E9Q3M3,0.7015275674152357
Q99KJ8,0.6758271089870804
Q9Z2U1,0.7489004734195637
O54990,0.6823204599391842
P62141,0.7288149967107443
Q8BH61,0.6882291262447607
Q9Z0N1,0.7277632631564391
E9QN99,0.7528558607372423
P03953,0.7804647587475697
Q9JII6,0.7783016003736997
Q8C3V4,0.8187741240916742
Q9Z1N5,0.7435503125134376
Q61133,0.6923290360602219
P47791,0.7459293075430442
P62192,0.7191803264925861
P27659,0.7265080120394674
P39054,0.6947365245531837
Q01339,0.7528135620989408
E9Q9E1,0.6803711833728844
P46935,0.7015364606563533
Q8R016,0.7380281722491956
P62242,0.7487355365113132
Q61792,0.7211129993726394
Q9D8N0,0.7456579142041888
P19324,0.6977367782663286
G5E924,0.7107323691667026
Q9Z1F9,0.7068304004561257
Q9R0P5,0.8301425750344914
P97315,0.8056274261530305
Q3THK7,0.689408371815651
P12970,0.7501674634956083
Q60973,0.7126598366944692
P39654,0.7127355620392742
P61161,0.7552005708604052
O88544,0.710797547133171
Q63844,0.756253927726456
Q99K85,0.7126773048638795
A0A0A6YXL6,0.7644361312972686
Q99KK7,0.742772220193696
Q61703,0.7210473486260132
P97494,0.7126569536556154
P70398,0.6616443670877569
P49312,0.777075877028382
Q99J77,0.7463334893759277
Q61362,0.567780591820527
P08249,0.6758851016930274
O08997,0.8130796006042271
E9Q555,0.7360603709297434
Q9JLJ2,0.7313666928043117
P26883,0.7575123075495175
Q91VR5,0.7217099911425814
Q99PT1,0.8048307699771029
Q9ERK4,0.7176899611982169
Q8BKC5,0.7256985010236042
Q80UG5,0.7096908508530377
P16015,0.768683844177032
P62196,0.6877857479104756
P11679,0.7910560294326897
P32921,0.7083222870419976
P47199,0.7043186931083992
Q9JHU9,0.7221909079253057
Q924B0,0.7393198362735934
Q91WT7,0.7440089598300518
Q8BPB5,0.6878870895635515
Q9R1P4,0.7529788092177163
Q62418,0.678097370357309
Q9EQP2,0.6922142608470644
Q505F5,0.677535409864473
Q05816,0.7099755904909966
Q9CX34,0.6872713706620333
Q9CQ65,0.7493600355664297
A0A0R4J2B2,0.7534067218866064
P00329,0.8043322814229383
P51859,0.76915842280864
Q3UM45,0.7036364966614741
Q61176,0.6981671772562342
Q5FWK3,0.7234412726267587
Q8VEK3,0.7357591471824776
Q6PDL0,0.64037230728492
Q61753,0.6807630726792336
P08226,0.7264636641015384
Q9D662,0.6974009257823354
Q9D0R2,0.7347392720558692
P11680,0.672612259101656
Q08879,0.6884599798971288
O08692,0.4926930819464954
P97384,0.6999509360469888
O35643,0.728849883274577
Q8C1B7,0.7119179127009148
Q8VC28,0.6994497622779172
Q640N1,0.688744667369748
Q6GQT1,0.6207798251042335
O89053,0.7353372855990962
Q5RKN9,0.710684446288859
Q9EQH3,0.7356748321902559
O08797,0.7063389789986456
Q62465,0.6989196716570518
Q6NZD2,0.7175791614056037
Q9JKB1,0.7091780178932834
Q8K0C9,0.7916925228740086
P63005,0.7176365198421817
Q61035,0.715302473387237
O35350,0.6861816449814954
Q99LX0,0.7790413098390676
P48678,0.6984049019354496
P11247,0.6140400881936487
E9Q912,0.6651846795674626
Q8K3V4,0.6822587420301431
P27612,0.6750077996465187
Q9D154,0.7449508672547203
Q91YI0,0.7134530060198164
P26638,0.7081482183214458
P07309,0.852883745259414
Q9CVB6,0.7189039971420066
P46664,0.7144510672660449
Q8VCU2,0.7255114781403662
Q9DCT8,0.7678524079734879
Q9DBF1,0.7493807589345216
Q8C2Q7,0.7066432279159449
P34884,0.7778390333678211
P14685,0.686313627417669
P70460,0.678821070029653
Q3UZZ6,0.7051937785065951
P08752,0.7338723444121115
E9PYN9,0.5700243024703253
Q9R0N0,0.7021968413837272
E9PVU0,0.6967050880608401
P14602,0.7618401050615925
P70663,0.64453641327824
P62702,0.7107730018870897
P62983,0.837576478479267
O55137,0.7616485710638026
Q99LF4,0.7178840279082422
P09242,0.4658133962855295
Q9EPC1,0.7377766461531677
Q9CZD3,0.6957187270614481
P97372,0.75302171675098
P42703,0.7956200902989512
P29351,0.6770330658461111
P97290,0.7378156916034607
Q9R0P3,0.754396455014788
Q9Z1Z2,0.7001367407534709
P47962,0.7650162727558488
Q9JHW2,0.7250372643999976
Q9WV32,0.7535700899433033
P06801,0.6997128125691107
P24369,0.7235832989927552
P21460,0.6446355202999192
P60122,0.6741614546943873
Q99JI4,0.6984882221818192
Q9WTM5,0.7275676231436286
O70194,0.6934109653286036
Q99MN1,0.7268240483263857
P10810,0.5690083429281989
Q8BMJ2,0.6658301340555336
A0A0R4J039,0.7711393608344339
Q8BK64,0.7053775608548218
G3V018,0.6685904871812388
Q8BP47,0.7230827725545724
Q8BK67,0.6824378482771127
Q8VIJ6,0.7236188416717995
Q3UE92,0.6935757821949367
O35685,0.7133712441815205
P50516,0.711909559466471
Q9D8W5,0.6933972064695646
E9PUD2,0.6624557386147283
Q61553,0.6903684020850659
Q05D44,0.762340470071849
Q91WU5,0.669583652578671
P41245,0.6148748388048251
Q8BVI4,0.7539244166353274
P0DP27,0.8058523390287936
A0A1W2P6F6,0.8078989654035345
Q9Z0E6,0.7417594850102339
Q99KI0,0.6785352123506624
Q7TMB8,0.7079427095354238
Q9Z0U1,0.6949220766829801
Q00915,0.7552664325204158
Q9Z1Q5,0.7639645056536732
Q9JKR6,0.6597672882160408
Q64471,0.7683865269054858
Q64442,0.693613899238574
Q8R3B1,0.6612294165624565
Q3UDE2,0.668503091867974
Q61823,0.6977114484017924
P62334,0.7169473085200662
P70168,0.7165411085235539
Q68FL6,0.6617362005446243
Q06890,0.7105494319901179
Q6ZWQ9,0.7592596523416616
Q3ULJ0,0.770679077204736
Q62433,0.651796236043456
Q9CQT1,0.7042920218260029
Q921W7,0.7116592252873851
Q9CZC8,0.7122415722905713
P70349,0.771656139827521
P25444,0.7207107407147344
P48774,0.708641816257962
P31230,0.7297270079903366
Q61166,0.7565280857265839
Q9QWL7,0.7934083298526895
Q00PI9,0.7440091558577928
O70475,0.6666342394952277
Q61646,0.6673611929590645
A2AN08,0.6853963695625173
P54775,0.7496553916773891
Q9R111,0.7007816090689283
Q6PGH2,0.6859143230587962
P28474,0.7828697764295423
Q8QZY1,0.6897691293527158
Q7TNC4,0.7037936317750217
P99029,0.751894006752363
O55222,0.7084941231198765
Q8BJW6,0.6294921644317735
Q61730,0.681972557062361
O35381,0.742218590263171
A3KMP2,0.850354850409089
P14148,0.7564648537190106
P06281,0.6622884238446322
Q9WVK4,0.7396694090317194
O35215,0.7400026711245316
Q62167,0.7265286255334292
Q6P5F9,0.6993335782674723
Q9D1P4,0.6752075239548097
Q91YR1,0.7096422661715958
A0A0R4J093,0.7380188476717953
Q6AW46,0.6302811973500109
P24547,0.6726421177034059
Q9CX80,0.7055664116965099
O09061,0.7394466532012934
P47963,0.7221523278261113
Q9CRB6,0.7676798367915993
Q6IFX2,0.8375505919929839
A0A0A6YXW6,0.6357086820271611
Q9CR16,0.7119682457687198
Q61247,0.7431837910673762
P63001,0.8162449638054132
Q9QZD9,0.713622747697241
Q8K354,0.7062745947445895
P60229,0.7343402734715531
Q924M7,0.6748891480667567
Q09098,0.7487122784401751
P04104,0.8888350914850676
Q6P069,0.7473412994021061
Q6PDM2,0.7412703534258944
Q9CZ30,0.699217382715628
P31725,0.7221572152331569
Q9CT10,0.6712906478713604
P11087,0.6521000646173142
P24472,0.7865084160387722
F8WJK8,0.7712793401961358
P09528,0.7380470197345562
P35235,0.7246599100029769
A0A0G2JFY5,0.6720221192556302
Q02819,0.6763760253005519
D3YWF6,0.7251406096588808
P06797,0.6461688222525417
Q9DCN2,0.7271438456165306
Q9DBE0,0.75249548327357
Q99J09,0.6496376492492749
P54822,0.6901293280250701
Q61704,0.6384830904229704
A0A3B2WDD2,0.7289394887879613
P61205,0.729540734605606
A0A1W2P7A1,0.7503184318439672
Q9D8U8,0.7389592389890574
Q8C0L6,0.5957350950955566
G5E895,0.668146819941623
Q8VDN2,0.657122343332589
Q9CPW4,0.7110777612857797
Q61081,0.6929703130947038
F8WID5,0.7880225470750771
P07310,0.70140788555733
Q9JMH6,0.7060898672580967
Q9DCJ9,0.7323580695931878
Q8C845,0.7173022419869403
Q9DBB9,0.6925695283799969
O88487,0.6952459579402194
P97855,0.6589233621453315
Q8CFG9,0.6859814497914068
P63037,0.6584141051704843
Q9CXW3,0.6934086459297433
Q6P8X1,0.6927587530575557
O55234,0.7033990550380562
Q9DBG5,0.6857163311596517
P47738,0.6765102233273876
Q9DBR7,0.6922395996407118
Q8R1Q8,0.6894712628168271
P10630,0.7018586358215865
P62814,0.719355740159903
Q9CQ60,0.7276994613225988
P53810,0.7303395141641813
P61222,0.663522218569579
P10711,0.679401674689826
P35564,0.6484364252786653
Q60598,0.7192138609545456
Q8VCC9,0.5995332379787777
Q9WVE8,0.7174540503563537
Q8K157,0.7658629731920011
O09159,0.6055474501261384
E9PVA8,0.659251777561966
O88851,0.7214091903424197
Q61635,0.667495788075892
P54923,0.6965709470777566
P14152,0.807925358776869
Q91YR9,0.7365675288792484
P05784,0.8046758152534341
P70698,0.6151482501810742
Q6DYE8,0.6544551920511464
P17427,0.6661651050616052
Q8BWY3,0.6925147618453759
Q8CAA7,0.6699251157136725
Q3B7Z2,0.6418491549618658
Q62426,0.767198839128877
O55131,0.6568217713263591
Q8BML9,0.7775591522931032
P26262,0.710907058862383
P24288,0.728440260387361
Q9WUA2,0.6861667343789191
P97298,0.7094935790317701
P01898,0.6883832052996922
Q810B6,0.6335137767915587
P63028,0.7036853419600805
Q68FL4,0.7066719027944048
Q8BX70,0.6810652893103565
P14869,0.7362120314847287
Q8BTZ7,0.6959160688830607
Q8BJU0,0.6808651344438402
Q9JL35,0.6733019942358707
Q9JLI8,0.6640381128467946
Q99KB8,0.644852174323446
Q8BUV3,0.6574481358753378
Q8K010,0.6822114894832996
A7ISP9,0.7279643023177071
P28352,0.7317807044188411
Q6NSR8,0.7054973113982275
P47911,0.7443324769606482
Q8BTS3,0.6575735413717915
P26043,0.7081960893008744
Q9CY64,0.6967652429880887
O70435,0.7453663936931019
P19973,0.6901817752312275
K3W4L3,0.7005473243417003
O08804,0.6718004510539206
Q07456,0.6682332447481207
P08607,0.657507865174244
Q91V41,0.6841568000613245
P35980,0.7091857828639467
Q99LD4,0.6776699812405723
P15947,0.5864712428803879
P50404,0.7290827226578781
Q9R0Y5,0.7135455043779642
P56480,0.6029470929462534
Q9DAR7,0.6909068356486688
Q3TML0,0.7089655940823825
P17710,0.6431421671696219
Q91XV3,0.6460258714982493
O88685,0.6847445641313282
Q61074,0.6749193571746186
Q80W21,0.7195742946803337
Q923D2,0.7214188151665945
P17156,0.7052697482867325
P04117,0.7739891186647707
Q9CR00,0.6664052475254898
Q8C7R4,0.7284176642075735
Q9WTQ5,0.700814686987858
Q62219,0.7491492695903996
Q9R069,0.6487570745113621
P24270,0.7066297435221719
Q8VDK1,0.6474981098676388
Q922H4,0.6275713588402361
P30681,0.7538258179937362
Q9Z2U0,0.7552561716903271
Q61990,0.6443852954993835
Q9CQC6,0.7285546777306762
Q921F4,0.693270876014709
Q9Z2N8,0.6306744316379679
Q3TTY5,0.8797094385206711
P42227,0.6575057805476587
O88958,0.6653217940677073
Q99LB4,0.7281289430546927
P62827,0.7696420903541604
Q6P1F6,0.66708617481132
Q6S9I3,0.6709920957541133
Q8BU85,0.6788192320608579
G3UZ26,0.6660955427194034
Q8BHG1,0.7027824733661211
Q8R050,0.7194088086464206
Q8CG76,0.7079157737535299
F6ZHD8,0.6765370356355349
Q8BGD9,0.6854242938635474
O35887,0.5398344410459246
E9Q414,0.7963673089811201
Q8BZW8,0.6611418879800733
P51885,0.743151975149427
Q9WUM3,0.7190961917625185
Q64726,0.6909643608526697
Q99MD9,0.6713698632151762
Q4VAA2,0.6430909136630152
Q91Z53,0.7050744789373358
P01869,0.7365480182828601
Q9WVJ2,0.6903182808196168
Q9CY58,0.7120997254358805
Q9JIF0,0.6997451695502804
Q9QUM9,0.7498304091362853
Q62446,0.6799628861382093
F7CUP3,0.6705888475806724
P29788,0.6856872619212654
P70372,0.6802805267411738
A0A1L1STE4,0.6808045863645873
Q91V76,0.6965283358198012
P00493,0.7034433975546351
Q9CYR6,0.6916380381093885
Q3TW96,0.6715966792097523
Q9QXT0,0.6444417000176633
P26369,0.6444118116976241
Q9R0P9,0.6730225361375051
G3X9Z5,0.5497091789954249
P22599,0.8299983563624617
Q05BC3,0.6999089166738516
Q6Q899,0.6721869821096922
P34022,0.7301565201012795
P32067,0.7010255888285823
O35744,0.6166775406829083
P61202,0.6560718825474366
Q922F4,0.6938541862291245
Q9EPU0,0.6911813219445531
Q9Z2M7,0.7542385848699875
P97825,0.6541767685894598
Q91W50,0.6603899921264793
P51150,0.7063658225711116
Q9EQ80,0.6646957965986845
P62751,0.7193289676328496
Q06138,0.6844720637003125
Q9CPR4,0.711318112217481
O89079,0.7371959716140121
P17918,0.7128102614657676
Q8C0C7,0.7567726961121206
P23591,0.7109389919049204
O88456,0.7259079958839935
E9PYI8,0.6870512515372791
Q9JI75,0.6517444690483545
Q62148,0.7096994621551399
Q4FZE8,0.7145765081526552
P26350,0.6980245723578322
P70670,0.6970097673905464
P63242,0.7528039062824383
Q8C7E4,0.6959021764537365
P61087,0.6853933219166868
O09172,0.6726537411897735
Q9QYG0,0.6352012861247927
Q921M3,0.662777649239293
Q8BH35,0.6780491070465672
Q9R1P1,0.6960208450595776
Q6IRU2,0.7380890571144293
Q9Z1D1,0.6746705006268411
O35286,0.7157741014127735
Q61655,0.6775457341900742
Q9QZ08,0.6658670230156537
Q8BVE3,0.6410651471970849
Q9WVQ5,0.6929640372937963
O35841,0.6880865023272841
P63073,0.7009325414927033
B1B0C7,0.625417837878027
Q9QWK4,0.6571636055557484
Q9DBK7,0.683025306562868
Q9DBG3,0.6796275601332326
Q78ZA7,0.6937921194564113
O70557,0.7587736204703011
Q9CQM9,0.7156516174567437
Q91VH6,0.6823172794040896
Q9D142,0.6447325145890891
Q9QXC1,0.7318355301682934
P97470,0.5940031686629353
Q8BFY9,0.6428989569631055
P62281,0.7136031129795786
Q03265,0.5692438840281028
G3X8T9,0.7173976457273791
Q64467,0.7027917339176412
Q99LB6,0.6841867109954148
Q9CQ19,0.7048874877683536
O54724,0.7147205058743396
Q148R4,0.0
P42208,0.6994774615981301
A0A494B952,0.7287468586600527
P09036,0.603270729712929
P0DOV1,0.6793461782767607
Q04857,0.609679260447316
Q8CG72,0.7235172440270955
P63038,0.6834466951832318
Q9DAK9,0.7542494437097319
A0A0R4J049,0.6452463537812421
P46412,0.7201239334674768
Q60631,0.7621912621763526
P00683,0.0
Q64674,0.6941991786642667
Q8VCA8,0.6512523396139565
P61164,0.6707777162450987
Q8BTY1,0.7024424775588107
Q8VCT4,0.7008976583204035
Q8K4Z3,0.710358131876334
Q9CQB8,0.6916803740113743
P43274,0.7272336184413919
Q99KP3,0.6955591603250919
Q07235,0.5891099562756428
Q7TPV4,0.6466582336964158
P62754,0.6776795131557357
Q9CYT6,0.6523493103974033
P62717,0.6931335475863473
Q99K48,0.6865674223132682
Q62422,0.6454146613703142
Q01405,0.6205630873449454
Q6QR59,0.7049587918136598
D3YUT3,0.6934284193551611
P26231,0.6587118295968247
P54071,0.7489615247634784
Q99KH8,0.6506449060809993
Q9QY48,0.5350832882926816
Q9DCC4,0.7111092488237871
Q9CRB1,0.6603099220392659
Q99L45,0.6652348807276606
P70271,0.6806325421687132
Q9WUK2,0.7302091343269345
Q8CAY6,0.6760421457604064
Q62093,0.7178486239882538
Q9CQV8,0.7838394071288345
E0CXN5,0.7263029723633282
P54823,0.6466985154516598
Q9DCV7,0.7146506489591341
P32848,0.8126457950421023
Q9JMD3,0.8046742092807059
G3UXL2,0.7381658746930007
Q6P1B9,0.6612387623120605
Q9JLQ0,0.6367944185076676
Q9WVJ3,0.6366830196636296
Q99J36,0.662536524113891
Q9R1P0,0.734946230134635
P47713,0.6625701569969612
Q9WTI7,0.6557611877205625
P62911,0.6607162624439994
Q9Z0J0,0.6974403713810108
Q9DCT1,0.6797548108413858
P62270,0.7300697754210741
Q9CPU0,0.7322316403089436
A0A0A6YW77,0.6986264655578924
Q8C0E2,0.6395323592272079
P97461,0.6558374757211061
E9QP62,0.6605211394808354
Q8R0A5,0.7587584571371243
Q8C0M9,0.661880062517786
Q60967,0.6636630259676424
P62264,0.7239857712203425
P40336,0.6179279768987329
P35979,0.7128419580618829
P43276,0.6610348707438513
Q9WTX5,0.7003126437143107
Q8BG13,0.6907929238625656
Q3UP87,0.6088919316630637
G3X8T3,0.6101544564326405
P58389,0.6858131951991738
Q9R1T2,0.6869893546369353
O35295,0.6948682178985671
P45591,0.7091729075407103
O08663,0.6667376867711514
Q9DAW9,0.6576724457744398
F8WI14,0.6823008113291309
Q8C878,0.6430251036769632
Q8JZR2,0.6679983319675801
P16460,0.75364665599931
Q921M7,0.6590377960601663
O54988,0.6305591251970307
Q9D2V7,0.6324318345626332
Q1HFZ0,0.7129584636880858
Q9WUB3,0.6285018705914847
A2AUD5,0.7246242126164325
Q08091,0.6731395596547343
P62918,0.717825666124137
O88947,0.6651557047182125
P54728,0.7397882160353908
P26443,0.6572109110191844
Q61656,0.6385516563815831
P61358,0.7183329286837941
Q8BP48,0.6470184747666967
Q8VDM6,0.6649411059778685
O08795,0.6947163215718978
Q3TGS7,0.7865477827530711
P08121,0.6326991316878746
P28660,0.7245233429670813
Q6A028,0.6623382594507106
P49443,0.6344596844885363
Q61205,0.7840361819570801
P35123,0.6441606268807725
Q8BWT1,0.5653446639060282
Q9ET01,0.6781113935969332
Q9EQU5,0.7482714449052128
P34914,0.6672856195037983
Q9CZ42,0.6555263506283063
Q542V3,0.6297564764296759
Q3UXL1,0.6606364599045076
Q9WTX6,0.6469925960758487
P35505,0.6184213492244344
Q9D0A3,0.7037600816596847
P14206,0.7408232431789552
P70202,0.66679643475914
Q9DAU7,0.7192679569614226
Q9CR51,0.6613053720678975
P11859,0.7035287626979231
P70697,0.6094114637524493
Q3UEB3,0.6660908033093196
Q9JKX6,0.6059418047907019
Q9Z185,0.730235021013338
Q60829,0.7530654486341691
Q60737,0.6413211943059616
Q9CWZ3,0.6669424898714928
Q8CGA0,0.6035651347122096
Q9DBZ5,0.6441178034270748
P03987,0.6805325226882079
Q91XU3,0.6153541197720662
P01837,0.7195271085942784
Q9QYC0,0.6164229345429387
Q9CXA2,0.6251490341602307
Q8R1F1,0.6751023977271116
E9PUM4,0.64026858666552
Q6PDI5,0.6129867780364967
P62317,0.6799164351623794
P46638,0.7518998403353876
P45700,0.5492308978936975
P49710,0.6462534342641096
Q99LD8,0.7155571470014921
E9Q7G0,0.5630750845404189
P16110,0.6799932772356168
Q9CQM5,0.7218098294481761
P05202,0.6739441314269665
Q07968,0.6478300631007918
P99027,0.7307630671117299
E9PX96,0.6756871983781487
Q64213,0.6408662203154322
P47811,0.6238251795834558
G3X8U3,0.678640104251414
Q3UZ39,0.635856747691029
Q62376,0.688112765865457
Q9Z204,0.6683371723590239
A2AJB7,0.0
Q62348,0.7408611852248921
Q9CYG7,0.6466910050008942
A0A0R4J050,0.6433503324090655
Q8VBW6,0.6665871905684275
O88545,0.6815344027061655
P46467,0.6587350596238915
P39447,0.6399842208712505
F8WIP8,0.0
P35279,0.7026915471396888
Q9CQI6,0.8566848475636207
Q62384,0.6227541118035126
P28654,0.7006177846322271
Q62189,0.6491077912910637
O35640,0.7057361106238611
P49722,0.7126095147949536
P48428,0.7079150489332268
P42232,0.6721856062943967
Q9WUM4,0.6897627979001324
Q80YC5,0.627345329578794
Q6P8I4,0.6417971725440365
A0A1B0GSU0,0.6471343592158472
Q921K2,0.6362994652395234
Q9R1P3,0.6783440986867681
Q78IQ7,0.6252865011385533
Q91YQ5,0.6448693484175404
Q9QZ88,0.7080390713474775
E9PY39,0.7429849776714574
P13439,0.6547468741348293
P40936,0.7366928446644326
A0A0A6YY53,0.6873865215153093
Q8BUR4,0.6266236735617332
Q91V89,0.7130677283553639
P28843,0.639566424567949
Q91VK1,0.6656863073071916
Q9JM14,0.6865231550967892
P63054,0.7678618586738221
P30275,0.689420805834197
Q99JT9,0.6176285496150568
Q8K182,0.6279749314425842
Q8BH58,0.6462136511625147
Q04750,0.6381449343396588
Q8BIW1,0.6206267049371793
Q8K3H0,0.6807226989985071
Q9Z2K1,0.7938240797491628
Q5SUT0,0.6639656004454957
P48024,0.6042187883141349
Q9JLV1,0.6620956825373605
Q9DCC5,0.7199977748558919
P60766,0.7025593137031105
P00687,0.0
P21765,0.7192244989928903
P68372,0.7790789838090352
Q920B9,0.640308429518233
G5E850,0.6697614662903971
P63328,0.6212544635879044
Q6PAM1,0.6378367786001528
Q9D8S4,0.6653955796688289
Q64520,0.6630011525825454
P56546,0.6528560109337777
P61982,0.7529314069802081
P56212,0.6603483056511886
Q61805,0.653342853566827
Q9WTP6,0.0
Q9CQW9,0.6402950744497893
Q06770,0.758184862556237
O89110,0.6579069938806911
P63254,0.7996972661207834
Q99020,0.7140150017924874
Q8C166,0.6625521667856276
P59325,0.6628036194609004
Q60865,0.6464979769746728
P35278,0.6741509694470684
Q8K274,0.6164962912944842
A2ASS6,0.7873313232832223
Q8R0P4,0.6791020114079229
O70310,0.6521034597006015
P09470,0.6073296802120456
A0A0U1RPG8,0.6308759971447775
P31938,0.64205870689339
P62889,0.6696741679191764
A0A0N4SVS6,0.7237232310561239
H3BJW3,0.6717811686567421
O55135,0.6673954911078939
P61082,0.6714926562290212
F8WJ41,0.6758975397331869
P97379,0.6562630719042412
A2AIM4,0.7550168524737378
Q9Z2Y8,0.6702426333465051
Q8BHG2,0.6969766893399599
P07744,0.8097383840004995
A0A286YDI8,0.6016114634337786
Q8BT60,0.6795974861681782
A0A140LHA2,0.6428865531036402
Q76LS9,0.5994735988713982
Q99JY3,0.6834149216813944
P28063,0.6914223914210506
Q9EQR4,0.5743788809627087
Q91VW3,0.6769092596538105
Q3ULW8,0.6376464030577391
Q921F2,0.6791568462201137
Q9CX86,0.6341263184259792
Q63932,0.6602223633164026
O88543,0.6699209672708103
P63085,0.6970557758300892
Q61510,0.6381777694652193
P62137,0.6285592790683902
P28658,0.6690464503001984
P0DOV2,0.6718342818311885
Q8R1G2,0.6636302099751434
Q6ZWV3,0.7038530642944447
O08583,0.6369024149515213
Q9D6Y7,0.6651033758224345
A0A1Y7VMN0,0.6468277024658239
P60867,0.6996266098354998
Q8K4Z5,0.5896468804294283
Q61937,0.7270787195317246
Q9D1E6,0.6435650817275209
Q8CEK3,0.6470323447164069
P62821,0.6810556320226949
Q8K3C3,0.6053113191837293
P53811,0.6926890771411024
P97314,0.6384149699012028
Q91XD6,0.612411468089193
A0A0R4J1Y3,0.7266616853576844
Q9DCZ1,0.6910763870620369
Q9QXD6,0.0
O55143,0.6568482538231077
Q9Z1G3,0.6480141242666833
Q00898,0.7186111749774878
Q8BTI8,0.6560527155570068
Q9DCL9,0.7016386037768632
Q8BFQ8,0.5588361795237172
Q8K426,0.568147840428114
Q9CQR6,0.6675923193168806
P13864,0.6334471573667624
Q08943,0.586405363981625
Q9EST5,0.7366727130078634
P19253,0.6718610169242665
Q01149,0.6264463074570028
A0A0G2JE99,0.6373720018125094
P14131,0.7685134698671197
Q6ZWN5,0.7144667236290742
Q60662,0.6420965002239392
P21300,0.5812364669469048
Q9EQQ9,0.6474351561638024
P63168,0.7530964822466466
P10639,0.7724209516699522
Q91VM9,0.6087706860702814
O89112,0.6810307404915078
Q8CC86,0.6171053235226074
Q9D892,0.6708476580001816
Q60972,0.6518894960324927
A0A0R4J034,0.6271814744223715
Q60692,0.7177304766286983
Q6P4T2,0.5901583920960115
Q9D1M0,0.6524739757055992
Q64378,0.6563269081517795
P22907,0.6687842510592648
E9PXY8,0.6152312561796468
E9PUD1,0.6052099071046683
Q8BVF2,0.6122199857768198
Q9QZM0,0.616189431358366
Q6P542,0.6134218719480349
Q925P3,0.0
P99026,0.7176865004061674
Q61581,0.6400754218695186
O08738,0.6693084768960132
Q9DCS2,0.6391938728697635
Q8CJ53,0.6389593773475319
P41105,0.6640247409113641
Q99JI6,0.6770509868255069
P11031,0.6981174762788068
P14115,0.7001516062664697
Q62266,0.0
P62830,0.6740671263283937
Q91YN5,0.5976277827132561
P98078,0.5916911689193376
E9PXX7,0.6526269806380111
P55302,0.6217692960129377
Q3U5Q7,0.6339337483132641
Q9D883,0.6963948965744758
Q62009,0.6580255810627498
P97310,0.5858141589806426
O70251,0.6992881482704483
Q80X50,0.6172531828239314
Q6ZWU9,0.6598655435319417
Q9QYJ0,0.6628493892400925
Q9CZ04,0.6334426590129206
Q9CR57,0.7086849646607426
Q9ET26,0.6269589325641514
O70250,0.5608630873606233
Q61599,0.6931444384072958
Q9D8B3,0.7111547069669782
Q9D7H3,0.6065872540002861
O09167,0.6891552615640756
Q9Z0P4,0.5805586102654728
Q8CCS6,0.6069987096866132
O35226,0.6664400241902093
E9Q4K7,0.6425215351875683
Q9CZU6,0.6794988672697317
Q8JZK9,0.6143947041109705
Q5SF07,0.5538190634717128
G3X9T7,0.635837155973703
Q3TDD9,0.5935583506068588
Q8R059,0.6246869902722583
O54879,0.6332459982371924
P13634,0.6396523397284182
O54962,0.6839397636825408
Q8K2Q7,0.6413942071155406
Q99NB9,0.6444186140994059
O70591,0.6600152201772346
P62627,0.6429656426573618
Q60994,0.7262445453190848
Q8R317,0.6653446739655969
Q9CQR2,0.6831848092829859
Q03734,0.6856209609488428
Q9CZM2,0.7011185022818692
Q99JX4,0.682608017324844
Q9D0W5,0.6585387878867613
Q6P5E4,0.5819454363447388
E0CYV0,0.6862825024604162
P45377,0.6762136462170096
Q9R062,0.6420961821322092
Q9JKB3,0.7650056032568014
Q9QUH0,0.6891358767687523
Q8BL97,0.6728841404900362
P59383,0.6508424079790763
Q08093,0.5727339996810819
Q8BH97,0.562437953843141
O09164,0.0
Q99MR6,0.6295725551296686
J3QNU6,0.6779872319051032
Q8VE62,0.6254783779699516
P82343,0.6252255869253703
P51855,0.6459854536165675
P61089,0.745969760294106
Q9D8S3,0.5958320972490749
Q3TJD7,0.6893087239594595
Q61759,0.0
Q6PHZ2,0.6824977719875148
D3Z5G7,0.6113011065551947
E9Q740,0.6034852315894754
P97807,0.6645131199835289
Q9CR70,0.6462031147522296
P70195,0.7084239150639533
P35441,0.5342456127312184
P70677,0.6825750693629218
Q9DBC7,0.7044415843905383
P84091,0.6513566495630052
A0A075B5V1,0.6584652108881693
Q60676,0.6296791386463524
Q9CQE8,0.6300572411764036
Q01730,0.7040039503341082
O35127,0.6087396207400748
P62869,0.7379773434695799
Q7TT50,0.59510837520688
A0A6I8MWZ2,0.6377828396765922
Q920E5,0.6706979254072778
P53994,0.621731038007467
O35864,0.6676775713465832
Q7TQH0,0.5510712364971655
P62301,0.6837131140950553
Q9JJU8,0.6869193110200716
Q8VBV7,0.6598749022938407
Q9CYI4,0.587941717181344
Q9D1Q6,0.6791228167783324
P09041,0.5720170044167894
Q91VM5,0.6200654375104626
Q9CXI5,0.6530262116521167
P47857,0.6450421528053203
Q91VF2,0.6928170600816996
Q8BVQ5,0.5893364841770841
Q9DB29,0.6573530204687202
Q5SUH6,0.592456059698666
Q9DB05,0.6172615864751491
O35344,0.659053934693663
Q9CQW1,0.6005572033746182
Q80UM3,0.6628197704871691
Q99P72,0.5658524660152621
H3BKR2,0.6942639271463169
G3UX26,0.5540450130682215
G5E8V9,0.5997460712511783
P83940,0.6856185824713213
Q7TNV0,0.6512130253539113
P27641,0.5893848469741233
Q6PDQ2,0.6651588880617002
Q8BX02,0.5797909930915166
Q6ZQM8,0.6487098037750781
F8VQJ3,0.5901147355115778
Q8K2T1,0.5928413671481627
P16301,0.6427251461364756
Q8VEE4,0.5645872438648037
O35309,0.6031684137573138
Q9D0T1,0.6781465635093041
Q7TMM9,0.8149174227411828
Q66JS6,0.6279460632340483
Q8BP56,0.645499354359465
Q64339,0.6374652101259357
Q8VI75,0.6711899134105883
O08585,0.7260823278580487
Q62084,0.6023037185988307
P21550,0.6134595728931319
A0A2I3BR29,0.6555842048821244
P62897,0.6439763184243533
Q8R574,0.6417562448931382
Q70IV5,0.5190374027073736
Q922D4,0.6251379471109485
Q68FH4,0.6784699788037338
P01899,0.636339066441473
O35593,0.7096355380842089
Q9D8S9,0.6285615949687465
Q6ZQK5,0.6173196482086923
Q8BKG3,0.6252798146165702
Q60739,0.6424690565582526
Q6P9R2,0.615549914939035
P51432,0.6098770714407484
O70172,0.618704108453284
P97311,0.6001434737053689
P23780,0.0
A0A075B5S2,0.60850529382796
Q8CFZ6,0.633323627606582
Q91YE6,0.6259184942150854
Q9CX56,0.6733634888894025
P01887,0.734849845584567
P12246,0.6200105292737124
Q9JM76,0.7669833989670464
Q9D8C9,0.5793202704117021
P84089,0.684873930031267
Q9DBG9,0.6380271083607227
Q9CR50,0.5607880893064706
Q9JJV2,0.6572025438431517
Q9WUU7,0.6394845409995812
Q9CRC9,0.6205632830190326
Q8CHP8,0.6615756106037756
Q8VCS0,0.6090313435469331
Q3UMT1,0.5559695081829167
O70555,0.7342984734167555
P62267,0.698075061907483
P62071,0.6351668172539738
Q61881,0.6202435861475887
P12815,0.6274516638670595
P70671,0.5593177869878204
Q5BKQ4,0.6419419440857799
O54782,0.5921854487468002
Q80VD1,0.623165824209363
A0A1L1SVK0,0.6572129267571951
P62996,0.6228294346194305
B1AQF4,0.6348986916743173
P08074,0.6283693556027915
E9QJT5,0.6628721959953169
Q9EQ06,0.6662276151051095
A0A0A0MQC3,0.648885329927393
A0A0A6YX73,0.6566040258057606
P52623,0.7086086945902531
P14847,0.643420873353339
C0HKG5,0.5341005563286193
Q920Q8,0.5769116025415234
P97823,0.664034970315618
Q99LC5,0.6292621087602965
P09581,0.6475650062755375
Q8BP67,0.6616488560953224
P59999,0.7587468419230616
Q9EPK7,0.5886449468279467
A0A1L1SRG5,0.5935305402547291
A0A0R4J083,0.5473789302189169
Q8JZV9,0.6081469522688996
Q91WK2,0.6503825520354727
P16330,0.6261210824092248
A0A286YDF0,0.5833229044825697
Q8CFX1,0.6152646563971621
Q9D1K7,0.6395240488405748
Q8VHM5,0.6838591513332136
Q8BMY7,0.5787566395376942
Q8K1J6,0.6251328927341812
P20060,0.6802222205172058
Q8VH51,0.5909275812635953
Q64282,0.576195546050525
Q8CB58,0.6987553912917919
E9PUA7,0.6701333247253338
Q3V2J9,0.0
P27048,0.6346348886417271
Q68FF6,0.6159830994864902
A0A0G2JES3,0.6366321503052108
A0A2I3BQE0,0.6358040378400396
P56380,0.6267837816873046
Q8CBB7,0.6692321369558217
P31532,0.6340118893183134
Q99JX3,0.5603002749744956
Q9D1C8,0.5999322533730688
Q99KR3,0.6335296906482558
Q9JII5,0.628811602118676
P70288,0.630804617763015
G3UZ30,0.5791084575275327
Q9D281,0.5365622648713482
A0A7N9VR94,0.6780376595853459
Q8VEE1,0.6317342858369651
P70303,0.5855455524443324
Q3TCJ1,0.6158257579219878
Q9DD18,0.6452231360975156
P45878,0.6181612061288879
P62320,0.6760718675894247
Q8BGC0,0.5949654260170132
O54774,0.6616856527116288
Q8VBT9,0.552346764523689
Q99PG2,0.602422714123081
P13745,0.7040438543471115
Q9CQI3,0.6765399415903532
Q9JJN5,0.6246679128747018
Q3THG9,0.6304294145490791
A0A0G2JGI9,0.6417546958984097
D3Z7C6,0.7646714330807752
Q9DB27,0.6320138692275653
P50428,0.0
Q9D7I5,0.663266175418775
P51910,0.5891673959678887
Q9Z1T1,0.6204627010384857
P01644,0.6415220693090723
Q6P5G6,0.6279618031067993
P51163,0.5510481467480545
Q8K1R7,0.6068498742023165
P06869,0.5220132737785548
Q8K0T0,0.637865395801517
Q8CG03,0.5895247607363451
Q9DCL8,0.662500350695775
D3Z5N2,0.6618105180430089
P52760,0.6463798611887522
Q99LI8,0.6657086064803522
P84099,0.7083049845878097
Q9DCH4,0.6893985428117292
A0A075B5M7,0.6890626917219816
A0A075B5R5,0.6649393339013758
A0A1L1SSH9,0.7217069542705952
P41317,0.6295179485221377
O70318,0.6547093139454284
Q61584,0.6289190572762536
Q61398,0.0
P41241,0.636290770160783
P47941,0.6450434502874999
Q61495,0.6617270286324176
G3UZ34,0.6224334935568846
A0A075B5T3,0.5868501027111275
Q9D0F3,0.6060291624293781
B1AZP2,0.6011443360277495
D3Z7U4,0.5859220225473675
Q9CQE5,0.569421300403876
Q99L27,0.6313259879964761
P47879,0.577096887597958
Q8R121,0.6854408223735549
P62082,0.7598740057297036
Q9JHK4,0.7199834036734583
P97346,0.6491389736190081
P31786,0.7388957653157523
O55201,0.5507545988940566
Q91VC3,0.8411849152742792
Q9JI46,0.6521484675518807
Q9QYH6,0.5802703683135875
Q8CJG0,0.6284745686652969
E9PZF5,0.6522756798045034
A0A2I3BQE3,0.6521466573452034
Q9CPT4,0.6239803626388528
A2ADY9,0.6810720827273707
Q3UWL8,0.6427377030686933
Q8K1B8,0.6017821506096173
A2ARV4,0.6481005187890586
Q9R1Z7,0.7025395334662436
Q8R010,0.6253688607283815
D3YTQ3,0.6803201466506708
Q69Z37,0.662674784625132
Q91XL1,0.6388515042526548
Q99NF7,0.5696858951168196
Q9WUL7,0.6439402368934981
Q99KP6,0.6206558084000827
P63325,0.6094674307915657
Q9DC50,0.6421715658002802
Q6W8Q3,0.6227136036031299
G3X970,0.609762820221031
Q9JMG7,0.6444134780036241
Q8CI32,0.5552238538242523
Q61191,0.6424523139264509
Q80XD8,0.5740968879956304
Q9D379,0.6261927563998252
P61750,0.6750877412122306
P39039,0.6504044004855816
Q9R0P4,0.6160072128445045
P35831,0.5790428626464604
Q9EQH2,0.5422553358419262
P23475,0.5645329854018067
P62806,0.6482356155396801
Q8BG95,0.6321049941734636
Q3SXD3,0.5994576986456676
E9Q2Q9,0.5795456766487359
E9PV41,0.6684792914032557
O70325,0.6228696070950711
Q8CBW3,0.5896026616907133
Q6PGB6,0.6543785221768945
E9QP56,0.64643199436037
P83917,0.669320540749632
P42669,0.6473633716340668
P57759,0.6146471233150532
O70456,0.6484715523916963
Q91VH2,0.6213955693616812
Q80XI3,0.5720757172299642
F6V6T4,0.6456593914229114
A0A0J9YU62,0.622309442157742
P18653,0.6528362337119853
Q80ZX0,0.6119252829519573
Q9D9G2,0.5906646437355254
P35802,0.640404440162132
P23249,0.0
P05132,0.6303054539361933
P67871,0.627122969498054
P31001,0.6532942009391133
Q9JLV5,0.6076396239017289
Q80SW1,0.6195434044088404
Q9CYH2,0.5763244708733304
Q9DBB8,0.6122855921502133
P70122,0.6338204569738545
Q8VEE0,0.6221715185766433
P49962,0.5857475431487782
P17897,0.7013596182322204
A2A432,0.6533445920231558
Q9WUA3,0.6410359525679227
Q60668,0.7873536949494394
D3YZP9,0.605824830406214
P70389,0.5580091642983641
Q8VDQ1,0.6706952597306157
P15864,0.6637263800577315
Q9D7X8,0.6232665460938338
P14069,0.7665120742395674
O70305,0.7897828648152897
Q8BH43,0.5774575863780873
P58044,0.658821891204353
P60154,0.0
Q8BYA0,0.5971616193018099
Q64337,0.5982779262700397
P18242,0.6378647417178102
Q6NXL1,0.8034529093324948
P20239,0.5107268843087918
Q9WVP1,0.631137258608727
Q8VED5,0.6476482044045243
P02798,0.6396904975526662
A0A087WNV1,0.5893174344340947
P25799,0.6520009656650619
Q8BH69,0.6409861872415423
Q9DCW4,0.7120291451692531
Q923G2,0.5962679943912408
Q07813,0.6516800104611208
Q64433,0.6486992331535413
Q8WTY4,0.6226527293427212
H7BWY6,0.6422488221092102
E9Q1P8,0.5898151850176095
Q3UJB0,0.5463860936994881
Q9DBG6,0.6276729713671193
P61148,0.6830025013635856
Q9QYJ3,0.6007130516802371
Q8K3W0,0.6449232279106833
D3Z0V2,0.603401586879276
P82198,0.6302925489202402
P57784,0.6588166457218703
Q6IRU5,0.6560661612694808
P47809,0.6742084545066532
Q91YZ8,0.6157734032336076
P09803,0.6944949938644207
B2KGA7,0.6281105150056889
P70274,0.6453058726662546
Q8VCI5,0.669344561001391
Q4KMM3,0.8489993393936095
Q9EPL8,0.6450084007679017
Q9Z0P5,0.6395010613299585
P61255,0.6902600230567354
Q8BY87,0.6331955322991439
Q8CH18,0.6157531186392357
Q9WTL7,0.7626137020089042
Q8CDG3,0.5908078182500736
P31324,0.5461607551019553
P54729,0.5990105616629043
P58871,0.5486095650666832
P63280,0.6604013905951498
Q8CHP5,0.6478140677426152
Q6NZB0,0.6351968727621372
Q9Z1R3,0.5939898329025278
Q6ZWZ4,0.699930347083738
Q9QZE7,0.6411614212456473
P97765,0.6531161440073947
Q3UJD6,0.6016642703430581
P61514,0.6171999733146725
E9PV38,0.6380136320924102
P15327,0.6295479685177017
A0A0B4J1I9,0.6321340493771642
Q9WV55,0.6096385935336233
Q9ES00,0.6232991004000688
O54983,0.6217462449674602
Q62074,0.5631875078706047
Q62419,0.6009151107107076
P49717,0.5911011987641221
Q8VDW0,0.5885804520024761
P26516,0.6566704103250994
Q8K0G5,0.0
P20352,0.0
P37889,0.0
Q8BVU5,0.6076249613635816
Q3UMU9,0.6216990205080971
P63276,0.6379729488956736
P12025,0.6033598584717067
A0A494BB95,0.6666917698289182
Q3TLH4,0.5215110522481757
P14106,0.6060531794569023
Q9R0H5,0.6088651317347734
P29758,0.6072650870811663
Q91WE2,0.559498667898927
P62307,0.6489668900660158
A0A0B4J1H7,0.5729820669666301
Q9Z1K5,0.6206279316598746
O08540,0.6067092516712401
Q8CI33,0.64103455659803
Q3THK3,0.6519445893101133
P27005,0.0
O88593,0.6373709221274699
J3QN89,0.5529999339814547
P97350,0.6014061879877747
A2BH06,0.6525611981094069
P61079,0.6044902193714944
H3BLI9,0.6646217243453414
A2AQN5,0.6195944874711977
P33267,0.5719978050230085
O35326,0.6099071843907822
Q3UH60,0.4977395767209015
O35594,0.5580471981746954
P41778,0.6107476723511197
Q8BVG4,0.5822009631949611
A0A0G2JGQ8,0.7347735328388116
Q99LR1,0.5478351245598637
P61965,0.5704170234480122
P30412,0.5893463400071299
D3Z6Q9,0.5598705004091086
O88587,0.6536411639809635
D3YYK8,0.5836504434381434
P62774,0.699410354742098
Q5SYD0,0.5827465704705126
A0A0U1RNF2,0.6045208598311775
Q9JLF6,0.613903847441811
P12265,0.6877100530619149
Q9Z1A1,0.6285292412648188
P62878,0.6472969752595202
A0A1D5RM23,0.6341752275279379
O08807,0.6833956877347671
A0A5F8MPZ2,0.7458016335762894
Q61249,0.5868357120756496
Q9D1M4,0.6439764323355621
O54734,0.5723010341151048
P70158,0.0
Q9CQ48,0.6624363012202711
Q3UHX2,0.6852056816285977
P28667,0.6213092675608963
Q80UP5,0.6445521184132446
Q60902,0.7080198310310818
Q80W22,0.5964309490147413
O09044,0.5600704904874215
P01642,0.5747502453699068
Q8K2F8,0.5886018910565287
Q9WTN0,0.6649070181041349
Q3TNA1,0.5925568611385282
Q9DCG9,0.6413899078889579
P70695,0.5859085598045866
Q61414,0.560531599006452
Q8CHH9,0.6452300416501482
D3Z660,0.5762685974989511
Q61087,0.6472914103222539
Q78JW9,0.6413980264956863
Q8JZL3,0.6006538399120199
Q9D0M1,0.6180081105680985
Q9CPX6,0.6140659400065118
Q9CQF7,0.0
P97816,0.6716362186868237
D3Z2H9,0.6804840019444173
A0A0A6YW06,0.5615610517285503
P97864,0.6012376266081644
P22935,0.6635795786888615
Q6DFW4,0.6622877441984365
Q9JHQ5,0.6123203616318906
P62855,0.6950811770602315
Q91ZX7,0.5228534521420956
Q99PV0,0.6588701546586118
A0A0G2JGU4,0.6081814621419415
Q9CR09,0.6304136604782244
Q569Z6,0.572023231443108
E9QJW0,0.5910348616394104
P08030,0.6983362950689752
Q80SU7,0.6602500132069705
Q922J3,0.5789399319141785
Q05186,0.5562840863398149
Q99ME2,0.5725924505187452
Q8N7N5,0.6032972291844637
A0A1D5RMM8,0.5802438035649078
P30933,0.0
Q8BM26,0.0
Q63829,0.5961215936705987
Q61391,0.6074042158032249
Q9CR26,0.6516241953055316
P10761,0.6048990807270408
P62849,0.6616746443708966
Q9D1G1,0.6287623804179612
Q9QZQ1,0.6016858665597394
Q9R0M5,0.6052159899646057
P61971,0.680318075348819
P61327,0.6580976315556376
Q9QY36,0.5820638305156217
P62315,0.646571653298653
Q8CG14,0.6288735568525639
P60840,0.0
Q3UN54,0.0
Q6PGF7,0.5796659568487913
Q91Z40,0.5263846493078033
Q6NXH9,0.7242321018557704
Q99JB8,0.5353909479096812
Q02248,0.477824829233354
Q9CQJ6,0.5833898801413537
Q9EQ32,0.5906851125235066
Q9D0L8,0.6382974326134955
Q7M6Y3,0.6443506755879259
Q8BH93,0.5909575588492809
Q6PIP5,0.6183797674725122
A0A338P7E5,0.6624721712470559
Q99JI1,0.5835748657129654
Q6P5B5,0.5136622461383982
Q9EPN1,0.6108212881557139
P49182,0.7647328072534477
Q6EDY6,0.0
A0A140T8M3,0.5993715516727665
Q9WV54,0.6312812941945123
Q02105,0.5916845485744346
Q9EPB4,0.6627234731620417
G3X9C2,0.6205434506752481
P83741,0.661683121206118
A0A0R4J092,0.6189409116736954
A0A0R4J140,0.6279731654088124
Q9CWW6,0.8049181143563624
K3W4Q8,0.6223134363029037
P01592,0.6234921585422362
A0A0R4J256,0.663170872666157
O88271,0.5900166885830255
Q9ER72,0.5728224435183065
A0A5F8MPP7,0.6530207732725236
Q9D5V5,0.6705901653140826
P70333,0.655370377703331
Q9Z0Y1,0.6350380690217504
Q9CQH7,0.6464276410228991
Q6IME9,0.7094543177644327
P36916,0.6077479010744131
O09114,0.626635211531317
E0CYT5,0.5945373335043874
A0A1D5RLN7,0.6671636673532104
Q9D358,0.68289499020206
Q9D9X8,0.0
Q8VDG5,0.6080814438049319
P49442,0.5802053233905444
H3BJZ9,0.7158786315569612
P84104,0.7161654267291537
Q8BFZ9,0.5903624413575315
Q61187,0.6281104918528291
P62257,0.5850368677835782
H7BX88,0.6020328595091287
P63087,0.69665252846162
A2A5H4,0.5682581354606515
Q3TEA8,0.5895637435215564
Q99KW3,0.5637709468736697
Q3UIA2,0.5477482391990549
A0A140T8M2,0.662902519270374
P62900,0.6947416147601038
Q8C6B0,0.6219630446141154
Q8K2V6,0.5139106272237318
P62311,0.6148007393940726
Q7TMC8,0.583141884586716
P46414,0.6201495676849115
Q9QXZ0,0.5598803877282984
Q62048,0.6766305591403294
Q91V12,0.6208519332517043
P18419,0.62049520866031
Q6NZN0,0.7192019502218527
Q3U0V2,0.0
G3X957,0.0
Q8R4K2,0.6148205577316433
P62852,0.659982092507149
G3X9K3,0.6741389510592072
Q9Z1W9,0.6053393265321456
Q9QY24,0.49712321861888437
Q62159,0.6248584344887685
Q6P2K6,0.6014061838124931
P28867,0.586569701849706
Q6ZWZ2,0.6011280895992202
Q8R5H1,0.7241102908443723
P56375,0.6321456120842689
Q9WTZ1,0.5720432168143676
Q9WU84,0.5746309899775377
Q9D6H2,0.587153480399557
A0A6I8MWZ0,0.6153694990332976
P10493,0.6040021300628665
Q9CR86,0.6115814810709748
Q9WVL0,0.6101863506516711
Q9D2R0,0.5971567414837543
Q9Z0G0,0.5271747851858846
Q8BUK6,0.6428707842362836
Q9CY66,0.5331863542050309
P60824,0.616518137180241
P06683,0.6260802001603162
Q6YI28,0.0
Q8CBY8,0.5677572883081345
Q91VA1,0.5630979617189316
P97425,0.6510885660481718
Q60866,0.5627891984038323
Q9Z1R2,0.5582579126659077
Q3UI43,0.5728899352398696
O54984,0.6357517288430702
Q91ZR2,0.6128440363660361
O08784,0.5318379617482794
O54833,0.5344219262631217
P10922,0.527950383647122
Q9D8C4,0.6768325772569139
Q9JHH6,0.5977790098002242
P67984,0.6546251797516509
Q99J83,0.5760355280908588
Q64669,0.5562985977159668
Q3UQ44,0.5484594455134872
P43275,0.6662109089359856
Q9ET54,0.596492743416803
P49586,0.6101109481419235
Q9CQ92,0.5938507190276103
Q8R409,0.6231353835475013
Q9EST4,0.5899428804702767
A0A2R8VHP3,0.7503556971326095
Q05920,0.593394896924241
Q5M8N0,0.6315746556694085
Q921J2,0.5733660062836714
O09043,0.0
Q9JJ28,0.7025189652765232
A0A075B5V8,0.6830253140729586
D3Z598,0.5956841807044353
Q64345,0.5926381024117213
P56394,0.5518343013971104
Q3TBL6,0.5799354418321576
P56812,0.615010373953052
Q60596,0.5061208161434626
Q8VCN6,0.6232183285719032
Q0VGB7,0.5536527440052789
P01675,0.5752050921615538
A0A075B5R0,0.5687289673468731
Q9R008,0.5062520219046559
P63166,0.5892764540577682
Q61371,0.5561256922418469
Q9JMG1,0.6190748910342294
P18528,0.0
Q9WU28,0.6561111534967017
P09055,0.5829471541434086
Q64314,0.5587732346634342
Q8VE47,0.6363568425383984
A2A7K5,0.582954249309577
P09813,0.7257709719129116
Q8R0H9,0.6872246656476841
P61021,0.0
Q5SWU9,0.5284560460237052
Q9D898,0.5363087074334953
A0A1B0GSF9,0.5859831602492401
P11404,0.6446976380478682
Q9DCH6,0.6111398246120198
E9Q0F0,0.8364334702364409
P61957,0.7243498754783398
Q80U87,0.7028038582771874
Q8R2S8,0.6136524821472555
P54726,0.630345335306816
Q02788,0.6550515873347554
Q9JHW4,0.6287141114506074
Q8K0Q5,0.5737071196453603
Q69ZN7,0.6618931775416916
O08800,0.6182419965088896
P52430,0.6975330315700426
Q8BPB0,0.6336551628737536
Q63810,0.5800375712568716
Q9D0M5,0.6696784748630277
P01638,0.591690320132007
P81117,0.6113178297094977
Q8BW88,0.6579275839154659
P51437,0.0
Q78JE5,0.6213556882682908
Q9Z2X2,0.6028776586092399
Q2NL51,0.6206036272297946
P23578,0.5705158432720717
Q9D820,0.5806207563202342
H3BKU1,0.5367363759960626
Q9JMA2,0.6919759474270348
A0A0R4J0H1,0.559969825501102
A2AQ19,0.5146614697353695
Q9CYA0,0.57382276731543
A0A075B680,0.0
Q9JMI7,0.6091354300249908
P55292,0.0
Q9R059,0.5304723596280904
Q8VEN2,0.6752827359455518
Q8C0D5,0.7109970299436035
Q9R1Q7,0.5824178331839438
Q9D263,0.6051911428153486
Q8R3C0,0.6051764492355917
Q9ERF3,0.47703360590100424
Q9D967,0.5343771959342228
Q8BP92,0.5407560026839476
Q3UMF0,0.4779081136076921
Q921K8,0.6042342503051801
Q9Z2V5,0.5344408764472999
P10404,0.0
Q9CXL3,0.5607451559600724
Q9D0C4,0.538554317577214
Q91WG2,0.5394360399008806
Q91W89,0.5739834996089751
D3Z3B8,0.5844220520138956
Q8VD62,0.7445264423450852
P05480,0.5823650071472188
O08759,0.5718161297639287
Q8R5I6,0.6328405668188982
Q6PAV2,0.6025966367470728
D3Z4U0,0.6199373138348333
Q6IFZ6,0.6734605086638547
Q8VC30,0.5770936213044303
Q60590,0.6940055672190469
Q6ZWM4,0.606139759299988
Q80UY2,0.5240195696854436
P30115,0.6537042280788995
P37040,0.578770864559661
Q3UE37,0.6144414321393864
F8WHM5,0.5290541857971023
Q9JKV1,0.0
P0C027,0.6337427676862186
Q9QVP9,0.6202216050434114
Q8BGZ7,0.6898761233873604
Q8BGB7,0.5918033911235395
Q9ES74,0.589295830336398
Q99PP9,0.5235130674268857
Q9JLV6,0.558353917989509
Q80UW8,0.5642438202730542
P32233,0.5522458816221137
C0HKE5,0.6709018421448196
Q9D1J3,0.644010055940492
Q3UFY7,0.637038559733874
Q9CSU0,0.576138698921374
Q8BMK4,0.5838717693150991
Q9ERG2,0.5909163434801331
Q8BFW4,0.5113652041281922
P50518,0.6225904184608819
Q9CSH3,0.5205808252505312
Q9DBH5,0.6718418901936424
F6Q404,0.6709018280940361
Q5EG47,0.5424113721481817
O70494,0.4880371749152349
P62748,0.5790168018009322
Q8BHZ0,0.6042780808327568
P08730,0.0
Q61406,0.6085490538474576
Q9WTX2,0.5677383649186866
O88811,0.5531683297706176
P49138,0.5913723918470297
P07091,0.5974979367156056
P15501,0.0
Q8CES0,0.5849244941215177
O70492,0.6343168188418196
Q64012,0.583009519568571
P02301,0.6823650257573386
Q8BGR9,0.6571295402714731
G5E8R1,0.5925402547269344
A6H5Y3,0.5548465930813525
Q9JI90,0.5144644977076402
D3Z3N4,0.5579331053312004
O08638,0.6334121765264256
P00015,0.0
Q3UHJ0,0.7923585802734013
Q9D020,0.606750547562044
Q9CQ86,0.5793350319500052
P00375,0.6150199672489576
Q9EPQ7,0.6453348386036569
Q792Z1,0.7066092056014714
A0A0N4SW28,0.6016178368593991
F8WHV1,0.0
A0A5K1VVS7,0.5216710833006863
G3X8R2,0.557217066096504
A0A140T8N7,0.5525788674294909
Q8C052,0.5481579567568736
Q8R0F6,0.5484748672223385
Q9QZ73,0.47795646324859714
Q9ERE7,0.6536508696128638
D3Z4J5,0.5389898182863662
Q99JZ4,0.5782062789789574
Q62241,0.6020324969838735
Q9QXA5,0.60642075051427
A0A0R4J065,0.5338891138252444
Q8BSH9,0.6073344726001322
P53986,0.5752170958431012
Q9D832,0.5476767644986376
Q9ESL0,0.5422824064477657
Q9WU63,0.5519517979031502
Q9CXY6,0.5851469767990843
Q9Z183,0.6953015870332644
Q6WKZ8,0.5001364941552003
P08905,0.0
Q9JMA9,0.5758783231090467
Q9QYR6,0.6114613197764939
O35955,0.607306755518736
P40240,0.6459510547923424
A0A0B4J1I1,0.5311926324165368
D3Z1M1,0.6442229243320196
Q6ZQI3,0.5218274177055583
Q9DAJ5,0.5768788331916086
Q8BPU7,0.5124676420289369
P50289,0.0
Q5SVR0,0.5107793265178329
Q3TIV5,0.5746138281251398
P32037,0.0
Q921I2,0.509351256248095
O35682,0.5657554474776616
O08749,0.5806149199381103
Q8BMS9,0.5474400175734031
P54731,0.5896452829394702
O54916,0.5439628209511607
Q8QZT1,0.579773578672173
Q8K0U4,0.0
Q9ER00,0.0
Q9D1T5,0.5449260347146389
Q52KI8,0.6361988315027336
P39053,0.5873919702518282
Q9DC51,0.6042168607294699
Q71FD7,0.592511740033799
P49935,0.5835265786216972
Q8R5F3,0.6243185315079638
Q8C4Y3,0.5719512472949553
Q8BGS2,0.5604534135095274
Q9DD02,0.6000797843627925
A0A3B2WBC6,0.6004588325856737
Q9CZH3,0.5419214356613654
G3X9Y6,0.5279189657956453
A0A0R4J0H7,0.5497619995896401
Q9R190,0.5747886768910764
Q63805,0.0
O89023,0.5374987484362617
Q9JI48,0.5589713644674016
Q08288,0.47928002359550154
Q60648,0.0
Q9Z2A5,0.5598923015566188
O35382,0.6776009856445137
Q9JHJ0,0.5823731313687892
Q8R3G9,0.5274135099412156
A0A668KL36,0.8072660215255107
Q8R1A4,0.6132767613788089
P70445,0.0
G3X8S8,0.569174960052989
P97471,0.5839228367844824
A0A1B0GSM3,0.49452128095262593
Q9QZZ6,0.0
A0A498WFS2,0.684331734407368
A0A075B5P1,0.5494108044743783
Q9CYN2,0.0
Q8BHL8,0.7440453357553379
A0A0R4J1E8,0.5766428346463595
Q3V1L4,0.5869274050068394
Q8K2Q9,0.5734741296804937
P63082,0.541631550875028
Q9D787,0.4750245544855301
L7N1X8,0.5957648504903584
A2AF33,0.6458029684705943
O55013,0.6697957392541012
Q04207,0.5570108580889246
Q9CQD1,0.5568866853135179
Q9ERU9,0.5530911952311547
B2RY56,0.49441634735649065
D3Z4S3,0.6594245473296849
Q61189,0.5781688855680596
A0A140T8N5,0.5626257679888802
Q8VCC1,0.564470056247561
P70399,0.0
Q6P2B1,0.5009364319314237
A6H5X4,0.5509930958919836
Q8BH95,0.5934985742568907
Q91VR8,0.0
Q60949,0.5670278099291485
Q6PFR5,0.6079587771762754
A0A140T8M0,0.6535874040217445
Q62000,0.6309560960132006
A0A0R4IZY6,0.6556015670059147
O35566,0.5264141727839297
O55229,0.6128240849703449
Q9CQW3,0.0
Q9QZ06,0.49637970305246626
Q03963,0.5379609920385495
H3BJ82,0.4826585303523756
Q9CRA5,0.510167788121424
Q9DC16,0.5713942179115994
P25688,0.0
P01630,0.539973249898062
Q6NV83,0.5703548448528898
P47880,0.5550053592674661
O88312,0.5307472033922979
P01635,0.6285700158184439
A0A0R4J131,0.5903635949420892
P61759,0.6212168618338164
P62892,0.5975451314690182
P61028,0.5390354277343034
F6SJM7,0.6305662070739981
Q80YR5,0.5687051134989327
Q99J45,0.5266423437197665
Q8R0A0,0.6186498860371048
P55258,0.6770703840893788
Q64444,0.0
P13595,0.0
Q91XF0,0.6072726302843267
Q6PEV3,0.47930357590563943
A0A075B5N4,0.5255751019247873
P35762,0.5430609523466052
Q91XD2,0.5963693101764193
Q8BMA6,0.5925230794736038
A9JTY7,0.0
P97431,0.6035336649953187
Q61107,0.5423142566033045
Q9EQG9,0.5690831106078904
O35901,0.6895348106602586
Q9D103,0.5947790313404479
Q61024,0.5096448054584796
O08547,0.6015377579774759
Q60855,0.5330524364767419
Q9D1K2,0.5808723924524893
Q5SUF2,0.6098634977137289
E9QLB2,0.5763170332095192
Q9CQ80,0.6339327391862026
A0A2I3BPG9,0.6807181072163109
P83870,0.5508055248575102
P55065,0.591020826577579
E9Q3Q6,0.45285874889645117
Q3TC93,0.5707529201306938
P35282,0.5271371881406999
Q61151,0.0
A2AFQ2,0.528918240401931
Q8VHL1,0.6464827557876979
D3YZZ5,0.6800626054815949
P04247,0.5480996638134832
Q99JT2,0.5506398432643262
F8VPL5,0.631773621724073
P98086,0.6521881302731233
P16254,0.5352446972481377
Q8R5F7,0.8586028540366151
P17095,0.5636692328179298
Q91V77,0.6321049821364023
P35550,0.5587348165971422
Q80ZQ9,0.5031658182211153
Q80X73,0.5197643877466477
A0A087WR57,0.5427737023738655
Q6PD03,0.630670057828081
P97352,0.5810972279191396
O08976,0.6571536579077631
Q8BVA4,0.6878096125623488
A0A0R4J138,0.5003305800290608
P70124,0.6032065124556822
P32020,0.5436127846584946
Q8K023,0.592669880855606
P15379,0.5144362273797168
Q6ZQ58,0.5734913960918433
Q9D1D4,0.6855509593928164
Q9JHL1,0.5487948008951647
P47968,0.6639160430501456
G3UYV4,0.5770577071722401
P46737,0.7177964259046509
A2BGI8,0.6026742023962459
Q8VC31,0.6616143797954402
Q9ESY9,0.0
Q6PDG5,0.0
Q6P6I6,0.4971816067439685
Q3UV17,0.8636550094648705
Q6PF93,0.0
P70362,0.5799610257531398
Q921U8,0.5576938038152147
A2ATP6,0.433545258276523
Q80UK0,0.550023651803716
A0A2R8VJV3,0.5911073845405501
A0A087WNT2,0.0
Q3UY34,0.4454379518994862
G3UZR1,0.6307991976946955
Q9D7S9,0.6960343124609184
P84096,0.0
P17426,0.5829908189907612
Q922E4,0.54354142797079
Q61473,0.42153352610929606
Q61268,0.5700050204977243
O08992,0.587273324151555
P68373,0.657337410268662
P97821,0.5248968532878711
Q91X96,0.5981509287313905
A2AQ45,0.570025995105675
Q8CIV8,0.566870960813697
O35969,0.5663374107643719
Q61239,0.579500465332034
P21279,0.5298242852174436
Q9CRD4,0.5750985746127638
Q9D0J8,0.7692348928445221
Q8K3G9,0.5477209297225011
Q9CXF4,0.5852191019216397
D3Z6I4,0.5993024411707694
Q80UY1,0.0
Q91VW5,0.47047748009556406
P24668,0.5865003982170635
Q9Z320,0.618866935300355
A0A140T8N3,0.6154859930434369
Q9JMD0,0.0
G3X982,0.5946447316107836
P29595,0.6855813036412672
A0A0A0MQA5,0.6621896631277764
F8WHX2,0.6254592276796145
Q9WUD1,0.532189816736782
Q8CHW4,0.6046660234141286
Q8BYZ7,0.5272657237742431
Q8VDD8,0.568439526765316
A0A0G2JFZ3,0.5543475821977443
E9PX53,0.6773663468007606
Q9Z2L7,0.0
Q9ER67,0.44242783134199193
Q9D8T2,0.5773826509543711
P35492,0.6006752172315374
Q923L6,0.6144565055470365
B0V3P6,0.49010137849574525
Q5U5V2,0.5390917537235772
Q9D554,0.5410115826539362
Q91YH5,0.6943850335291418
A0A0A0MQ99,0.5725271498938654
Q8CGY8,0.5990761804371343
A0A075B5R2,0.5347553080976916
P61963,0.6045932109698675
Q62172,0.44812215929261046
Q9CW03,0.5252172134763909
Q80UP3,0.49114409646934915
Q9D0K2,0.0
P29452,0.5700043900473593
Q06180,0.0
P62858,0.6108277371956858
Q80V42,0.5116586310551912
Q8VC03,0.4640187464830542
P56389,0.5499805947730765
P01132,0.0
D6RFU9,0.5633137609949288
A2AJI0,0.4554836113301531
Q9D0B6,0.6163131963829589
Q91X43,0.475847528309139
P35585,0.626645022684977
P54116,0.6206512471076753
Q05144,0.0
Q99L20,0.6675513278855628
O88842,0.5374126125671769
Q9JMH9,0.6531183589247859
P21570,0.5772498199507567
Q8BIJ7,0.5210105770099883
E9Q6J5,0.0
P62313,0.0
Q8CAK3,0.541515465654274
Q9R269,0.5412835037949572
P54103,0.5410394640972528
Q61475,0.0
E9QP49,0.5289431579167764
Q8CD15,0.5650704495160866
O89017,0.5783283456453208
Q9QXB9,0.6035528969739112
A2API8,0.5706264402448096
Q3UPH1,0.5839968120401302
Q08189,0.6004108186368495
Q63918,0.573419474880574
Q9D708,0.5874338795794775
Q9D309,0.5134484181012737
P28653,0.5822247749546741
Q80WT5,0.6096295536387235
Q9D1R9,0.6431970012418262
A0A0R4J0R1,0.5601512556865066
Q8BHD7,0.5844639143969808
A0A1L1SS27,0.5628491470325251
Q9DB16,0.0
P01680,0.5645793405652438
G5E911,0.617218386726906
P51949,0.49594572491563926
E0CYW1,0.613445373737908
Q6ZWV7,0.6420284591409376
Q8VD75,0.6078784736620515
Q8CF89,0.5301036972951423
A0A2R8VHF9,0.5237273760565144
Q8R5F8,0.6326665720972393
Q9D0B0,0.5766208309524722
F8VPP8,0.5714730098302881
Q9DB34,0.0
Q6A026,0.5123632942665719
A0A0A0MQF5,0.553547723565906
Q8R550,0.6777303939692714
A0A0A6YXN4,0.5612995038369577
Q9JK23,0.0
Q99M31,0.6707696354915567
Q7TQK5,0.5675627366342947
Q8CGF7,0.6316786127780886
Q8VE70,0.6172844148634314
P62274,0.6096399209541089
Q9JJI8,0.5638058804840713
P08207,0.6815582768723039
Q3V140,0.5611212020274576
Q8BXC6,0.538472936140087
Q60575,0.0
Q60960,0.6090709894728034
Q8VHN8,0.5347581301757904
A0A0B4J1J5,0.6117187050027488
Q7TPR4,0.6240869168605555
Q924Y0,0.5441810675867841
Q91WP0,0.5380513733404495
Q8R5J9,0.6185548878815417
E9QKI4,0.49261946315809235
Q9EQI5,0.5822356910387926
Q99LN9,0.0
Q61749,0.5878551427554555
Q3T9E4,0.5960493640938642
G3UYF9,0.5765270552069103
Q8CIH9,0.0
P09671,0.5793776593653688
Q8CCP0,0.4639881289889673
A0A6I8MWX0,0.5559566918586601
Q80XU3,0.6473382464894105
Q91UZ5,0.5909120439245182
Q61878,0.5996853036102013
P01901,0.0
Q924H7,0.45903051292225694
Q99KN1,0.0
Q99J99,0.6202326908484648
E9PWC8,0.5126306249983504
Q9CQ71,0.5607115513680535
Q9Z120,0.5862787210748792
Q99M51,0.6417521743853516
P62835,0.5462181249570217
Q3UMB9,0.6222977185853594
Q9WUP7,0.6487242489465642
Q8CGE8,0.571068288549896
O08848,0.5838260316297228
Q3UYI5,0.0
Q9JLM8,0.6429091200012039
Q9ET66,0.6924467023008983
E9PYG6,0.0
Q91WN1,0.5271907455499574
P04627,0.5383511847322034
Q8R2I5,0.0
Q9DCB1,0.4864255257605444
Q3UGR5,0.5626737341417517
Q8BGW1,0.5577353818434252
P02089,0.6044257134491807
Q9D071,0.5076578901929721
P17047,0.6151023855807937
P62254,0.5627898827181286
O88968,0.576430129093464
A0A338P7L8,0.6009810921359525
O88384,0.5464157857698169
Q80TM9,0.6067163794563063
O35551,0.6247381352832946
P51660,0.521417292599387
P34928,0.6246375658515558
Q9JHK5,0.6647449206200844
Q6NZC7,0.6530386978027733
Q8K205,0.6341903441383553
Q8BR90,0.0
Q64478,0.6501881029282813
A0A0G2JE31,0.5247180953154229
Q9QUJ7,0.0
Q91YP2,0.6106693500954277
Q9JL16,0.5609976413950508
Q7TN75,0.5352765974567186
Q00899,0.0
Q9D115,0.5986737960834755
Q60996,0.5535843257385777
P29416,0.6124030722875557
Q8BVW0,0.4714890052092587
Q9Z331,0.5725752606052265
Q9D9V4,0.5185556504843889
Q61595,0.0
Q61687,0.5271335835703376
P61961,0.6424101999416104
A0A338P7B7,0.6479877419752859
Q60749,0.6131539686053347
Q497I4,0.6865502188572378
P62843,0.674180208796536
Q9D6N1,0.5258009309822144
Q9CZX0,0.5647550219176685
P98083,0.0
Q6P3D0,0.5875994184779997
A0A0G2JFA8,0.6088641375284475
Q9JIK5,0.6276052050785182
Q99K28,0.5310637302765935
Q80UU9,0.6110606261731958
Q9Z0F7,0.5881360355773544
A0A0A0MQC1,0.6263741902698515
Q8BLY1,0.562621603146664
Q3TRM8,0.0
P01655,0.5934930512359314
Q9D4I9,0.510723540568927
Q9WUM5,0.5456276884087258
E9QKC6,0.0
Q99LC8,0.0
Q8C1Y8,0.0
Q9D5A0,0.7177740731014213
Q8K3A9,0.4393457364580715
Q9QXD8,0.4847494579397947
Q99JP4,0.5435157458132696
P21956,0.5818395226674369
Q8K003,0.6331274404574982
Q60823,0.6487458196820457
A0A494BB18,0.5154404706167965
P98064,0.0
Q9ES52,0.5362387602394276
A0A075B5Y1,0.0
Q8R1V4,0.544975557485047
Q9QY93,0.5393509586661079
Q9CYU6,0.5198598939152699
O55142,0.5496577908975385
Q8C5N3,0.6115108710826123
O88622,0.5548054432024923
Q02789,0.0
A0A075B5R7,0.598007698047358
Q569Z5,0.6738858260165543
Q8CFE8,0.5323728317097204
H3BJM1,0.48718022645987785
Q6P5B0,0.5737224109857721
Q91YT7,0.5487657451692322
Q9CU62,0.7100438175265712
Q9JIW9,0.55662321650829
Q9Z0R4,0.5893331451875851
B1AVD2,0.7076467708122901
Q8BWR2,0.5042269048962948
P61804,0.586351792707113
G5E897,0.6189359589950993
Q9CQS8,0.6025313550012653
Q6NZF1,0.5348739067606131
Q9D6Z1,0.575301578862637
Q62077,0.5538564944668704
Q9R0Q6,0.5019004664662293
Q8VEH6,0.4986213761543193
Q91VJ2,0.5273884027984226
Q99LU0,0.0
Q810A7,0.5725584707961605
A0A075B5T2,0.5841739369961634
Q9CWS0,0.5132792386389341
Q8BRF7,0.586697508168635
Q9ESX5,0.49903598501618623
Q8VD04,0.48492866741379154
P56387,0.6206715898904575
Q920Q6,0.5418533219057019
Q923L7,0.598237836032166
Q61686,0.5808259638654256
A0A0G2JFE9,0.6047871143917444
Q8BXG3,0.5061793369644264
Q9QZB9,0.0
Q9JKY5,0.5711389849800161
P97927,0.5470887713949186
Q8K124,0.4980470282216457
P16294,0.5672217635122485
Q4KML4,0.6621768224558279
Q9CRB2,0.5054422302687158
Q8C460,0.6017823754680303
Q9ERL7,0.5563501473562573
A0A075B5S6,0.5662564143601302
A0A140T8P3,0.5724051830897462
Q91YJ3,0.5472906610321819
O09110,0.5237773149533214
Q9QYB5,0.5084919597848405
Q6PAR5,0.5390374877647883
P59242,0.5307801323680316
P52927,0.0
A0A338P6K2,0.6356991927842393
Q8BFQ4,0.5616391838437288
Q3U0K8,0.47637051897922805
P20108,0.5303685655613591
Q91V36,0.6048644023466943
A0A0A6YWI9,0.582619999325801
Q8BI79,0.5297349279135193
Q9D5V6,0.0
Q60715,0.6246459279378116
Q9CQX2,0.5843955138603826
Q60772,0.6089452670686338
P48962,0.6064099240411567
P12032,0.0
C0J8I2,0.0
O55091,0.0
Q9CWI3,0.6176971288644721
A0A0R4J0S8,0.5671551762706264
Q78PG9,0.5637440666680004
P61458,0.6813659012699218
Q5DTM8,0.47125737837874404
Q3TWW8,0.6096151316872792
P26450,0.5720375275794274
Q99JF8,0.6115207689946768
Q62522,0.0
P51863,0.45292072494065416
P35293,0.746293379632841
Q8CDM3,0.8998236569140088
Q5SW46,0.4919553813601675
P97326,0.4607499795030632
Q61658,0.6454969682333654
Q99JF5,0.0
A0A571BF69,0.6036502830452085
P14094,0.5550619356896073
Q9WTL2,0.5759740570370817
Q9QXK3,0.0
Q8CHT1,0.0
P39749,0.6388668228168713
Q8CG47,0.0
P60764,0.5377502565480715
Q61335,0.6035173327987083
Q8C8T8,0.5892830903723019
Q01147,0.0
Q8K212,0.5292341750751293
P49290,0.5271903729768117
O54950,0.5896719530275859
P97863,0.7964665756650277
Q61754,0.4245180460544193
Q8BU04,0.5082643657395601
P12804,0.0
Q61084,0.6580673116407754
O88738,0.5457364064170176
Q8K019,0.48101922089719185
Q6ZWY8,0.7759502727108291
Q61400,0.537750926849754
Q9JK53,0.5386751268439877
A0A075B5N6,0.550947273370188
Q9WTU6,0.5736325173805431
D3YWJ4,0.5799966552523006
O35664,0.5572927724177326
A0A1B0GR18,0.0
O35490,0.5661125498875486
Q4LDF6,0.5760813004653311
P15532,0.6576358898054576
Q8BYN5,0.5327844187243084
P97368,0.0
Q8VHK9,0.0
Q8BKE9,0.6073218458857469
Q9Z0H3,0.5625345146035553
Q61789,0.0
Q9WUB0,0.5408917541278871
Q9CRC8,0.0
Q9Z2R6,0.5350636857319241
P62862,0.5839351964236479
G3X8R0,0.5744035447578408
A2AKN8,0.0
B2RXQ2,0.49647976890421314
Q9DAD6,0.6499248486509368
Q921C5,0.6737076752440944
O70138,0.5575747016812876
O70145,0.0
B1AVZ0,0.5302275385619005
Q9CRT8,0.5665726706450228
Q8BMJ3,0.5228203644206336
Q62448,0.5073850575962713
Q9CXG3,0.5479831514386463
P63002,0.5756556012163093
O88522,0.5419594862034027
Q8BW96,0.5770143176437069
P61027,0.5277782896220585
Q80Y55,0.49134556383365197
P46460,0.5337891061833074
Q91WG4,0.0
G5E884,0.5070765482205536
Q8CAS9,0.4994685013583327
Q9D8V0,0.5316714137843463
Q8BP27,0.5449527903398494
Q6PB66,0.5938340092136456
Q6PGH1,0.5215806922151507
Q8K1J5,0.45753537099555025
Q7TT45,0.541168731652551
Q8CFV9,0.5563332021076841
P97496,0.0
E9Q5F4,0.6354740118684541
Q61210,0.0
P30415,0.6110920516043629
Q9R0U0,0.5640160176116875
P98203,0.6587196467097564
Q3TMH2,0.5883358941825553
O35071,0.6494248459358701
Q04736,0.5913380127546681
Q6PDY2,0.584579187414707
Q8BHC0,0.5388507082104054
Q8R349,0.5947269003511723
A0A494B9A6,0.5566306936954439
Q8VEK0,0.5478778953316532
Q8C5W3,0.5640573223835496
Q8C636,0.6550796136423366
P51661,0.5084992558054788
Q8CIH5,0.5115070744729707
P57776,0.7019809918212981
Q9R053,0.6892295951665187
Q04690,0.473298736137122
Q8BYM7,0.5961189254541657
Q99K30,0.5604907114020556
O35609,0.0
Q9DC11,0.6250481887042454
Q8K057,0.6782531559181755
Q80W37,0.6379064126077083
Q8BFZ3,0.6569946454822669
Q9JI11,0.5236933526389583
A0A087WNU5,0.6989133525760783
Q3UYV9,0.5369156569314512
Q91X97,0.5985671601527222
Q08024,0.6345034679358239
Q9CQ62,0.5748641077537177
A2AGT5,0.5025087586595057
P28650,0.49901907536531853
Q9EQ20,0.0
Q9EST1,0.5604157549399464
P97370,0.545322175834777
Q8VCG4,0.6121744490131991
Q7TSJ2,0.6400623359491573
P56873,0.5881041698742369
A0A087WS96,0.0
Q6PHU5,0.5255175261427518
Q61576,0.7376488555795471
Q5F2E8,0.49089605400442643
P37913,0.5642358982201335
P33587,0.5722065391318875
Q8BH40,0.0
Q64449,0.5497894370274905
P46061,0.0
Q9DCR2,0.5841662897850919
Q6ZWQ0,0.6851467641157845
A0A1B0GSI7,0.5297408830761186
A0A0A0MQN4,0.0
A0A0D2X7Z2,0.716125099726933
Q7SIG6,0.8576951667081305
Q3UKV0,0.5318602888258704
Q8R4X3,0.6191044623388993
B2RRI5,0.6929981319030818
Q3UVL4,0.6613923613945784
Q9QZU9,0.0
Q9R1T4,0.5271472298859432
O70200,0.5800335410717338
Q9CQ89,0.5375522169232744
Q8R242,0.5197240565363733
O55183,0.0
Q8C1M2,0.5380235351374868
Q8K1T5,0.0
O55060,0.5573245635201042
Q9D1M7,0.0
Q80YA7,0.5157870353812849
A6PWS5,0.6556180533446718
Q69ZR2,0.52901424288196
Q6PB44,0.5293400811172146
Q8BFU3,0.6232620694983204
Q3UIR3,0.5272298030871492
Q922V4,0.5048978154755577
Q923D4,0.5384138559764603
Q9D902,0.0
Q00175,0.5318518384977844
Q9ESP1,0.6164279247219605
Q6TU36,0.0
Q3TYQ9,0.6288835075661052
Q6XLQ8,0.6646038348912154
P39655,0.6392774757928271
Q3TPE9,0.5391607745114974
Q8BUY9,0.0
Q9CY97,0.6137471758224232
A0A1B0GR85,0.7182625889165445
Q8BHA3,0.7023063762042874
Q91ZF0,0.5287597693709793
Q4LDD4,0.5702923638947761
P54869,0.519212950784075
Q9CQC9,0.5272246497209019
Q64311,0.49513480829645456
Q8C2E7,0.5327236562705316
Q05512,0.5366241857172547
P42230,0.0
Q05020,0.5955346099601372
E9QPB2,0.44131241173581387
Q9WV35,0.0
Q9CQQ8,0.6795322910767714
Q3TYX3,0.5153631479552225
Q0VBK2,0.6119715828190027
Q8BYH7,0.0
Q99M71,0.0
Q9CQW2,0.6000271278326756
Q8R3R8,0.5937175428086833
Q9D104,0.5171077783520355
Q9R0N5,0.7603558305425319
O70333,0.5143344104036913
B1ART1,0.6568292809183802
Q9EQ08,0.521367567743817
A2A8Z1,0.5142129841221423
O55098,0.5394384150849983
D3Z016,0.5586902566361991
P63024,0.5622663432697896
A0A338P769,0.5658994302673876
A0A1W2P7S5,0.0
A2AQ25,0.0
P22366,0.5597038176945851
Q62203,0.5178786717224773
P35486,0.5154658767324816
P38585,0.49380974454110377
O89094,0.5766062592468952
P15535,0.5147160906290759
Q64512,0.7440737389048407
Q921W2,0.5619790836276456
O88792,0.5549720284793963
P30285,0.0
Q07079,0.0
Q8BQ46,0.5491703769364383
F7AI87,0.0
P42337,0.5308319540194336
Q62087,0.5114477310438473
O54865,0.6020206849087466
A2AS37,0.5290904302366539
Q9QZB7,0.607305851717443
A0A571BEV2,0.6176813884824546
A0A494B8Y8,0.5295385105382739
Q80TE0,0.7688820320260866
F6RDI8,0.0
O08586,0.5542601644307596
P63147,0.5870470384486342
A0A1L1SVG6,0.0
D3YZN8,0.600280638849799
P50295,0.5080732987786678
Q8BX80,0.5133610966276282
L7N259,0.0
Q9DBC3,0.5105408667990189
Q8C650,0.6041766670805184
Q7M753,0.47571341592569166
Q31125,0.49469828855943265
Q9DA79,0.509659145491099
E9QMK9,0.5104956208887117
Q8BFS6,0.6213201955770983
A0A1B0GRF6,0.6359136090440053
Q8R4H2,0.0
Q8CDM8,0.48160815003103485
Q91VY9,0.4699424866963844
Q9CQA9,0.5439323902566116
Q9Z0G9,0.44846486748367675
Q9R0M4,0.5659389521461724
P28574,0.5186594317283852
Q60876,0.594133414730557
Q9D711,0.5729654511889678
Q91W82,0.0
Q9D4V0,0.5542048547765687
P62331,0.0
Q3UM29,0.5286580750990533
Q9D4H8,0.5882726982976196
Q9JL62,0.5368884991670451
Q64459,0.6299513492855291
Q80Y19,0.6098862917129358
P21180,0.5668922378343988
A0A087WNU1,0.5509952943097989
P62737,0.551853075807651
Q8R1H0,0.4977639644905694
Q9JJC6,0.0
Q80SY5,0.0
P62743,0.5441310513321573
Q8R344,0.47157205128505963
Q7TMY4,0.6522884491736375
Q80U44,0.4824881348122685
E9Q1M6,0.0
Q6NT99,0.5193393859587252
Q3U1V6,0.0
O88452,0.0
H3BKG0,0.5662186952617179
Q9DBL7,0.5022929420775961
F6ZFU0,0.612863015889311
E9Q448,0.6248248886885515
Q9JJZ2,0.5282937496102994
F6T2Z7,0.5235692762527229
Q561M1,0.5933021730602167
Q6ZWY3,0.0
Q68FG2,0.5826992552248156
Q9QY76,0.5621028621653815
P68181,0.5214941006245986
Q58A65,0.5446229927472594
O09117,0.6133922360100871
Q09014,0.5384488301111743
Q99NB8,0.5134873274126304
Q923T9,0.580942249543913
D3YXK0,0.6379496882319682
D3YYN8,0.4701429586186105
B1AR17,0.6016704297278064
A0A0R4IZY9,0.5142139552684833
A0A0A0MQM2,0.5282289605432168
A0A140T8M6,0.5635781458962903
Q9D2W5,0.7399407191415563
P10648,0.5387909214183081
F7CG42,0.0
A2AWA9,0.5532866088122268
O35452,0.0
Q4PJX1,0.6578269567457191
Q91YN9,0.5109935978841541
P63094,0.5349598025997296
Q921W0,0.5520980315547436
Q6AXB7,0.44269619671590094
A0A087WRH2,0.5145196186951796
P62305,0.574961028159156
E9QNY8,0.5338050493407525
E0CZE8,0.4981226808193166
Q9CQ10,0.0
A2A930,0.5566843423083284
F6XVM5,0.641364941400028
Q6PDB7,0.0
Q9CQV6,0.5174870027376332
A0A286YD87,0.509605362680443
P61290,0.0
Q3UZA1,0.5294553104885297
O54941,0.526769404890803
Q543M9,0.5369248554077823
A2A4X9,0.0
Q8CJG1,0.49963707851070405
A0A140LIU3,0.0
P09926,0.4989822206819862
Q8K3X4,0.4816475874248008
Q9Z0L8,0.0
G3UX48,0.48095196418160724
E9PYK3,0.5216294347390679
Q8BM88,0.0
Q6NVF0,0.4451679279278102
Q6ZPJ3,0.0
Q8BU14,0.0
Q9JKC8,0.0
P97376,0.5325794791078251
E9PVA6,0.5117031732420123
Q3TKY6,0.5450831405994153
P97367,0.6333739914009954
A0A0R4J124,0.0
A0A140LIS5,0.561783679209608
D3YXN0,0.0
A2ACP1,0.5494129116112801
Q61771,0.4566871841694839
Q91YS8,0.0
Q9CZE3,0.0
O35988,0.5680670746986983
P24815,0.5295046695088778
G3X906,0.617872626169092
P21126,0.5724874118705446
Q8BWR8,0.5042105950960163
Q6P5C5,0.5648585327615111
A2AX52,0.558336172962095
G3X9D6,0.5904691469902567
Q8R164,0.5588890999140633
Q6UKZ0,0.6105842949827822
Q9CQG1,0.0
Q9R1S8,0.46506670496027896
O09035,0.0
Q6W4W7,0.0
Q7TQD2,0.6095598366166388
F6QFD1,0.6452593011234655
P52825,0.5293465635565424
Q9CQI7,0.6205281903220176
Q3UHU8,0.5978020233025795
Q8C0J2,0.5390147049458719
Q91YJ2,0.6410371071450396
Q91WU0,0.0
Q9JIQ3,0.4927771172153319
Q9CZG3,0.5355919355767511
B1AVF2,0.0
A0A0R4J0B4,0.5603442662874512
Q924A2,0.6289164324135565
Q62168,0.5152830771017811
O35134,0.0
Q9D4H4,0.4546219403602668
A0A0A6YY13,0.0
Q5UAK0,0.0
D3YXF5,0.5243862103701544
E9PUF9,0.6244497301865518
Q60992,0.0
Q6P572,0.4746188313835025
A8Y5N8,0.4995922004523879
E9Q529,0.0
Q9ERN0,0.5535625255598312
Q09LZ8,0.495535164962999
P97364,0.5281682888197774
P22005,0.5329533132426624
Q8VC57,0.6832989569521014
Q14B71,0.5495695891124762
P55288,0.5331497225639924
Q99LH4,0.3861990412405684
Q3V063,0.0
P62309,0.547167255077673
Q3URI6,0.6339592464755348
Q9CQU0,0.0
A0A0G2JF84,0.7084603670371545
Q6GQR8,0.5575762329771862
P45952,0.5414096903010702
G3X9E9,0.5677452224392497
Q8BWZ3,0.5567073280806915
P70268,0.4367434761602244
Q05117,0.0
Q99LT0,0.6176290689855464
Q9EQH7,0.6514414619704277
Q3UZW7,0.4685494746231718
Q6P6J0,0.0
Q8BVP2,0.0
Q3UGS4,0.5280351931949974
Q9ESJ4,0.43850000431112857
L7N295,0.0
B1AV77,0.0
D3YXQ7,0.0
A0A0G2JF49,0.47764078434144236
P16406,0.4677375550081421
Q91VZ6,0.565434649404484
Q62511,0.0
E9QM73,0.0
Q3TES0,0.670565642157006
E9PY46,0.4899713181567724
G5E8J4,0.5188483659496234
A2AKB4,0.5394663374672185
E9PX30,0.0
A0A0R4J0P6,0.5158928811516313
Q9WTL4,0.5742420394125585
Q9CVW4,0.0
O35638,0.4762424827188954
F8VPN2,0.0
A0A0A6YXQ0,0.5600630752038048
H3BJV2,0.6275516383954274
Q924T7,0.586253688272956
A0A2C9F2A2,0.0
E5FYH1,0.0
Q9DA11,0.0
E9QAT4,0.0
Q62507,0.494020482694632
Q5PR72,0.5106388503101621
P52479,0.0
E9Q3P4,0.5628090010213672
Q6P3Z3,0.4729335596980435
Q80U04,0.44474472159702316
Q99JR8,0.0
J3QK13,0.5801782148261372
A0A0R4J158,0.0
Q8BIQ5,0.4874782558439559
Q9CY18,0.5226275430593572
Q99JP7,0.649675798173076
Q8R268,0.5211185399165608
P35330,0.48661086571694434
P55097,0.0
A0A140LJ69,0.5832966916342562
Q8R2U0,0.5067182040068055
Q9JHF7,0.0
Q8C5K5,0.5283023979168666
A0A0R4J0U8,0.4658419610295065
Q8K449,0.4211715589386228
Z4YJS5,0.575129372850692
Q6ZQA6,0.5489692696372456
L0N7N1,0.4581917917228551
P11438,0.559070721237512
E9Q634,0.5251760611198044
Q61160,0.5663767340420965
Q3UDC3,0.0
Q8BM72,0.0
Q6PER3,0.5262625692828298
A0A1L1SSU2,0.4912615159648868
Q9CQQ7,0.0
Q8R1U1,0.5132339844381493
P55249,0.0
A0A2I3BRW0,0.5147083763347811
Q80VP1,0.5781464075966568
Q8VCN9,0.0
P50228,0.0
A0A0J9YUP0,0.5339105740349865
Q3UKJ7,0.5289921792000988
Q6PFY1,0.0
A0A0R4J1Q0,0.661695326924085
Q924C1,0.7361090624840139
Q8R2T8,0.45870066992000663
Q9ESU6,0.5041552583427396
E9Q4Y4,0.0
F6TKU5,0.5864552065087324
P20065,0.5217981005192025
Q9JIG8,0.516749296954529
E9QM92,0.6339670190708937
Q9QY23,0.4699934124246709
Q91YR7,0.5268325139160414
Q9R1Q9,0.0
Q9QXZ7,0.0
Q8BG07,0.5402138395633734
Q8C6E0,0.5159034074727101
G3UYQ4,0.5916314476442374
Q6P8K8,0.5499197139362896
B1AR51,0.589222473573431
Q9D2C2,0.5088286510082274
Q9R0Q9,0.5414835876195463
Q80YA3,0.5987908340505466
Q5BN45,0.6112767316258929
Q3UHD6,0.5543325886270305
A2A7S8,0.0
Q3UZI5,0.5501705777831475
Q8CHG3,0.6417540864230079
F6YBB8,0.5442906316893095
Q80U30,0.6346658381828857
B1AVH5,0.517061239349029
O70503,0.0
A2AT37,0.0
P63271,0.5236462339084227
Q6PAT0,0.0
A0A0U1RNR0,0.6073472409683017
A0A0A6YY40,0.5249425562814198
Q9WTP7,0.5371515198873147
Q61292,0.41392367103339206
P46978,0.5272540724765323
Q8CI75,0.0
Q8BLU6,0.559721995240959
Q147Z4,0.0
J3QNA5,0.461729140337046
Q8VD65,0.47382323348768723
Q9JLA2,0.0
Q8BHJ9,0.0
A0A087WRG0,0.5993388947129293
Q9QXE7,0.49209643815733384
A0A1D5RLM8,0.0
E0CX53,0.5482099737324896
P19785,0.0
Q80TR8,0.0
A0A0G2JGU0,0.5921903308606509
P19091,0.7369539020964806
Q8BYG9,0.5179944556231205
Q9R1K9,0.5774121431716763
P97377,0.0
Q9EP82,0.5125786078598477
Q9D565,0.7038312556637195
P70290,0.5266281846923115
A2BDX3,0.6099624944476552
A0A075B664,0.5703576270445488
P53351,0.6234534694208202
F8VPX4,0.5420481226297897
Q6GU68,0.0
A2BDX2,0.46974136845503994
P01657,0.5578809078301298
P62075,0.5352560378750206
Q9Z2V6,0.5908711713453474
P01741,0.0
Q3U0S6,0.6193556390863209
Q8R0W0,0.0
Q9JIT1,0.5737808087063786
D3Z1J2,0.0
D6RFT9,0.0
D4AFX7,0.46523341093665427
P19536,0.4522865517735261
Q99LJ1,0.0
A2AF47,0.0
G5E8H0,0.5225838450798477
Q2VPD4,0.5639171196498631
Q8BGZ4,0.49448415522994865
Q6P1G0,0.47219562845237684
A2AVR1,0.5405474318333005
F6T4M4,0.8886035294485541
E9Q0X4,0.4967159406414541
E9QAF9,0.4640124063690264
P22727,0.0
A0A0U1RPZ4,0.5732177273543778
D3YUL8,0.4949146780093191
Q8C0T5,0.0
D3YVJ1,0.49900913031703176
P31750,0.4984321377603237
F2Z461,0.5532144520103155
F6SX81,0.5299409238027305
D6RGT5,0.0
Q91ZK0,0.5602989652412919
Q9Z0L0,0.5377917461850027
Q61056,0.5600701657028605
Q8C436,0.4834901067255018
Q10470,0.5039579902495975
Q8R007,0.6080745291063974
A0A2I3BS41,0.5014401272568219
Q8BLH7,0.0
F6Z595,0.5963543104519646
E9PYP2,0.6315418940781229
A0A0U1RPA0,0.5562795990236259
Q8VDP4,0.5762591346483229
Q8BNU0,0.5456611219779199
D3Z408,0.5723112856095882
Q9D952,0.6472494652856715
P52503,0.4435018173928816
Q99J31,0.4188939613480095
Q7TMR0,0.0
Q8K411,0.47435422679123884
Q68FM4,0.5400204445281918
D3YUE4,0.5392392398909412
Q99L44,0.0
Q8R3E3,0.5601558888609375
L7N205,0.5694876085876132
A2AQF0,0.5105291485035146
G5E8V8,0.5288757301096395
F6VU53,0.5815647546775541
Q9R078,0.5895099218191718
Q9QYX7,0.6772259314744293
Q9DBS1,0.0
P56386,0.0
A0A0R4J0J1,0.6012174919011986
Q3UQ28,0.0
Q8CGK3,0.5896676640046031
A0A338P6W9,0.5789917265367706
Q9JJQ0,0.5373452848026652
E9Q5K9,0.5454696192387243
Q8BYC6,0.4710604100859434
Q6P2L7,0.0
Q4KL52,0.439339565537859
E9Q472,0.687591970610312
P47878,0.0
G5E8G6,0.5883029061585544
