Accession	luminal protein estrus
E9QPE7	477651245
Q8BTM8	622314086.8
E9PVG8	379560954.7
P07724	15974975461
P01027	699377926.7
Q9JHU4	321197481.8
Q921I1	1932159010
P26039	156713566.1
Q8VDD5	221282132.1
Q61838	439801537.9
Q80X90	117048951.9
P19096	133662815.5
P08071	184662369.5
E9Q616	340235442.2
Q6PDN3	121805789.9
Q64727	195865210.8
A0A087WSN6	63626634.36
Q68FD5	89126137.74
P57780	88866558.83
Q01853	183766869.7
P63260	2343784728
P58252	433772158.8
Q3U2G2	91826203.15
F8WIT2	322043741.3
P28665	168673328.4
Q8VHX6	33415703.25
P11499	484236006.2
P20918	134449833.1
P63017	355151427.6
P06909	125786479.6
P13020	417770163.8
Q6URW6	451691963.7
P99024	258931713
P21614	199432254.5
P10126	653163929
G3X8Q5	1339673230
Q02053	107453114.2
E9Q0B5	48135047.69
Q9JKF1	66491831.37
Q62261	94994319.73
P05064	270338855.2
P16546	30936597.93
P52480	261438905
A0A0R4J0I1	414889643.9
Q9D1A2	282354167.7
P24527	79214192.31
P26040	174884360.5
Q8CGC7	55078678.26
P37804	298989519.6
P15626	578357761
P27546	24714846.67
Q91X72	346565082.3
E9Q5I3	14834593.87
Q61879	57636628.27
O08677	150833965.6
Q9DBD0	30728376.83
Q8K0E8	165563238.4
Q9D7Z6	57441519.27
Q8VCM7	90394733.22
P23116	189036416.1
P08113	98336406.9
Q9CWJ9	71937925.02
O08553	38250818.58
Q8BFW7	29874633.8
Q61768	19072563.84
Q8CI94	59533360.59
Q9Z1Q9	35458988.63
A0A0A0MQF6	519932019.7
Q00897	739508853.6
P30416	92445926.79
P97449	63620846.25
Q04447	174358236.1
A1BN54	48169505.37
Q61598	95692801.77
P17563	66577914.38
P06728	153822605.6
Q922D8	159357858.5
Q8CIE6	38842278.74
P27773	165446820.1
Q00612	144839098.1
P17182	467942836.1
E9PV24	105308076.1
Q61781	402264823.1
P60843	87504980.63
P09411	196778024.7
Q9WU78	30631480.78
P62259	249507650.6
O55029	18581172.78
Q8VCT3	41039042.63
Q922U2	520686334.1
Q8BND5	24013095.55
Q6ZQ38	83198867.1
P10649	526503253
A0A0R4J071	2119968.068
Q922B2	45498979.65
P20029	124425133.2
Q78PY7	36805379.96
P45376	77461923.59
P42932	91641049.33
P40142	235945860.5
P80318	62572242.23
P21981	89031126.92
P26041	57088239.99
B8JJN0	44157668.83
P40124	88177348.22
A6X935	24527636.18
Q9D0F9	49405720.63
P05213	141697118.2
P19221	27633622.8
Q00623	785541637.3
O88342	78379000.32
Q99K51	264057890
Q3UU35	39618484.97
Q9QXS1	16345953.17
P07356	135902017.9
P17751	208653718.4
P35700	357849083.4
Q61702	10449192.8
P07901	96148414.3
Q91WT9	94149346.27
Q3V117	30796279.73
O88569	958235939.4
P24549	28016047.23
O09131	450217848.6
P63158	166240618.9
P11983	26465039.37
P19001	348270448.6
Q543K9	76592294.2
Q3UPL0	18336717.66
Q11011	46401352.2
Q7TSV4	36569481.78
A8DUK4	1000614255
O70209	62160063.52
P80313	36932403.48
Q76MZ3	38847602.13
E9Q557	30078329.69
A0A1B0GSX0	239286798.2
P60335	48838723.77
Q8C1A5	25877360.77
Q9DBJ1	135207780.8
B2M1R6	72581713.71
Q9CPY7	41205591.18
Q501J6	21058566.95
O35639	43773100.27
P56399	159396079.6
P10107	116740951.1
Q9DCD0	142307262.7
Q9D8E6	37502895.3
E9QA15	19284867
Q64737	18287321.41
P29341	33186089.61
Q9QZE5	16380156.73
Q5SUR0	25565397.38
P01029	62325074.5
P70441	35366891.16
Q99JY9	54682524.77
O89020	30659795.22
Q9Z1Z0	15425986.3
Q9CWK8	35870433.02
Q61699	13062534.2
P10605	32735807.72
Q99KC8	23735004
P23953	250959847.6
P20152	11640603.96
P47856	12496412.64
Q61233	41345428.13
P12658	200693558.6
A0A087WS16	18128634.71
P00920	105647570.1
E9PWE8	37918189.7
Q8JZQ9	19824674.65
P50580	56772133.92
Q3U1J4	17484040.78
P17742	427956219.4
P62960	9507347.152
Q02257	19229343.27
P14211	68719999.7
P09405	88142990.01
P48722	9061191.5
Q11136	19708567.16
Q61696	67274257.24
Q8BZF8	18385461.81
P46471	16756656.48
P06745	92838562.5
Q8BGQ7	20287697.69
P50247	99186851.78
Q6GT24	93542211.66
Q8R146	12075248.77
Q8BL66	25748342.38
Q80T06	55818231.66
P80314	39100149.67
Q91VB8	888035983.3
P28271	38451135.12
P06684	8156563.344
P32261	86742308.63
P08003	46767549.64
P19157	143315104.3
O70570	17088492.07
Q62523	32227590.65
E9PYH0	6417276.109
P62962	132252618.9
P10518	42408531.48
Q8VDM4	21176179.57
P97447	34639474.41
P62908	40786258.78
Q9D0I9	18486389.66
Q8BG05	45127805.02
O88844	70937273.09
Q00519	27766871.98
P63101	192815496.6
Q9CZ44	16837654.09
P48036	278856779.2
Q60864	40656719.31
Q9EQK5	23945575.94
P50446	40402085.66
Q8VDJ3	13979429.06
P26645	21536655.45
P47754	18989118.66
P68040	49840147.69
P29699	225336917
Q3U0V1	20457778.89
A0A498WGD8	15315148.27
E9PZF0	108057410.9
P48758	57805794.31
P07758	321148151.2
Q60854	40473802.73
P80316	62004422.13
Q60710	16886116.78
Q62318	18363264.75
P05063	86481367.09
P09103	76103980.03
Q3TXS7	18398491.95
P97429	33204355.06
A2AMW0	36658098.34
Q8CIB5	12616551.36
Q3THS6	13725783.47
Q08642	66068080.89
Q9WVA4	61255403.41
P11352	55142818.5
Q9CPX4	37590259.56
Q9JHR7	18144646.03
P50396	22722624.2
Q80X19	16020875.89
Q99PL5	17126501.32
Q8R1B4	22638494.25
Q9QYB1	113287882.7
A0A6I8MX27	71490048.05
Q8BU30	15796988.76
P97371	61016276.41
Q9CPV4	35380814.13
Q62010	43293678.63
A0A0A6YVP0	26491119.09
Q6A0A9	5856752.547
Q9R098	1792336.729
O08529	176617342.2
O70133	7373098.328
Q8CIN4	29474132.48
O08739	21760335.18
Q8R0Y6	10843538.47
P18760	240509607.8
P12382	11528573.98
B2RQC6	9074990.973
Q7TMY8	6612706.484
Q9D0E1	7856402.938
Q3UW53	13838276.83
Q03401	30653237.19
P00342	4319889.563
P55264	57083384.77
A0A7N9VSW1	12879373.97
Q9QUI0	18148101.44
P80315	33890361.38
P15105	24938961.89
Q8BJY1	15505284.89
Q9D819	31903448.08
Q19LI2	7831789.648
Q9JIF7	19649841.13
G3UXX3	25633470.32
Q91WQ3	32889426.34
Q99KQ4	8374936.797
P18654	11260876.28
Q3TVK3	15360447.85
P51125	5958047.197
E9QK48	17279088.02
Q9QUR6	23730472.35
P14873	4837420.086
P70296	136352616.1
P68033	74486459.13
Q91ZJ5	49486680.37
A2A513	451739486.8
Q5XJY5	18370005.29
P68510	65344076.75
P28798	5637625.852
Q64514	5008060.281
Q8K183	80852228.48
P62715	46825358.84
Q8BG32	46409683.2
Q9Z2X1	62987251.88
Q8CI51	10590114.44
P01872	47167476.68
O70400	25051971.43
P03958	16675613.13
Q5SQ27	928969.2031
Q91X52	73386484.78
Q91VI7	67079141.75
Q01279	7794813.609
Q07076	20635685.01
P56959	19657924.14
P68254	34493023.95
P16045	66902365.11
B2RU69	8170019.406
Q61129	25838833.94
Q07797	12528262.86
Q8BH64	75152893.73
E9Q7Q3	23216543.68
P97351	44223212.81
Q9JK81	108724737.8
P08228	223602453.7
P80317	40832561.03
Q93092	288881674
Q61171	45799524.02
Q9Z0S1	13596580.64
Q6ZWX6	15958865.45
P05201	38611667.7
Q8BHN3	20683516.36
E9Q3M3	9572724.469
Q99KJ8	8095190.75
Q9Z2U1	29118127.39
O54990	3390706.914
P62141	19424088.23
Q8BH61	8058828.328
Q9Z0N1	27721571.15
E9QN99	44100742.3
P03953	58448913.81
Q9JII6	68885967.34
Q8C3V4	166248822.7
Q9Z1N5	30936312.31
Q61133	13587689.69
P47791	28268368.96
P62192	20023155.05
P27659	27091710.65
P39054	13658997.86
Q01339	29517342.77
E9Q9E1	5090539.621
P46935	10013819.48
Q8R016	28678065.4
P62242	31523706.05
Q61792	19593149.48
Q9D8N0	40527730.38
P19324	8061949.469
G5E924	10287067.62
Q9Z1F9	11437913.42
Q9R0P5	194681584.5
P97315	102746106.4
Q3THK7	8352694.275
P12970	39586858.03
Q60973	11844942.08
P39654	14563913.95
P61161	42373876.25
O88544	12315634.72
Q63844	44589198.7
Q99K85	14435561.61
A0A0A6YXL6	65397331.88
Q99KK7	32323438.91
Q61703	15703484.54
P97494	15370507.89
P70398	3188692.094
P49312	42936641.03
Q99J77	24994843.42
Q61362	326796.9766
P08249	7616419.625
O08997	119073333.9
E9Q555	22576722.15
Q9JLJ2	29388714.11
P26883	32106063.88
Q91VR5	14355333.66
Q99PT1	94830817.06
Q9ERK4	14538893.26
Q8BKC5	19229240.21
Q80UG5	13348532.09
P16015	45615202.47
P62196	10928227.78
P11679	49486279.43
P32921	15060705.1
P47199	9477704.859
Q9JHU9	14925307.4
Q924B0	29049895.16
Q91WT7	37280132.78
Q8BPB5	3361302.422
Q9R1P4	45856675.63
Q62418	8670324.469
Q9EQP2	8000187.406
Q505F5	6526345.016
Q05816	11843445.29
Q9CX34	6434823.727
Q9CQ65	33330384.09
A0A0R4J2B2	26760436.47
P00329	118663205.6
P51859	46063929.94
Q3UM45	12076248.78
Q61176	21070775.27
Q5FWK3	17047682.58
Q8VEK3	25454037.92
Q6PDL0	3021854.344
Q61753	5185292.203
P08226	22578755.36
Q9D662	10530344.66
Q9D0R2	16263638.14
P11680	4414245.906
Q08879	4990051.625
O08692	886253.8359
P97384	10738329.77
O35643	19610367.55
Q8C1B7	11919946.95
Q8VC28	15134402.66
Q640N1	12796839.19
Q6GQT1	4104699.359
O89053	21731079.61
Q5RKN9	11889903.89
Q9EQH3	20014540.1
O08797	10689647.53
Q62465	9629427.125
Q6NZD2	9216135.047
Q9JKB1	12368962.53
Q8K0C9	110573865.9
P63005	19128071.11
Q61035	22832820.94
O35350	11578814.49
Q99LX0	71310899.58
P48678	5484592.688
P11247	3001435.828
E9Q912	5223493.797
Q8K3V4	4052227.004
P27612	5220160.422
Q9D154	31799043.64
Q91YI0	20215951.79
P26638	19975088.42
P07309	278223059.7
Q9CVB6	16910401.62
P46664	13212461.72
Q8VCU2	13355153.77
Q9DCT8	38099770.37
Q9DBF1	44627309.03
Q8C2Q7	12993429.78
P34884	69284385.74
P14685	9555820.109
P70460	7627770.828
Q3UZZ6	12842833.16
P08752	13184262.13
E9PYN9	1517613.141
Q9R0N0	13967258.28
E9PVU0	9174046.734
P14602	81545215.03
P70663	1843047.492
P62702	17161438.98
P62983	165878212.8
O55137	27268941.47
Q99LF4	17886806.66
P09242	4470239.008
Q9EPC1	24672796.47
Q9CZD3	12331712.73
P97372	26318549.87
P42703	185062788.9
P29351	4749191.795
P97290	31037686.77
Q9R0P3	47155592.52
Q9Z1Z2	10176926.22
P47962	43533790.39
Q9JHW2	13636810.48
Q9WV32	30204458.39
P06801	4408413.125
P24369	21432908.08
P21460	2163363.641
P60122	4209249.781
Q99JI4	14166714.44
Q9WTM5	11665006.78
O70194	11947611.23
Q99MN1	19807140.31
P10810	724525.9375
Q8BMJ2	5838482.922
A0A0R4J039	58069678.89
Q8BK64	11319361.08
G3V018	6037645.734
Q8BP47	16017860.05
Q8BK67	6218032.766
Q8VIJ6	15798980.79
Q3UE92	11980170.21
O35685	9348963.609
P50516	17442740.56
Q9D8W5	8045574.684
E9PUD2	3550612.898
Q61553	8849583.523
Q05D44	46470704.95
Q91WU5	5010184.102
P41245	3513361.617
Q8BVI4	31228201.25
P0DP27	154893880
A0A1W2P6F6	122265272.1
Q9Z0E6	22959027.22
Q99KI0	10088051.5
Q7TMB8	9281850.914
Q9Z0U1	8126465.988
Q00915	30196617.61
Q9Z1Q5	53941600.88
Q9JKR6	7889727.609
Q64471	36204529.31
Q64442	5812307.172
Q8R3B1	2942448.844
Q3UDE2	5587272.547
Q61823	12006361.16
P62334	12888496.51
P70168	17345902.94
Q68FL6	4229113.93
Q06890	11486162.18
Q6ZWQ9	38549574.31
Q3ULJ0	55649696.67
Q62433	2363750.125
Q9CQT1	9253377.547
Q921W7	6823181.938
Q9CZC8	7541529.984
P70349	37068556.67
P25444	20676979.05
P48774	17229133.83
P31230	28220871.88
Q61166	32459703.21
Q9QWL7	17908810.03
Q00PI9	29460082.8
O70475	5681711.734
Q61646	3867673.875
A2AN08	5661941.197
P54775	59399538.08
Q9R111	9181669.844
Q6PGH2	7897275.484
P28474	68673865.81
Q8QZY1	11479178.19
Q7TNC4	8488632.719
P99029	53205617.77
O55222	9263416.406
Q8BJW6	1190147.813
Q61730	7091101.316
O35381	46124641.69
A3KMP2	382602753.8
P14148	41293205.89
P06281	2768434.844
Q9WVK4	14164563.97
O35215	32687174.47
Q62167	22480416.66
Q6P5F9	9685043.703
Q9D1P4	5202217.641
Q91YR1	15924164.27
A0A0R4J093	40375943.8
Q6AW46	1810983.531
P24547	6948057.875
Q9CX80	10126713.61
O09061	29219273.92
P47963	25287038.39
Q9CRB6	23792267.76
Q6IFX2	101309562.7
A0A0A6YXW6	2104961.18
Q9CR16	15060540.93
Q61247	20375041.75
P63001	99879240.28
Q9QZD9	15658311.88
Q8K354	11005715.84
P60229	15039066.21
Q924M7	4938292.855
Q09098	29844912.59
P04104	465991031.1
Q6P069	27900882.78
Q6PDM2	23403044.22
Q9CZ30	14173986.02
P31725	10428075.08
Q9CT10	8040254.438
P11087	2880040.859
P24472	92953920.98
F8WJK8	59904372.23
P09528	18379589.28
P35235	11984498.68
A0A0G2JFY5	4963034.859
Q02819	5579208.219
D3YWF6	17454354.17
P06797	2425507.352
Q9DCN2	30952063.61
Q9DBE0	35538207.81
Q99J09	2630904.492
P54822	9947191.391
Q61704	4881221.781
A0A3B2WDD2	28210789.85
P61205	20789984.57
A0A1W2P7A1	29681320.75
Q9D8U8	74915147.84
Q8C0L6	1187703.695
G5E895	6326152.641
Q8VDN2	4495785.727
Q9CPW4	17406226.63
Q61081	9116523.273
F8WID5	57967654.31
P07310	1319387.914
Q9JMH6	19718572.77
Q9DCJ9	5610146.063
Q8C845	19267958.47
Q9DBB9	9233615.727
O88487	9548626.813
P97855	4939596.133
Q8CFG9	5777042.141
P63037	4775163.59
Q9CXW3	10751583.13
Q6P8X1	8667925.984
O55234	12829653.76
Q9DBG5	8462150.781
P47738	9598157.93
Q9DBR7	10748659.41
Q8R1Q8	8430699.781
P10630	12015973.03
P62814	13890058.17
Q9CQ60	19554373.38
P53810	23022305.24
P61222	4202432.844
P10711	6505606.813
P35564	5568213.742
Q60598	11928491.4
Q8VCC9	4013131.641
Q9WVE8	10603221.98
Q8K157	77082626.69
O09159	1111006.172
E9PVA8	4791864.477
O88851	15348280.13
Q61635	5412649.453
P54923	12368008.57
P14152	160092008
Q91YR9	24473287.78
P05784	61941154.78
P70698	2437257.711
Q6DYE8	562895.1094
P17427	4587805.43
Q8BWY3	11013057.72
Q8CAA7	3957685.156
Q3B7Z2	2653899.953
Q62426	52637769.84
O55131	2794716.25
Q8BML9	30451541.15
P26262	9151151.219
P24288	29304411.97
Q9WUA2	9598006.375
P97298	19296849.86
P01898	4519292.656
Q810B6	2852522.359
P63028	8543384.266
Q68FL4	20140290.62
Q8BX70	8265192.797
P14869	29925315.86
Q8BTZ7	10369867.19
Q8BJU0	6404540.426
Q9JL35	4781689.195
Q9JLI8	3448357.719
Q99KB8	2051547.109
Q8BUV3	3371365.969
Q8K010	4191934.294
A7ISP9	10315188.01
P28352	18514718.73
Q6NSR8	9542376.375
P47911	39909147.8
Q8BTS3	6072902.656
P26043	9754239.766
Q9CY64	8100970.438
O70435	37041586.14
P19973	5469927.047
K3W4L3	11581855.11
O08804	4772145.68
Q07456	8735173.742
P08607	3323699.313
Q91V41	6640967
P35980	13330261.25
Q99LD4	6010714.297
P15947	818730.5938
P50404	9241699.492
Q9R0Y5	15561029.41
P56480	5077136.75
Q9DAR7	8892515.422
Q3TML0	18457810.81
P17710	2729784.328
Q91XV3	2170195.406
O88685	8586350.508
Q61074	6978077.906
Q80W21	13961762.08
Q923D2	24190737.86
P17156	5349903.625
P04117	72337218.59
Q9CR00	4936711.93
Q8C7R4	15450233.45
Q9WTQ5	10485704.5
Q62219	19229742.82
Q9R069	1543888.5
P24270	4545290.742
Q8VDK1	3667177
Q922H4	2785254.719
P30681	32215099.31
Q9Z2U0	41699229.2
Q61990	2990666.406
Q9CQC6	28978700.66
Q921F4	11701687.15
Q9Z2N8	1524122.938
Q3TTY5	351229080.7
P42227	6046460.156
O88958	7031801.734
Q99LB4	23547853.06
P62827	50259201.19
Q6P1F6	5968099.164
Q6S9I3	4698806.594
Q8BU85	2758400.219
G3UZ26	6617624.883
Q8BHG1	10203448.5
Q8R050	17201899.74
Q8CG76	9533304.563
F6ZHD8	6802249.969
Q8BGD9	6087383.703
O35887	687597.25
E9Q414	32918019.51
Q8BZW8	4682162.758
P51885	51111774.46
Q9WUM3	14482284.18
Q64726	7759340.469
Q99MD9	3842258.656
Q4VAA2	2175846.328
Q91Z53	8951593.906
P01869	14062785.75
Q9WVJ2	11378610.06
Q9CY58	13726495.1
Q9JIF0	9585416.25
Q9QUM9	30696494.88
Q62446	7153644.813
F7CUP3	6058079.297
P29788	7845379.672
P70372	6608475.512
A0A1L1STE4	4717787.43
Q91V76	11009603.92
P00493	6862823.656
Q9CYR6	8382479.699
Q3TW96	7341156.813
Q9QXT0	2888780.5
P26369	5004105.234
Q9R0P9	1351528.438
G3X9Z5	97067.22656
P22599	222251591.7
Q05BC3	7374459.844
Q6Q899	5363873.313
P34022	18062551.28
P32067	10409828.34
O35744	1754844.07
P61202	6527756.883
Q922F4	6205753.422
Q9EPU0	5907845.031
Q9Z2M7	35855637.09
P97825	3465332.063
Q91W50	3212651.93
P51150	11573838.94
Q9EQ80	6340265.508
P62751	22437313.78
Q06138	7128178.543
Q9CPR4	12103497.84
O89079	21654530.41
P17918	12737050.55
Q8C0C7	29749430.87
P23591	17129763.09
O88456	16365941.28
E9PYI8	9019678.438
Q9JI75	3138017.172
Q62148	16087395.66
Q4FZE8	32323304.48
P26350	6073492.969
P70670	12160731.72
P63242	51342476.06
Q8C7E4	9437095.469
P61087	8470783.719
O09172	4006960.844
Q9QYG0	3277890.625
Q921M3	6985379.234
Q8BH35	5430844.703
Q9R1P1	15443150.77
Q6IRU2	21726538
Q9Z1D1	5342892.297
O35286	20340838.39
Q61655	5646307.547
Q9QZ08	5237603.844
Q8BVE3	2580720.422
Q9WVQ5	9684289.469
O35841	7565392.547
P63073	10060299.72
B1B0C7	271866.3711
Q9QWK4	1534225.422
Q9DBK7	4749048.75
Q9DBG3	5677281.313
Q78ZA7	9131126.828
O70557	44606457.55
Q9CQM9	16681239.97
Q91VH6	7624798.094
Q9D142	3678936.344
Q9QXC1	18296079.33
P97470	890839.4609
Q8BFY9	3118686.406
P62281	17921906.84
Q03265	2801423.156
G3X8T9	19937901.84
Q64467	8266313.094
Q99LB6	16145206.09
Q9CQ19	9618106.281
O54724	8391329.422
Q148R4	36000.36133
P42208	8894195
A0A494B952	14541544.06
P09036	594962.5645
P0DOV1	5836290.082
Q04857	1910052.344
Q8CG72	13489056.45
P63038	10441650.52
Q9DAK9	28160772.2
A0A0R4J049	5873803.219
P46412	21166732.23
Q60631	33276285.89
P00683	NA
Q64674	10416030.22
Q8VCA8	1844116.852
P61164	9102326.594
Q8BTY1	14190736.58
Q8VCT4	13104379.22
Q8K4Z3	14807891.28
Q9CQB8	3614933.701
P43274	21727789.64
Q99KP3	7572173.297
Q07235	4290278
Q7TPV4	1455028.602
P62754	4395504.25
Q9CYT6	1682677.969
P62717	9233246.734
Q99K48	7310037.734
Q62422	3060476.188
Q01405	2462852.086
Q6QR59	7009228.688
D3YUT3	13519313.44
P26231	4161452.828
P54071	28131230.42
Q99KH8	3537432.719
Q9QY48	571033.9063
Q9DCC4	15434487.69
Q9CRB1	2206361.242
Q99L45	6473830.109
P70271	3886298.281
Q9WUK2	12862511.73
Q8CAY6	5061776.156
Q62093	15309685.61
Q9CQV8	68116799.86
E0CXN5	14129395.98
P54823	3022180.086
Q9DCV7	10929522.75
P32848	58176698.23
Q9JMD3	66174873.66
G3UXL2	26065176.66
Q6P1B9	7787398.023
Q9JLQ0	20621782.77
Q9WVJ3	4379328.141
Q99J36	6590821.891
Q9R1P0	19674507.34
P47713	7290737.75
Q9WTI7	2605429.5
P62911	5711051.477
Q9Z0J0	8457131.516
Q9DCT1	7826810.031
P62270	22053581.91
Q9CPU0	35975776.13
A0A0A6YW77	16642582.74
Q8C0E2	1301987.578
P97461	7338895.781
E9QP62	3501584.969
Q8R0A5	11410167.03
Q8C0M9	3694278.641
Q60967	3378855.711
P62264	17497665.92
P40336	6555086.609
P35979	19564763.75
P43276	104868969.1
Q9WTX5	9416873.922
Q8BG13	5228853.547
Q3UP87	1895122.438
G3X8T3	1564823.117
P58389	9934548.063
Q9R1T2	9503180.25
O35295	10721105.55
P45591	11353119.09
O08663	6569168
Q9DAW9	1737749.5
F8WI14	5654249.547
Q8C878	2854119
Q8JZR2	5308705.594
P16460	44948083.31
Q921M7	4841570.172
O54988	1972971.875
Q9D2V7	2073487.188
Q1HFZ0	4534501.844
Q9WUB3	2036984.859
A2AUD5	3400128.719
Q08091	3901515.266
P62918	12813290.27
O88947	3842752.406
P54728	23840144.91
P26443	5366832.961
Q61656	2681870.18
P61358	19596846.81
Q8BP48	3724794.391
Q8VDM6	2808392.219
O08795	15832811.39
Q3TGS7	57659572.4
P08121	1582418.469
P28660	6498488.383
Q6A028	4923439.938
P49443	2889681.625
Q61205	567067915.4
P35123	3979058.438
Q8BWT1	1052347.016
Q9ET01	6437003.859
Q9EQU5	35960191.75
P34914	5838258.711
Q9CZ42	6056824.188
Q542V3	2392188.859
Q3UXL1	3025638.492
Q9WTX6	2259179.875
P35505	1612856.266
Q9D0A3	7799854.391
P14206	40454296.75
P70202	3562939.313
Q9DAU7	6650015.313
Q9CR51	3304703.719
P11859	9368831.125
P70697	2282126.672
Q3UEB3	4077665.219
Q9JKX6	1281838.781
Q9Z185	41994236.61
Q60829	50381005.3
Q60737	1930185.825
Q9CWZ3	4218178.688
Q8CGA0	951784.5381
Q9DBZ5	2997438.563
P03987	4894759.313
Q91XU3	1826762.547
P01837	8753800.436
Q9QYC0	1564308.188
Q9CXA2	1696825.047
Q8R1F1	5792628.402
E9PUM4	166400.5469
Q6PDI5	2002563.348
P62317	5451815.766
P46638	31180257.56
P45700	431384.9063
P49710	2043824.875
Q99LD8	12444871.5
E9Q7G0	308743.2344
P16110	5105824.039
Q9CQM5	20192414.2
P05202	7093673.406
Q07968	1860462.984
P99027	32530105.44
E9PX96	4236944.932
Q64213	3715830.594
P47811	2063933.625
G3X8U3	7803312.125
Q3UZ39	2175072.773
Q62376	5991430
Q9Z204	6994971.891
A2AJB7	148971.2656
Q62348	20185753.69
Q9CYG7	3514980.922
A0A0R4J050	3663154.43
Q8VBW6	3927421.391
O88545	8977348.875
P46467	5585666.141
P39447	859192.6758
F8WIP8	NA
P35279	16749524.5
Q9CQI6	232559764.5
Q62384	1152622.922
P28654	15402231.78
Q62189	3169708.938
O35640	3068428.844
P49722	13017874.23
P48428	15294899.59
P42232	3738273.688
Q9WUM4	4890228.094
Q80YC5	2666306.734
Q6P8I4	2585960.469
A0A1B0GSU0	2842976.719
Q921K2	2203175.688
Q9R1P3	12200579.13
Q78IQ7	872346.1563
Q91YQ5	3470132.719
Q9QZ88	12809934.47
E9PY39	36423781.09
P13439	4239906
P40936	17989613.19
A0A0A6YY53	3085336.688
Q8BUR4	1488097.266
Q91V89	8456787.406
P28843	1565073.752
Q91VK1	10495832.93
Q9JM14	6119825.031
P63054	28484508.95
P30275	8253604.625
Q99JT9	2475740.469
Q8K182	3281013.188
Q8BH58	1752262.688
Q04750	3713893.805
Q8BIW1	1144489.516
Q8K3H0	11431311.74
Q9Z2K1	49593273.42
Q5SUT0	4807741.219
P48024	2037886.281
Q9JLV1	4627360.547
Q9DCC5	15553618.94
P60766	15399623.58
P00687	244422.8594
P21765	21998280.72
P68372	52516628.83
Q920B9	1704407.203
G5E850	5491648.516
P63328	1858643.813
Q6PAM1	960225.1875
Q9D8S4	4067073.125
Q64520	3252542.813
P56546	2875135.891
P61982	23974500.34
P56212	4338355.828
Q61805	2516180.734
Q9WTP6	1116035.188
Q9CQW9	2094707.844
Q06770	30425523.41
O89110	2135380.313
P63254	83428937.39
Q99020	16897415.19
Q8C166	3327700.539
P59325	3765591.594
Q60865	2243491.809
P35278	7136364.984
Q8K274	2010096.18
A2ASS6	74216648.35
Q8R0P4	5070416.422
O70310	2145335.891
P09470	472647.9688
A0A0U1RPG8	1991706.375
P31938	2503028.047
P62889	5425112.625
A0A0N4SVS6	10530434.84
H3BJW3	7979245.828
O55135	4079888.563
P61082	6093060.188
A3KGV1	NA
F8WJ41	9156529.609
P97379	3369666.719
A2AIM4	46125396.25
Q9Z2Y8	5572855.797
Q8BHG2	7254428.703
P07744	36547619.11
A0A286YDI8	1613839.328
Q8BT60	6081539.031
A0A140LHA2	2744877.375
Q76LS9	823178.125
Q99JY3	4267979.25
P28063	9447114.922
Q9EQR4	709683.2188
Q91VW3	12577696.19
Q3ULW8	1808925.453
Q921F2	5274588.672
Q9CX86	2362611.133
Q63932	3495027.656
O88543	3366872.063
P63085	9938020.313
Q61510	2007536.438
P62137	1900625.656
P28658	6017483.313
P0DOV2	6787902.703
Q8R1G2	2370880.125
Q6ZWV3	13936348.97
O08583	2045281.844
Q9D6Y7	8091942.578
A0A1Y7VMN0	2492592.719
P60867	15902886.61
Q8K4Z5	3323176.887
Q61937	13512871.22
Q9D1E6	4378407.484
Q8CEK3	2777435.031
P62821	7657421.563
Q8K3C3	1630078.219
P53811	7843173.172
P97314	1559994.641
Q91XD6	1226067.723
A0A0R4J1Y3	20003662.09
Q9DCZ1	9567146.094
Q9QXD6	NA
O55143	3822584.844
Q9Z1G3	3499239.266
Q00898	11698216.97
Q8BTI8	3196069.352
Q9DCL9	12851236.72
Q8BFQ8	738147.5
Q8K426	633820.75
Q9CQR6	5053066.125
P13864	861039.8652
Q08943	554331.9375
Q9EST5	20030820.75
P19253	5613526.984
Q01149	1750917.875
A0A0G2JE99	592237.1133
P14131	61337051.94
Q6ZWN5	21326222.55
Q60662	2396306
P21300	NA
Q9EQQ9	5506423.969
P63168	23439531.64
P10639	67418122.54
Q91VM9	1461532.203
O89112	7811171.031
Q8CC86	1195870.531
Q9D892	4203458.609
Q60972	2334299.391
A0A0R4J034	4092796.063
Q60692	17320475.42
Q6P4T2	1228697.328
Q9D1M0	4008562.406
Q64378	2481035.328
P22907	4594639.672
E9PXY8	1770274.617
E9PUD1	789652.7734
Q8BVF2	1521987.039
Q9QZM0	1477512.938
Q6P542	2048416.203
Q925P3	1845254.5
P99026	15144542.22
Q61581	625871.4063
O08738	5388020.164
Q9DCS2	2574614.672
Q8CJ53	2004231.086
P41105	5616492.953
Q99JI6	7303602.016
P11031	8255790.625
P14115	11893344.88
Q62266	2425284.547
P62830	8811972.438
Q91YN5	1396886.109
P98078	672376.5
E9PXX7	1368701.344
P55302	2116538.57
Q3U5Q7	1648175.625
Q9D883	11263813.85
Q62009	3757711.094
P97310	266128.9688
O70251	13550080.19
Q80X50	1146731.703
Q6ZWU9	4878182.125
Q9QYJ0	4565911.719
Q9CZ04	2580882.938
Q9CR57	14134922.45
Q9ET26	1262667.797
O70250	198886.2344
Q61599	7004649.391
Q9D8B3	8945781.477
Q9D7H3	837063.6172
O09167	13886218.84
Q9Z0P4	78764.54688
Q8CCS6	1866512.219
O35226	6295978.102
E9Q4K7	2145768.891
Q9CZU6	7576807.859
Q8JZK9	987858.5234
Q5SF07	550461.7188
G3X9T7	1633106
Q3TDD9	724020.6406
Q8R059	3389199.516
O54879	2486185.688
P13634	900292.0938
O54962	9143472.031
Q8K2Q7	2692297.563
Q99NB9	1069712.664
O70591	3420310.625
P62627	4529038.039
Q60994	24408020.75
Q8R317	4938205.344
Q9CQR2	7929609.906
Q03734	8531079.594
Q9CZM2	9678021.017
Q99JX4	6371893.063
Q9D0W5	2898678.414
Q6P5E4	928481.9844
E0CYV0	5120524.953
P45377	5303684.867
Q9R062	1947710.266
Q9JKB3	37516976.81
Q9QUH0	5456546.453
Q8BL97	5014262.75
P59383	3838833.859
Q08093	788754.7031
Q8BH97	649740.5625
O09164	1256570.031
Q99MR6	1869713.734
J3QNU6	4282347.34
Q8VE62	1142564.406
P82343	1523470.953
P51855	5055584.352
P61089	35269951.78
Q9D8S3	910237.0156
Q3TJD7	6461227.375
Q61759	NA
Q6PHZ2	6349910.656
D3Z5G7	895949.5625
E9Q740	829204.0625
P97807	4300760.703
Q9CR70	2707388.844
P70195	9615561.168
P35441	165701.5625
P70677	5172267.891
Q9DBC7	12128243.73
P84091	2181743.594
A0A075B5V1	3074548.406
Q60676	2515757.516
Q9CQE8	3779401.16
Q01730	13366998.85
O35127	1104717.219
P62869	34864029.92
Q7TT50	908502.1875
A0A6I8MWZ2	1475171.828
Q920E5	4662738.969
P53994	1816128.641
O35864	5580317.078
Q7TQH0	787103.6406
P62301	8659828.25
Q9JJU8	14948161.72
Q8VBV7	3587404.438
Q9CYI4	808032.0313
Q9D1Q6	4904362.844
P09041	491821.2969
Q91VM5	2405923.801
Q9CXI5	3418132.688
P47857	1665409.047
Q91VF2	8504068.633
Q8BVQ5	623230.9063
Q9DB29	5135750.242
Q5SUH6	1299456.859
Q9DB05	1445697
O35344	18157189.23
Q9CQW1	2293708.875
Q80UM3	4198521.086
Q99P72	663052.0938
H3BKR2	7638174.789
G3UX26	1472913.813
G5E8V9	883248.3125
P83940	7861895.121
Q7TNV0	2710964.969
P27641	634551.625
Q6PDQ2	3220753.961
Q8BX02	545001.875
Q6ZQM8	3741339.398
F8VQJ3	416126.0156
Q8K2T1	2536983.473
P16301	2794491
Q8VEE4	246990.0313
O35309	1364544.813
Q9D0T1	5303217.406
Q62165	NA
Q7TMM9	90788433.47
Q66JS6	1869057.469
Q8BP56	2044853.922
Q64339	819049.0625
Q8VI75	3493319.172
O08585	22418254.75
Q62084	1621304.125
P21550	351522.0625
A0A2I3BR29	3388796.016
P62897	3886114.125
Q8R574	3720946.859
Q70IV5	736383.4609
Q922D4	2323090.361
Q68FH4	7396155.281
P01899	3376348.031
O35593	7326098.969
Q9D8S9	1322044.844
Q6ZQK5	1920747.938
Q8BKG3	903401.2109
Q60739	3180231.531
Q6P9R2	2029718.703
P51432	1472947.75
O70172	1168871.438
P97311	850099.375
P23780	189596.4219
A0A075B5S2	807170.5313
Q8CFZ6	1866061.906
Q91YE6	1995412.492
Q9CX56	5071664.813
P01887	16554776.04
P12246	2334004.273
Q9JM76	44644004.9
Q9D8C9	279163.1641
P84089	5763333.344
Q9DBG9	2621446.875
Q9CR50	71149.66406
Q9JJV2	3538880.438
Q9WUU7	1941241.852
Q9CRC9	1672025.313
Q8CHP8	3747790.844
Q8VCS0	970912.5469
Q3UMT1	119594.1953
O70555	16524975
P62267	7395305.063
P62071	1055863.344
Q61881	1133902.429
P12815	2635764.313
P70671	634935.625
Q5BKQ4	1691071.906
O54782	879477.1875
Q80VD1	1868509.5
A0A1L1SVK0	4189532.594
P62996	1987450.313
B1AQF4	1511459.406
P08074	4394610.734
E9QJT5	4518613.922
Q9EQ06	7467764.047
A0A0A0MQC3	4642350.641
A0A0A6YX73	3647548.844
P52623	7858613.656
P14847	1670131.891
C0HKG5	1200821.156
Q920Q8	784256.375
P97823	3095856.281
Q99LC5	2765588.516
P09581	1966173.734
Q8BP67	6445832.25
P59999	28792035.5
Q9EPK7	893870.6875
A0A1L1SRG5	1943735.668
A0A0R4J083	261778.2969
Q8JZV9	799341.9922
Q91WK2	3456430.172
P16330	1465455.66
A0A286YDF0	609850.875
Q8CFX1	2139208.164
Q9D1K7	2986809.563
Q8VHM5	7937886.563
Q8BMY7	134647.1875
Q8K1J6	2307138.359
P20060	3901961.609
Q8VH51	369189.4688
Q64282	1166927.625
Q8CB58	10683796.23
E9PUA7	8954274.688
Q3V2J9	75972.64063
P27048	3145707.172
Q68FF6	582227.8984
A0A0G2JES3	8925428.219
A0A2I3BQE0	3715975.883
P56380	3293524.328
Q8CBB7	5317096.469
P31532	1968799.484
Q99JX3	896830.2188
Q9D1C8	1342782.188
Q99KR3	1540632.5
Q9JII5	1681460.375
P70288	1600010.348
G3UZ30	421217.875
Q9D281	469254.1699
O08915	NA
A0A7N9VR94	3158607.594
Q8VEE1	1255622.813
P70303	840413.6875
Q3TCJ1	1210762.797
Q9DD18	2039332.484
P45878	2627495.656
P62320	6114579.813
Q8BGC0	548199.7266
O54774	6033940.875
Q8VBT9	1097755.813
Q99PG2	1208082.34
P13745	16934375.5
Q9CQI3	6045583.406
Q9JJN5	1686008.25
Q3THG9	2285373.453
A0A0G2JGI9	3383696.539
D3Z7C6	14712883.69
Q9DB27	2693979.422
P50428	325096.1563
Q9D7I5	3800004.969
P51910	1113004.391
Q9Z1T1	1866527.313
P01644	1735574.875
Q6P5G6	1075764.289
P51163	426767.3906
Q8K1R7	NA
P06869	193499.1563
Q8K0T0	1880696.547
Q8CG03	581184.0234
Q9DCL8	4052255.938
D3Z5N2	7117229.266
P52760	3385219.813
Q99LI8	4679487.488
P84099	11359804.02
Q9DCH4	8635223.125
A0A075B5M7	3041403.063
A0A075B5R5	2897662.813
A0A1L1SSH9	9185830.016
P41317	912526.9688
O70318	2572627.016
Q61584	1460435.031
Q61398	298528.9688
P41241	2085849.578
P47941	2471129.828
Q61495	936944.2031
G3UZ34	4427280.297
A0A075B5T3	634313.8594
Q9D0F3	1656370.156
B1AZP2	1047224.047
D3Z7U4	768920.541
Q9CQE5	136368.1699
Q99L27	2142731.813
P47879	454939.2969
Q8R121	14908391.79
P62082	37219426.61
Q9JHK4	39816489.32
P97346	1853972.281
P31786	31847913.52
O55201	NA
Q91VC3	307847535
Q9JI46	4005944
Q9QYH6	615456.0938
Q8CJG0	1246273.344
E9PZF5	3650746.875
A0A2I3BQE3	663619.0781
Q9CPT4	2217841.094
A2ADY9	5953691
Q3UWL8	3387810.438
Q8K1B8	612635.9844
A2ARV4	2248820.047
Q9R1Z7	12799132.63
Q8R010	2458172.094
D3YTQ3	3084466.375
Q69Z37	3446893.82
Q91XL1	1636723.531
Q99NF7	693294.1875
Q9WUL7	3327099.094
Q99KP6	818924.0469
P63325	4283803.281
Q9DC50	3717811.828
Q6W8Q3	1749925.672
G3X970	504107.6328
Q9JMG7	2175610.422
Q8CI32	431995.7969
Q61191	1625079.328
Q80XD8	800706.1094
Q9D379	3717679.688
P61750	6395057.188
P39039	2373309.953
Q9R0P4	1023233
P35831	63270.05078
Q9EQH2	927116.4844
P23475	277656.8438
P62806	8165561.781
Q8BG95	2361960.969
Q3SXD3	1551788.719
E9Q2Q9	92773
E9PV41	4855921.66
O70325	2244336.609
Q8CBW3	994612.8828
Q6PGB6	6534698.094
E9QP56	3762660.875
P83917	2804364.18
P42669	5039332.617
P57759	1860379.75
O70456	4158248.469
Q91VH2	1003404.375
Q80XI3	382295.0938
F6V6T4	2836730.406
A0A0J9YU62	1623896.313
P18653	2312119.961
Q80ZX0	1100875.313
Q9D9G2	279882.5313
P35802	1325250.766
P23249	52105.26953
P05132	2869458.813
P67871	1887224.746
P31001	1834615.656
Q9JLV5	503943.4844
Q80SW1	1936205.531
Q9CYH2	2993834.531
Q9DBB8	862261.5625
P70122	2682394.063
Q8VEE0	1492970.938
P49962	902782.4688
P17897	3271093.906
A2A432	2760485.848
Q9WUA3	1646785.266
Q60668	149150774.2
D3YZP9	2158508.094
P70389	434756.4375
Q8VDQ1	6286177
P15864	4463293.75
Q9D7X8	2357397.891
P14069	40491524.94
O70305	89818994.79
Q8BH43	1035001.984
P58044	1995049.484
P60154	NA
Q8BYA0	1267000.297
Q64337	2149651.75
P18242	1490242.563
Q6NXL1	57366969.53
P20239	245682.2969
Q9WVP1	2029799.391
Q8VED5	849761.2656
P02798	271916.8125
A0A087WNV1	230967.7188
P25799	1224636.219
Q8BH69	3461834.125
Q9DCW4	15325891.09
Q923G2	1373526.883
Q07813	2241325.625
E9QAQ5	NA
Q64433	2994450.578
Q8WTY4	2720398.031
H7BWY6	2595425.172
E9Q1P8	509531.3281
Q3UJB0	888644.0156
Q9DBG6	3115600.063
P61148	5607007.063
Q9QYJ3	766513.0156
Q8K3W0	1863316.188
D3Z0V2	841241.8438
P82198	1325708.297
P57784	4074772.906
Q6IRU5	2961157.172
P47809	6724885.188
Q91YZ8	853919.2188
P09803	4111671.211
B2KGA7	3222991.063
P70274	1833899.836
Q8VCI5	1982558.031
Q4KMM3	220346408.5
Q9EPL8	1043741.063
Q9Z0P5	1879213.766
P61255	10814008.26
Q8BY87	1081064.688
Q8CH18	957340.1992
Q9WTL7	14285198.88
Q8CDG3	1213862.582
P31324	NA
P54729	1175657.113
P58871	534126.4531
P63280	5282152.688
Q8CHP5	2619880.125
Q6NZB0	3502129.344
Q9Z1R3	1614154.438
Q6ZWZ4	9560373.219
Q9QZE7	2940039.188
P97765	2745036.719
Q3UJD6	1247452.938
P61514	2494402.625
E9PV38	3434768.578
P15327	1322526.273
A0A0B4J1I9	500522.3438
Q9WV55	1626939.07
Q9ES00	1351502.141
O54983	430007.125
Q62074	NA
Q62419	763523.7031
P49717	510350.1719
Q8VDW0	630003.0938
P26516	3871235.594
Q8K0G5	247037.4375
P20352	NA
P37889	437999.3516
Q8BVU5	1652540.672
Q3UMU9	823776.8672
P63276	3961089.813
P12025	549845.2969
A0A494BB95	4932104.969
Q3TLH4	224345.8828
P14106	1356522.406
Q9R0H5	NA
P29758	1376235.984
Q91WE2	366371.0117
P62307	2469871.469
A0A0B4J1H7	509572.875
Q9Z1K5	1551668.93
O08540	1072221.125
Q8CI33	1205694.625
Q3THK3	3456634.172
P27005	98576.59375
O88593	2318890.625
J3QN89	171914.5781
P97350	1348567.156
A2BH06	4888185.73
P61079	814827.8281
H3BLI9	3289310.406
A2AQN5	1634752.766
P33267	750049.0469
O35326	1226181.063
Q3UH60	74996.05469
O35594	230109.1719
P41778	1006158.563
Q8BVG4	627514.5234
A0A0G2JGQ8	9380737.422
Q99LR1	264255.0313
P61965	482897.0938
P30412	1339346.313
D3Z6Q9	108879.4922
O88587	3690053.859
D3YYK8	382091.4277
P62774	12463084.97
Q5SYD0	613207.6406
A0A0U1RNF2	1131213.063
Q9JLF6	1924206.156
P12265	4216396.453
Q9Z1A1	2749138.672
P62878	3037720.875
A0A1D5RM23	2074109.031
O08807	4423582
A0A5F8MPZ2	8244775
Q61249	632830.2188
Q9D1M4	6721895.422
O54734	1397062.984
P70158	NA
Q9CQ48	2530704.859
Q3UHX2	7348865.266
P28667	2024405.563
Q80UP5	1900284.203
Q60902	11730716.11
Q80W22	870860.4375
O09044	245344.8672
P01642	259490.9531
Q8K2F8	704393
Q9WTN0	6420801.969
Q3TNA1	NA
Q9DCG9	2246858.844
P70695	1963477.031
Q61414	NA
Q8CHH9	2930804.594
D3Z660	798657.4375
Q61087	1705224.125
Q78JW9	2500625.063
Q8JZL3	1027854.891
Q9D0M1	392010.0313
Q9CPX6	1414234.5
Q9CQF7	444135.75
P97816	7760714.5
D3Z2H9	7571694.98
A0A0A6YW06	941049.4375
P38647	NA
P97864	850466.3516
P22935	14471080.59
Q6DFW4	13145679.2
Q9JHQ5	1208851.594
P62855	6493019.234
Q91ZX7	NA
Q99PV0	3952962.264
A0A0G2JGU4	834441.75
Q9CR09	4431896.953
Q569Z6	102964.3281
E9QJW0	1572711.891
P08030	8881981.66
Q80SU7	2370669.105
Q922J3	601063.9531
Q05186	322064.5313
P60710	NA
Q99ME2	392040.1406
Q8N7N5	1178502.469
A0A1D5RMM8	886732.8047
P30933	NA
Q8BM26	NA
Q63829	1084836.203
Q61391	1005250.484
Q9CR26	5611566.75
P10761	1034345.063
P62849	1354920.859
Q9D1G1	1542654.902
Q9QZQ1	839754.2031
Q9R0M5	786683.3438
P61971	12116305.75
P61327	2373603.516
Q9QY36	623309.5156
P62315	2752629.969
Q8CG14	1339246.719
P60840	169854.4063
Q3UN54	NA
Q6PGF7	300271.8027
Q91Z40	135137.4375
Q6NXH9	100992298.9
Q99JB8	671972.625
Q02248	278602.6953
Q9CQJ6	1148115.359
Q9EQ32	403877.8398
Q9D0L8	1698379.672
Q7M6Y3	1410538.375
Q8BH93	868224.75
Q6PIP5	1606942.531
A0A338P7E5	3000458.484
Q99JI1	415937.625
Q6P5B5	NA
Q9EPN1	1415386.65
P49182	33907220.67
Q6EDY6	444184.8438
A0A140T8M3	421220.0625
Q9WV54	1600194
Q02105	1833921.719
Q9EPB4	10130518.64
G3X9C2	794485.4824
P83741	2059194.531
A0A0R4J092	7533911.859
A0A0R4J140	1113049.766
Q9CWW6	111567713.7
K3W4Q8	710432.5625
P01592	543681.3828
A0A0R4J256	5320166.008
O88271	962231.6563
Q9ER72	722950.9844
A0A5F8MPP7	3064182.934
Q9D5V5	3204470.688
P70333	4157195.063
Q9Z0Y1	2775393.109
Q9CQH7	2680720.945
Q6IME9	8503724.5
P36916	1091311.188
O09114	1351047.016
E0CYT5	2415646
A0A1D5RLN7	868109.7188
Q9D358	8686432.109
Q9D9X8	NA
Q8VDG5	1834608.828
P49442	NA
H3BJZ9	3911766.563
Q9CWL8	NA
Q8R326	NA
P84104	14187609.09
Q8BFZ9	605237.5313
E9Q394	NA
Q61187	1962751.938
P62257	1795306.563
H7BX88	981540.125
P63087	12468706.88
A2A5H4	196390.9375
Q3TEA8	566919.2344
Q99KW3	304996.3125
Q3UIA2	242729.6094
A0A140T8M2	1994694.75
P62900	8579489.512
Q8C6B0	1789623.547
Q8K2V6	94100.30469
P62311	2123167.672
Q7TMC8	916122.8594
P46414	1057257.125
Q9QXZ0	244022.1055
Q62048	6453391.125
Q91V12	937819.2188
P18419	975201.9219
Q6NZN0	15231548.06
Q3U0V2	762911
G3X957	NA
Q8R4K2	1514308.992
P62852	6621578.701
G3X9K3	7144081.766
Q9Z1W9	1316546.469
Q9QY24	49812.20313
Q62159	2670732.313
Q6P2K6	868049.1875
P28867	1380721.375
Q9D1J1	NA
Q6ZWZ2	1225723.813
Q8R5H1	8721376.879
P56375	1640248.406
Q9WTZ1	313075.9688
Q9WU84	458601.1719
Q9D6H2	308628.4375
A0A6I8MWZ0	374382.0156
P10493	291776.9453
Q9CR86	952237.5625
Q9WVL0	2481905.656
Q9D2R0	1115859.719
Q9Z0G0	NA
Q8BUK6	1928192.828
Q9CY66	88711753.49
P60824	1216597.188
P06683	895493.8203
Q6YI28	NA
Q8CBY8	293826.0938
Q91VA1	367831.9844
P97425	1822338.938
Q60866	253679.3438
Q9Z1R2	590641.0625
Q3UI43	745440.75
O54984	2509972.734
Q91ZR2	775690.9688
O08784	302234.8906
O54833	339329.4844
P10922	752692.1875
Q9D8C4	4256502.336
Q9JHH6	1025745.797
P67984	6128339.563
Q99J83	1341551.375
Q64669	410155.2188
Q3UQ44	731047.8516
P43275	2980815.313
Q9ET54	596327.875
P49586	1004364.422
Q9CQ92	671342.5156
Q8R409	1418856.063
Q9EST4	915974.6328
A0A2R8VHP3	15167078.69
Q05920	1116490.859
P43277	NA
Q5M8N0	2223051.188
Q921J2	856146.6172
O09043	NA
Q9JJ28	3277286.102
A0A075B5V8	1534083.75
D3Z598	271356.8604
Q64345	208324.8125
P56394	323631.9688
Q3TBL6	513043.1875
P56812	3180854.25
Q60596	99705.38281
Q8VCN6	894377.9063
Q0VGB7	491191.2813
P01675	425105.4375
A0A075B5R0	NA
Q9R008	243361.1797
P63166	617727.7969
Q61371	NA
Q9JMG1	1617693.963
P18528	NA
Q9WU28	3175995.875
P09055	186803.1367
Q64314	395282.625
Q9QUN9	NA
Q8VE47	2134128.93
A2A7K5	1010338.25
P09813	23202403.02
Q8R0H9	2590493.125
P61021	566040.25
Q5SWU9	NA
Q9D898	149655.0156
A0A1B0GSF9	68254.93555
P11404	2403252.641
Q9DCH6	1236156.734
E9Q0F0	181694790
P61957	12125428.55
Q80U87	4454843.734
Q8R2S8	277868.2188
P54726	1738998.508
Q02788	3219761.188
Q9JHW4	1942306.125
Q8K0Q5	66087.2041
Q69ZN7	4016811.109
O08800	1330086.75
P52430	10331492.28
Q8BPB0	4105166.703
Q63810	526584.5
Q9D0M5	10205700.83
P01638	3517352.188
P81117	383452.3281
Q8BW88	1944955.172
P51437	NA
Q78JE5	1295731.859
Q9Z2X2	1246815.938
Q2NL51	730341.75
P23578	599851.4375
Q9D820	347613.75
H3BKU1	NA
Q9JMA2	4112226.406
A0A0R4J0H1	649520.3125
A2AQ19	158320.7813
Q9CYA0	434097.4531
A0A075B680	NA
Q9JMI7	1965475.82
P55292	NA
Q9R059	148462.1406
Q8VEN2	11884908
Q8C0D5	10628273.63
O35601	NA
Q9R1Q7	557123.4375
Q9D263	NA
Q8R3C0	1012678.188
Q9ERF3	127875.2031
Q9D967	602860.9219
Q8BP92	237740.3125
Q3UMF0	31733.08691
Q921K8	956711.8203
Q9Z2V5	244648.1719
P10404	NA
Q9CXL3	192402.9219
Q9D0C4	338243.4375
Q91WG2	479082.7891
Q91W89	1228251.125
D3Z3B8	509187.1875
Q8VD62	26946219.66
P05480	710379.5234
O08759	921464.1875
Q8R5I6	1663718.563
Q6PAV2	385582.3105
D3Z4U0	1404519.344
Q6IFZ6	4927471.563
Q8VC30	803888.9063
Q60590	9187929.109
Q6ZWM4	1811797.375
Q80UY2	372862.625
P30115	4368571.938
P37040	735818.6953
Q3UE37	1351219.531
F8WHM5	251930.3984
Q9JKV1	705443.7344
P0C027	1776951.922
Q9QVP9	1475711.398
Q8BGZ7	8848061.5
Q8BGB7	725063.125
Q9ES74	450035.2969
Q99PP9	144644.8281
Q9JLV6	222504.5078
Q80UW8	448386.8438
P32233	151407.25
C0HKE5	9595965.443
Q9D1J3	2674079.875
Q3UFY7	2649023.844
Q9CSU0	677532.3438
Q8BMK4	1193305.406
Q9ERG2	1072853.703
Q8BFW4	123134.8672
P50518	2695314.234
Q9CSH3	361988.6094
Q9DBH5	3851407.094
F6Q404	5583611.5
Q5EG47	285850.3125
P11214	NA
O70494	91380.625
P62748	1168038.531
Q8BHZ0	666513.9688
P08730	1123422.938
Q61406	641513.625
Q9WTX2	1681596.359
O88811	124613.9375
S4R191	NA
P49138	220713.7383
P07091	921846.9688
P15501	NA
Q8CES0	537718.3398
O70492	1684228.25
Q64012	963753.8906
P02301	8913723.266
Q8BGR9	5786916.297
G5E8R1	858503.9375
A6H5Y3	456873.9531
Q9JI90	83199.19531
D3Z3N4	391789.2813
O08638	3816422.5
P00015	NA
Q3UHJ0	NA
Q9D020	514459.4688
Q9CQ86	1348042.797
P00375	1567357.078
Q9EPQ7	3306530.156
Q792Z1	9285897.563
A0A0N4SW28	1592637.625
F8WHV1	259207.4844
A0A5K1VVS7	256737.875
G3X8R2	304204.8125
A0A140T8N7	257374.4375
Q8C052	245633.457
Q8R0F6	686256.8125
Q9QZ73	782382.5938
Q9ERE7	4264246.719
A0A075B5M1	NA
D3Z4J5	248833.4531
Q99JZ4	709536.5938
Q62241	631995.1875
Q9QXA5	1276089.406
A0A0R4J065	502118.0938
Q61999	NA
Q8BSH9	1150003.375
P53986	272859.6504
Q9D832	288033.3203
Q9ESL0	NA
Q9WU63	727670.375
Q9CXY6	733564.9375
Q9Z183	4605521.609
Q6WKZ8	39931.91406
P08905	239405.1406
Q9JMA9	NA
Q9QYR6	830009.9375
O35955	1676588.688
P40240	2167123.313
A0A0B4J1I1	NA
D3Z1M1	1923402.156
Q6ZQI3	351252.6406
Q9DAJ5	65972.57031
Q8BPU7	149493.6094
P50289	213057.2344
Q5SVR0	284555.2734
Q3TIV5	497966.1563
P32037	NA
Q921I2	71861.67969
O35682	NA
O08749	538927.1875
Q8BMS9	189415.5781
P54731	609123.2813
O54916	272298.6719
Q8QZT1	241147.3477
Q8K0U4	180233.2656
Q9ER00	323590.0313
Q9D1T5	612688.9688
Q52KI8	2022486.813
P39053	832270.252
Q9DC51	674790.8906
Q71FD7	453481.8672
P49935	889388.6875
P48759	NA
Q8R5F3	1520510.566
Q8C4Y3	316522.2656
Q8BGS2	783469.6875
Q9DD02	829392.2656
A0A3B2WBC6	1644165.188
Q9CZH3	217584.9688
G3X9Y6	NA
A0A0R4J0H7	NA
Q9R190	474194.8516
Q63805	NA
O89023	270515
Q9JI48	378217.7188
Q08288	68473.69531
Q60648	650984.7031
Q9Z2A5	411471.4063
O35382	3271978.844
Q9JHJ0	1027398.492
Q8R3G9	448020.4375
A0A668KL36	108382232
Q8R1A4	2181265.93
P70445	455840.8359
G3X8S8	290750.4063
P97471	765446.1719
A0A1B0GSM3	NA
Q9QZZ6	309486.3438
Q5EBG6	NA
A0A498WFS2	8232667.828
A0A075B5P1	NA
Q9CYN2	83890.45313
Q8BHL8	46703571.94
A0A0R4J1E8	431209.5469
Q3V1L4	791692.2031
Q8K2Q9	821276.8438
P63082	NA
Q9D787	37989.39844
L7N1X8	217258.8594
A2AF33	2003766.25
O55013	5050125.438
Q04207	709999.2188
Q9CQD1	507155.9688
Q9ERU9	429646.4063
B2RY56	65561.73438
D3Z4S3	3063057.813
Q61189	314016.5313
A0A140T8N5	NA
Q8VCC1	506405.4688
Q9CS42	NA
P70399	41434.95703
Q6P2B1	260937.1563
A6H5X4	262912.583
Q8BH95	768367.6875
Q91VR8	848238.4375
Q60949	270606.125
Q6PFR5	573314.9219
A0A140T8M0	3022964.125
Q62000	1286299.25
Q9CX60	NA
A0A0R4IZY6	2060583.336
O35566	122354.4727
O55229	1735758.938
Q9DBS5	NA
Q9CQW3	NA
Q9QZ06	157536.5469
Q03963	560228.5625
H3BJ82	NA
Q9CRA5	75775.29688
A2AGS2	NA
Q9DC16	582295.6641
P25688	566774.5625
P01630	291938.0625
Q6NV83	244637.7813
P47880	NA
O88312	453842.1563
P01635	879538.5625
A0A0R4J131	602531.0938
P61759	2360843.891
P62892	594280.875
P61028	134515.6094
F6SJM7	2526658.438
Q80YR5	225194.5938
Q99J45	NA
Q8R0A0	1277090.625
P55258	8628087.969
Q64444	NA
P13595	182357.1719
Q91XF0	1918481.672
Q6PEV3	42014.27734
A0A075B5N4	162122.0469
A0A0A6YVW3	NA
P35762	234779.7344
Q91XD2	533982.0625
Q8BMA6	848494.5625
A9JTY7	NA
P97431	776746.625
Q61107	138991.2813
Q9EQG9	110098.3984
O35901	4890520.492
Q9D103	324726.8125
Q61024	162546.4531
O08547	1140903.406
Q60855	119608.3359
Q9D1K2	896098.4375
Q5SUF2	1802598.125
E9QLB2	325134.375
Q9CQ80	2134104.5
A0A2I3BPG9	2707065.125
P83870	195884.25
P55065	386091.9063
E9Q3Q6	641940.1523
Q3TC93	717505.0859
P35282	493925.7188
Q61151	444118.6875
A2AFQ2	222214.8281
Q8VHL1	3246045.391
D3YZZ5	12009406.94
P04247	NA
Q99JT2	165271.6875
F8VPL5	1145563.535
P98086	2379253.75
P16254	888532.8125
A0A1W2P8C6	NA
Q9JHI5	NA
Q8R5F7	215310617.8
P17095	197285.5781
Q91V77	1028716.25
P35550	646811.0938
Q80ZQ9	84583.28125
Q80X73	98173.73438
A0A087WR57	349682.2656
Q6PD03	1423080.375
Q61550	NA
P97352	931968.3125
O08976	2020570.75
Q8BVA4	3922336.188
Q99KN2	NA
A0A0R4J138	63976.16016
P70124	438184
P32020	670922.4063
A0A075B5Y4	NA
Q8K023	1058081.758
P15379	132530.7813
Q6ZQ58	759388.2109
Q9WV03	NA
A0A0J9YUG5	NA
Q9D1D4	7174250.625
Q9JHL1	NA
P47968	3428129.797
G3UYV4	650847.25
Q9QWR8	NA
P46737	13067280.63
A2BGI8	1098114.578
Q8VC31	3751733.801
Q9ESY9	173958.25
Q6PDG5	540244.7031
Q6P6I6	NA
Q7TSI3	NA
Q3UV17	258419936.7
Q6PF93	37406.36328
P70362	582485.625
Q921U8	NA
A2ATP6	69900.16602
Q80UK0	822087.9375
A0A2R8VJV3	1000389.375
A0A087WNT2	273817.25
Q3UY34	13694.5127
G3UZR1	2135762
Q9D7S9	10778285.45
P84096	NA
P17426	317825.0391
Q922E4	412938.9766
Q61473	39481.02734
Q61268	190309.6563
O08992	1428924.766
P68373	4105926.172
P97821	258534.2969
Q91X96	1262995
A2AQ45	498307.4844
Q8CIV8	396922.4063
P60670	NA
O35969	311025.3438
Q61239	1159866.625
P21279	397009.4766
Q99K95	NA
Q9CRD4	464237.0313
Q9D0J8	29912485.8
Q8K3G9	112019.2813
Q9CXF4	426305.7813
D3Z6I4	1106869.539
Q80UY1	108776.2031
Q91ZR1	NA
Q91VW5	NA
Q91YP3	NA
P24668	676268
Q64324	NA
Q9Z320	NA
A0A140T8N3	460738.4063
Q9JMD0	493269.0313
G3X982	196740.75
P29595	12902513.59
Q8VED9	NA
A0A0A0MQA5	8954376.625
F8WHX2	1279029.219
Q9WUD1	276279.2188
Q8CHW4	530521.2656
O88351	NA
Q8BYZ7	560830.9219
Q8VDD8	235728.4063
A0A0G2JFZ3	150241.75
E9PX53	5078841.828
Q9Z2L7	NA
Q9ER67	18819.40234
Q9D8T2	334444.75
P35492	698322.375
Q923L6	1289663
B0V3P6	228612.75
Q5U5V2	155138.75
Q9D554	203776.7656
Q91YH5	11059089.11
A0A0A0MQ99	165195.75
Q9Z2T6	NA
Q8CGY8	1003063.164
A0A075B5R2	NA
P61963	1080829.25
Q62172	70643.5
Q9CW03	144539.9375
Q80UP3	NA
Q9D0K2	957399.1016
P29452	569508.6406
Q06180	NA
Q64152	NA
P62858	206774.7031
Q80V42	72366.28906
Q8VC03	NA
P56389	615436.0625
P01132	NA
D6RFU9	600740.0625
A2AJI0	129017.4375
Q9D0B6	1415108.813
Q91X43	24939.64063
P35585	851955.3281
P54116	1127620.859
Q05144	815210.0938
Q99L20	9169097.359
Q8VE88	NA
O88842	238731.7188
Q9JMH9	3376663.531
P21570	388492.1328
Q8BIJ7	196429.7344
E9Q6J5	13739.71484
P62313	1404106
Q8CAK3	251512.0664
Q9R269	NA
P54103	306408.875
Q61475	NA
E9QP49	124549.8281
Q8CD15	1237542.328
O89017	536648
Q9QXB9	1558692.969
A2API8	263874.8203
Q3UPH1	657990.4375
Q08189	2590204.438
Q63918	407798.9375
Q9D708	627958.25
Q9D309	57795.62891
P28653	1139007.75
Q80WT5	857745.0234
Q9D1R9	3193434.844
A0A0R4J0R1	259768.6875
Q8BHD7	290330.0977
A0A1L1SS27	287235.75
Q9DB16	NA
P01680	350706.8438
G5E911	1602646.016
P51949	79190.08594
E0CYW1	1182816.234
Q6ZWV7	2748963.25
Q8VD75	1233803.227
Q8CF89	105494.2383
A0A2R8VHF9	48498.91406
Q8R3Y8	NA
Q8R5F8	3974668.156
Q9D0B0	208038.9844
F8VPP8	540883.5625
Q9DB34	313004.625
Q6A026	63118.58984
A0A0A0MQF5	275702.2188
Q8R550	3309045.715
A0A0A6YXN4	NA
Q9JK23	NA
Q99M31	1244685.75
Q7TQK5	281270.25
Q8CGF7	1240692.141
Q8VE70	1515592.031
P62274	2999784.523
Q9JJI8	1321402.875
P08207	1351044.484
Q3V140	NA
Q8BXC6	527709.7266
Q60575	413407
Q60960	948876.0938
Q8VHN8	143409.9375
A0A0B4J1J5	442624.1719
Q7TPR4	2006422.438
Q924Y0	NA
Q91WP0	228751.3281
Q8R5J9	4075661.016
E9QKI4	68749.46875
Q9EQI5	274819.375
Q99LN9	941675.75
B7ZNL3	NA
Q61749	468464.0703
Q3T9E4	717010.7344
G3UYF9	904836.4375
Q8CIH9	130446.2422
P09671	570301.3438
Q8CCP0	52091.69141
A0A6I8MWX0	9163.753906
Q61765	NA
Q80XU3	4777010.219
Q91UZ5	1256409.93
Q61878	690332.75
P01901	40882.01172
Q924H7	59605.59375
Q9QUR7	NA
Q99KN1	NA
Q99J99	1572468.813
E9PWC8	66320.55469
Q9CQ71	212931.2188
Q9Z120	706090.3594
Q99M51	2145149.793
P62835	534108.0625
Q3UMB9	761279.1406
Q9WUP7	1948491.031
Q8CGE8	405060.625
O08848	606349.5938
Q3UYI5	322543.9531
Q9JLM8	3319811.266
Q9ET66	10240658.59
E9PYG6	200930.3125
Q91WN1	135129.5938
P04627	413044.9063
G5E874	NA
Q8R2I5	208776.7813
Q9DCB1	21754.29492
Q3UGR5	620488.375
Q8BGW1	363110.6875
P02089	273646.7813
Q9D071	109733.8125
P17047	1874347.688
P62254	611621.5078
O88968	3741109.945
A0A338P7L8	431823.2813
O88384	159275.9063
Q80TM9	821186.7656
O35551	1553325.281
P51660	302522.4219
P34928	586114.4824
Q9JHK5	9063093.578
A0A0R4J0B2	NA
Q8K1X1	NA
Q6NZC7	4722034.844
Q8K205	1633360.141
Q8VEJ4	NA
Q8BR90	229908.7344
Q64478	8090870.438
A0A0G2JE31	NA
Q9QUJ7	43389.83594
Q91YP2	1149129
Q9JL16	142134.6719
Q7TN75	70579.16406
Q00899	169410.3438
Q9D115	1745750.813
Q60996	172435.9102
P29416	1464227.477
Q8BVW0	43336.82422
Q9Z331	NA
Q9D9V4	NA
Q61595	47478.77734
Q61033	NA
Q61687	192310.75
Q8CCT4	NA
P61961	2553241.234
A0A338P7B7	3139961.688
Q60749	2040238.43
Q497I4	11292316.88
P62843	5111391.031
Q3UN27	NA
Q9D6N1	235956.5156
Q9CZX0	247775.2656
P98083	109879.8281
Q6P3D0	1075276.469
A0A0G2JFA8	675516.5
Q9JIK5	1602713.504
Q99K28	334511.6563
Q80UU9	2054410.219
Q9Z0F7	453223.875
Q8BHL3	NA
A0A0A0MQC1	1342550.25
Q8BLY1	367665.8125
Q3TRM8	64396.97266
P01655	1144256.75
O08582	NA
Q62351	NA
Q9D4I9	42509.60156
Q9WUM5	341812.4688
E9QKC6	472829.1563
A0A075B677	NA
Q99LC8	551512.7656
Q8C1Y8	451833.2813
Q9D5A0	23307882.97
Q8K3A9	16342.25391
Q8C0E3	NA
Q9QXD8	43293.31836
Q99JP4	456301.625
P21956	567170
Q8K003	2997618.203
Q60823	4624682.227
A0A494BB18	183246.3281
P98064	6233.130371
Q9ES52	79789.20313
A0A075B5Y1	NA
E9PX68	NA
Q8R1V4	255331.7813
Q9QY93	256900.2031
Q9CYU6	141855.0625
O55142	888850.5
Q8C5N3	682347.0625
E9QND8	NA
O88622	391796.6406
Q02789	248948.0469
A0A075B5R7	409026.1875
Q569Z5	3469620.094
Q8CFE8	145182.9063
H3BJM1	38952.90234
Q6P5B0	248956.2051
Q91YT7	324190.9688
Q9CU62	11745159.08
Q9JIW9	310861.3125
Q9Z0R4	460579.5664
B1AVD2	6244654.875
Q8BWR2	1133696.578
P61804	889893.2188
G5E897	2040109.211
Q9CQS8	1049781.469
Q6NZF1	119280.5625
Q9D6Z1	424113.0313
Q62077	54829.84375
Q9R0Q6	513858.5625
Q8VEH6	107851.7656
P61211	NA
Q925B0	NA
Q91VJ2	63632.79297
Q99LU0	1110541.969
Q810A7	484843.0313
A0A0A6YWB0	NA
A0A075B5T2	590235.3438
Q9CWS0	290408.1641
Q8BRF7	280400.1094
Q9JLI6	NA
Q9ESX5	340936.6875
Q8VD04	56422.5
P56387	2334370.875
Q920Q6	417305.4531
Q923L7	1287597.5
Q61686	563709.0469
Q99PM9	NA
A2AA85	NA
A0A0G2JFE9	530604.9375
Q8BXG3	NA
Q9QZB9	230349.2344
Q9JKY5	565218.5313
P97927	NA
Q8K124	NA
P16294	984209.2344
Q4KML4	5939496.625
Q9CRB2	95417.28125
Q8C460	412889.0078
Q9ERL7	375289.6641
A0A075B5S6	NA
A0A140T8P3	250867.6406
Q91YJ3	454185.3125
O09110	96313.07031
Q9QYB5	NA
F7C1U0	NA
Q6PAR5	258985.7031
P59242	204628.9063
P52927	813389.0781
A0A338P6K2	2240314.5
Q8BFQ4	309337.4688
Q9Z1B7	NA
Q3U0K8	21914.89453
P20108	251491.2969
Q91V36	772925.8125
A0A0A6YWI9	503510.7188
Q8BI79	189389.7441
Q9D5V6	529107.5
Q60715	580420.0625
Q9CQX2	1406210.531
Q60772	1083460.063
P48962	355001.7188
P12032	295273.5938
Q8R460	NA
C0J8I2	NA
O55091	246621.1094
Q9CWI3	1951386.844
A0A0R4J0S8	NA
Q78PG9	233698.7344
P61458	1600161.75
Q5DTM8	33420.48438
Q3TWW8	1964891.906
P26450	963849.0625
Q99JF8	771076.6875
Q62522	75660.83594
P51863	48497.82813
Q8BYN3	NA
P35293	39263818.31
Q9Z1E4	NA
Q8CDM3	1397705503
Q5SW46	NA
P97326	17202.85742
Q62005	NA
Q61658	1282496.625
Q99JF5	132261.9688
A0A571BF69	1565412.125
P14094	295978.3125
P49615	NA
Q9WTL2	438458.0156
Q9QXK3	510221.4375
Q8CHT1	50326.60156
P39749	326978.1875
Q8CG47	NA
A0A0N4SUY3	NA
P60764	179839.3594
Q61335	1132116.875
V9GWZ7	NA
Q8C8T8	852578.6875
Q01147	231001.125
Q8K212	263882.4063
P49290	161777.6719
O54950	617148.7188
P97863	64157463.81
Q61754	8959.134766
Q8BU04	87690.88281
P12804	NA
Q61084	NA
O88738	80629.42969
Q8K019	35576.26563
Q8VCN5	NA
Q6ZWY8	36462076
Q61400	375574.25
Q9JK53	362111.1875
A0A075B5N6	NA
Q7TT37	NA
Q9WTU6	223041.9219
D3YWJ4	829715.0625
A0A0A6YXI2	NA
O35664	338284.6094
Q8R5C5	NA
Q8K2Q0	NA
A0A1B0GR18	434518.8125
O35490	NA
Q4LDF6	315860.625
Q8BLF1	NA
P15532	3538497
Q8BYN5	NA
P97368	355809.5313
Q8VHK9	59611.3125
Q8BKE9	672675.3906
Q8R379	NA
Q9Z0H3	310497.5
Q61789	NA
Q9WUB0	200142.4414
Q8CDJ8	NA
Q9CRC8	227766.5625
Q9Z2R6	705768.7188
P62862	260271.4531
G3X8R0	628032.875
A2AKN8	NA
B2RXQ2	121178.4531
Q9DAD6	2144810.75
P11589	NA
P21995	NA
Q921C5	2336715.34
Q8BJ71	NA
O70138	301468.75
O70145	83113.22656
B1AVZ0	226752.8125
Q9CRT8	169920.6719
Q8BMJ3	328079.0313
Q62448	193151.0625
Q9CXG3	199495.5781
P63002	75220.67969
O88522	464937.0625
Q8BW96	475681.5625
P61027	296516.9766
Q80Y55	100879.7969
P46460	286892.0391
Q91WG4	477102.3438
G5E884	121458.8203
Q8CAS9	339342.8984
Q9D8V0	NA
Q8BP27	242726.9844
Q6PB66	653282.2813
Q6PGH1	NA
Q8K1J5	34455.51563
Q8BTI9	NA
Q7TT45	614174.8438
Q91VX2	NA
Q8CFV9	711196.8594
P97496	265173.625
E9Q5F4	2560757.75
Q61210	101168.0391
P30415	195303.125
Q9R0U0	188416.5
P98203	2426525.188
Q3TMH2	241130.5313
O35071	1853656.838
Q91YE3	NA
Q04736	1400309.26
Q64261	NA
Q6PDY2	1179776.938
Q8BHC0	198988.875
Q8R349	628425.25
A0A494B9A6	NA
Q8VEK0	136872.7031
Q8C5W3	596421.5625
Q8C636	3144165.625
E9QLL2	NA
P51661	89988.25
Q8CIH5	129862.6289
P57776	20896078.75
Q9R053	7930228.688
Q04690	23554.75195
Q8BYM7	NA
P56371	NA
Q99K30	127629.4922
O35609	126016.1016
Q9DC11	521832.8516
Q8K057	10863401.98
Q80W37	1384337.738
Q8BFZ3	2597126.742
Q9JI11	316479.9063
A0A087WNU5	5638618.461
Q3UYV9	NA
Q91X97	3107044.844
Q08024	1567936.25
Q8CCF0	NA
D3YXP6	NA
Q9CQ62	303817.4688
A2AGT5	51920.88281
P28650	59080.67969
Q9EQ20	224829.7344
Q9EST1	277888.3125
P97370	217159.2031
Q8VCG4	1512755.563
Q5M8S1	NA
Q7TSJ2	630645.4297
O54818	NA
P56873	246627.625
A0A087WS96	211853.1094
Q6PHU5	147217.1641
Q61576	11127394.65
Q5F2E8	51709.40234
A0A140T8Q4	NA
P35385	NA
Q6A068	NA
P37913	16597.68555
P33587	NA
Q8BH40	NA
Q64449	278677.0625
P46061	200513.8594
Q8CG16	NA
Q9DCR2	1107749.922
Q3UPR9	NA
Q6PHQ8	NA
Q6ZWQ0	3241432.031
A0A1B0GSI7	1756534.547
A0A0A0MQN4	241808.4375
A0A0D2X7Z2	3481432.75
Q7SIG6	263983892.7
Q3UKV0	436067.7813
Q8R4X3	1132023.141
B2RRI5	7955623.563
Q3UVL4	1676253.625
Q9QZU9	180877.6094
Q9R1T4	155038.9531
O70200	337932.4375
Q9CQ89	130959.3594
Q8R242	64213.34375
O55183	49114.86328
Q8C1M2	NA
Q8K1T5	290845.9375
O55060	439367.5625
Q9D1M7	180095.8906
Q61425	NA
Q80U78	NA
Q80YA7	307341.5313
A6PWS5	1344137
Q69ZR2	143491.793
Q6PB44	84818.14063
Q8BFU3	674164.832
Q8BTU1	NA
Q3UIR3	157399.6094
Q922V4	51145.15625
Q8BG94	NA
Q923D4	175417.4531
Q9D902	460218.8125
Q00175	211321.5781
Q9ESP1	699554.5742
Q6TU36	NA
Q3TYQ9	NA
Q6XLQ8	6399566.789
Q91V09	NA
P39655	4026199.453
Q3TPE9	309214.1563
Q8BUY9	NA
Q9CY97	268105.8125
A0A1B0GR85	16892058.54
Q8BHA3	11281242.86
Q91ZF0	94023.90625
Q4LDD4	340637.9219
P08556	NA
P54869	159445.5313
Q9CQC9	325488.9063
Q9D7S7	NA
Q64311	97447.80469
Q8C2E7	NA
Q05512	206209.3906
Q9D614	NA
P42230	NA
A0A494BBF0	NA
Q05020	827983.5313
E9QPB2	NA
Q9WV35	663748.3594
Q9CQQ8	2971134.25
Q3TYX3	277849.8438
Q0VBK2	NA
Q8BYH7	166891.25
Q99M71	NA
Q9CQW2	729001.4219
Q8R3R8	1228841.281
Q9D104	NA
Q9R0N5	22286233.5
O70333	NA
B1ART1	7271846
Q9EQ08	196100.5313
A2A8Z1	105974.5078
O55098	228374.5938
D3Z016	263959.625
P63024	313618.5313
A0A338P769	284186.6563
Q9D9V3	NA
A0A1W2P7S5	157978.0313
A2AQ25	NA
A0A1Y7VJW9	NA
E9Q1W7	NA
P22366	149602.25
S4R1W8	NA
Q62203	180938
P35486	105650.4531
P38585	64860.01953
O89094	227941.6406
P15535	151858.4688
Q64512	7503564.352
Q921W2	157609.4219
O88792	NA
Q8BKX1	NA
Q8VIM9	NA
P30285	584081.6875
Q07079	81746.375
Q8BQ46	247274.0469
Q91WG8	NA
F7AI87	385332.4688
Q9D8X2	NA
P42337	78703
Q62087	NA
O54865	639871.3125
A2AS37	NA
Q9QZB7	1096641.555
A0A571BEV2	1043779.438
A0A494B8Y8	127256.2578
Q80TE0	22657902.88
F6RDI8	379531.9688
Q8BFR4	NA
O08586	212126.6719
P63147	428516.7344
A0A1L1SVG6	509828.2656
Q0P678	NA
D3YZN8	511951.5938
P50295	181706.9688
Q8BX80	81496.89844
L7N259	NA
Q9DBC3	80739.91406
Q8BVL3	NA
Q8C650	549348
Q3TCN2	NA
Q7M753	43786.89453
Q31125	82937.64063
Q9DA79	92468.67969
E9QMK9	106643.5781
Q8BFS6	1765332
A0A1B0GRF6	1468489.281
Q8R4H2	NA
Q8CDM8	42206.80859
Q91VY9	39941.99609
Q9CQA9	340047.125
Q9Z0G9	84264.20313
Q9QZL0	NA
P30999	NA
Q9R0M4	NA
P28574	147473.7656
Q60876	1383684.438
P35285	NA
Q9D711	282218.9375
Q91W82	438665.1563
Q9EPX2	NA
Q8CI04	NA
Q9D4V0	188564.0625
P62331	335973.7188
Q60932	NA
Q3UM29	369715.0625
D3Z7S8	NA
Q9D4H8	753592.2109
Q3UST5	NA
Q9JL62	1115776.625
Q64459	1673147.594
Q80Y19	614135.041
Q8BIJ6	NA
Q68ED7	NA
P21180	306137.5938
A0A087WNU1	244263.0469
Q61142	NA
P62737	1511315.438
A0A140T8Q3	NA
Q8R1H0	186805.3945
Q8BUG2	NA
Q9JJC6	NA
Q80SY5	94093.41406
P62743	424504.2188
Q8R344	115441.0781
Q8BZA9	NA
Q7TMY4	8776962.965
Q80U44	NA
E9Q1M6	25826.07617
O09106	NA
Q6NT99	122282.6016
Q3U1V6	199747.875
E9Q2S0	NA
P43247	NA
O88452	NA
H3BKG0	1378375.281
Q9DBL7	201110.0469
A0A140T8M5	NA
F6ZFU0	1572323.375
P29621	NA
P62631	NA
E9Q448	1815922.703
E9Q450	NA
Q6IFZ9	NA
Q9JJZ2	197072.875
G5E8R2	NA
E9Q1Z0	NA
F6T2Z7	812669.3125
P02104	NA
Q561M1	573439.6875
Q6ZWY3	264708.0938
Q68FG2	558335.8125
A0A2R8W6J8	NA
E9Q6P2	NA
A0A075B5M4	NA
Q9QY76	642109.8125
P68181	179623.3125
Q58A65	234974.25
O09117	3076784.875
Q09014	136068.0156
Q99NB8	187434.4688
O08528	NA
Q923T9	158956.6875
D3YXK0	1314497.625
D3YYN8	41395.42578
O55022	NA
B1AR17	1944541.125
Q5SQX6	NA
A0A0R4IZY9	110821.5156
A0A0A0MQM2	308558.0313
A0A140T8M6	273473.5625
Q9D2W5	7448737.5
P10648	474352.375
Q8VCG1	NA
A0A1L1STC6	NA
A0A1B0GT68	NA
A0A087WPT7	NA
A2A6M1	NA
F7CG42	219507.625
Q8CJ40	NA
A2AWA9	213110.2813
P70699	NA
O35452	NA
Q4PJX1	932878.1875
Q91YN9	102118.0078
P63094	250911.625
Q8BH60	NA
Q921W0	348686.75
Q6AXB7	16279.12402
Q9JI78	NA
A0A087WRH2	863712.7656
P62305	682136.125
E9QNY8	153391.0938
E0CZE8	162019.0469
Q9CQ10	528701.25
A2A930	2195253
Q8CG71	NA
F6XVM5	2748308.75
D3Z4Z0	NA
Q9CX00	NA
Q6PDB7	NA
Q9CQV6	116184.8594
A0A286YD87	NA
P61290	886313.0469
Q3UZA1	256021.8438
O54941	164980.5
Q8BFR5	NA
Q543M9	275601.1875
Q8R2Y2	NA
Q6ZQ08	NA
A2A4X9	NA
Q8CJG1	114000.3594
A2AWI7	NA
A0A140LIU3	220715.0938
P09926	91986.39844
Q8K3X4	50295.51563
Q6PE01	NA
Q9DBR1	NA
Q9Z0L8	64640.23047
Q6ZWQ7	NA
A0A1L1SSS4	NA
G3UX48	NA
E9PYK3	61777.71484
Q8BM88	NA
Q6NVF0	NA
Q8BGF3	NA
Q6ZPJ3	1650993.75
E9QM90	NA
Q8R307	NA
Q8BU14	77216.32813
Q99LS3	NA
Q9JKC8	162601.0625
P97376	171888.6875
E9PVA6	80676.75781
Q3TKY6	NA
P97367	NA
A0A0R4J124	123870.7969
A0A0A6YWM5	NA
Q9QYF9	NA
Q80YV4	NA
A0A140LIS5	333109.9688
A0A2R8VI57	NA
D3YXN0	216953.4688
A2ACP1	NA
J3QMC5	NA
Q8K2I3	NA
A2AKV1	NA
Q00422	NA
Q61771	58108.50391
Q91YS8	91354.33594
Q9CZU3	NA
G3UXN2	NA
G5E8F1	NA
Q9CZE3	210656.0469
P82020	NA
P60521	NA
Q9WTX8	NA
O35988	216662.2188
P24815	120095.5469
G3X906	951207.125
P21126	665064.6563
Q8BWR8	200661.9844
Q8BGR8	NA
Q6P5C5	NA
A2AX52	435208.5
G3X9D6	679425.3281
Q920Q4	NA
Q8R164	286011.0625
Q6UKZ0	1548067
Q9CQG1	300697.4688
G3UYU5	NA
Q9R1S8	49041.38672
O09035	163660.9063
O08796	NA
D3YYF1	NA
Q6W4W7	219387.0625
Q7TQD2	1204399.719
Q8BVC1	NA
Q64GA5	NA
Q3V493	NA
F6QFD1	2544094
A0A1D5RLH3	NA
P52825	552062.0625
Q9CQI7	1989143.188
Q3UHU8	826714.125
Q8C0J2	175404.25
Q91YJ2	2426688.75
Q91WU0	218279.6875
F6RJV6	NA
Q9JIQ3	38564.44531
Q8VHZ7	NA
P14733	NA
Q99MD6	NA
Q9CZG3	109092.4688
B1AVF2	316545.625
Q9CQL5	NA
A0A0R4J0B4	245886.8438
Q45VK7	NA
Q924A2	1755989.5
Q62168	98575.10938
O35134	NA
Q6PGC1	NA
A0A1Y7VKY4	NA
E9Q4Z2	NA
Q9D4H4	26606.92383
Q3UW09	NA
A0A0A6YY13	162290.9219
Q5UAK0	77270.13281
Q8R3D1	NA
D3YXF5	304482.2188
E9PUF9	713136.875
Q60992	51486.6875
A2AIX0	NA
Q8BLR9	NA
Q6P572	30499.36914
A8Y5N8	265495.0313
E9Q529	1309889.656
Q9ERN0	221675.1563
F6RSY8	NA
Q09LZ8	37274.27734
P97364	365875.625
G3X8P9	NA
P22005	254537.625
Q8VC57	8996756
Q14B71	182889.7188
P55288	NA
Q08761	NA
Q99LH4	11874.21777
Q3V063	203523.5
A0A571BF54	NA
P62309	246607.1406
Q3URI6	1139416.5
P55284	NA
Q9CQU0	269220
A0A1B0GS31	NA
A0A0G2JF84	5472046.5
Q6GQR8	NA
P45952	250822.9688
A2A5V2	NA
G3X9E9	307751.1563
Q8BWZ3	605460.5
Q8VHL0	NA
P27681	NA
P70268	77616.05469
P56390	NA
Q05117	170257.9531
Q99LT0	972437.5
Q9EQH7	2342191.25
D3Z7R7	NA
Q3UZW7	31189.16992
O35206	NA
Q6P6J0	340036.3125
Q8BVP2	NA
Q7TSS2	NA
Q3UGS4	NA
B2RWS6	NA
Q9ESJ4	NA
O35929	NA
A0A2I3BPX5	NA
L7N295	10010.69531
E9PV44	NA
Q9CR95	NA
B1AV77	223392.6563
D3YXQ7	59530.75781
Q61477	NA
Q99KE8	NA
A0A0G2JF49	NA
Q03141	NA
P16406	NA
Q91VZ6	416912.8125
Q5FW60	NA
P28659	NA
D3YWT0	NA
Q62511	42534.59766
Q8CEC6	NA
P28740	NA
A0A286YE32	NA
Q8VGX3	NA
E9QM73	435707.8125
Q3TES0	3057059.75
E9PY46	NA
G5E8J4	NA
A2AKB4	228034.5781
Q2TUM3	NA
A0A0G2JF53	NA
Q99P31	NA
D3YTW1	NA
E9PX30	108759.0156
V9GXD9	NA
A0A0R4J0P6	171252.6875
Q9WTL4	772097.625
Q9CVW4	260043.2813
O35638	NA
F8VPN2	NA
Q9R0B9	NA
Q9ERG0	NA
Q80ZV0	NA
A0A0A6YXQ0	NA
Q7TQK1	NA
E9Q4X2	NA
H3BJV2	943244.6875
Q924T7	237559.9531
Q78IS1	NA
A0A2C9F2A2	20755.87695
Q8K409	NA
Q8CIX8	NA
P24063	NA
E5FYH1	648390.875
Q9JHS9	NA
Q9DA11	NA
E9QAT4	50881.00781
Q3U0J8	NA
Q62507	NA
Q5PR72	188698.0625
P52479	37833.77344
E9Q3P4	319486.2813
Q14B01	NA
Q8BP86	NA
Q6P3Z3	58840.66016
Q9ES97	NA
Q6PEE2	NA
J3QP41	NA
Q80U04	22177.91992
Q3UVY5	NA
Q99JR8	34540.73047
Q9EQU3	NA
J3QK13	NA
Q9D727	NA
E9Q9D5	NA
A0A0R4J158	NA
Q497W2	NA
Q8CBE3	NA
Q0VAX3	NA
D3Z2D6	NA
Q8C0V0	NA
Q8BIQ5	46404.5
Q9CY18	104522.5938
Q6KCD5	NA
Q99JP7	2578105
Q80ZX8	NA
Q8R268	143616.8125
P35330	97705.1875
Q8C0S4	NA
P55097	291285.875
A0A140LJ69	604754.625
Q99MQ4	NA
Q8R2U0	75293.8125
Q9JHF7	154227.3281
Q8C5K5	117361.5703
Q99LD9	NA
A0A0R4J0U8	24372.74609
Q6PCM2	NA
Q8K449	25669.69336
Z4YJS5	241162.5313
Q6ZQA6	423508.9063
E9PZ92	NA
Q8BNJ6	NA
A2AE20	NA
P59114	NA
L0N7N1	17825.34375
P11438	301703.4063
Q9WV92	NA
S4R2U7	NA
F6ZGI7	NA
E9Q634	186113.3281
B1AVI2	NA
Q61160	358058.7188
A0A087WPT1	NA
Q3UDC3	183868.7188
Q8VHE6	NA
P62915	NA
Q8C2E4	NA
Q8BM72	NA
Q6PER3	152724.5156
A0A1L1SSU2	89679.64063
Q9CQQ7	151644.5
Q8R1U1	185254.3281
P55249	NA
Q5NCR9	NA
A0A2I3BRW0	192691.625
Q80VP1	NA
Q8VCN9	128172.9609
Q6ZQ73	NA
P70315	NA
P50228	NA
A0A0J9YUP0	NA
A0A1B0GR70	NA
Q3UKJ7	227382.2656
P12787	NA
Q6PFY1	424464.8125
A0A0R4J1Q0	2022627.313
Q924C1	28028420.73
Q8R2T8	26666.44336
Q9ESU6	563797.5
A0A3Q4L347	NA
E9Q4Y4	459092
Q8C4Q6	NA
Q7TSE6	NA
F6TKU5	611911.2813
Q9QWV4	NA
Q8R3G1	NA
P20065	NA
Q9JIG8	NA
E9QM92	2597723.25
Q9CQ26	NA
A0A0A6YWV9	NA
A0A0U1RPL8	NA
Q9QY23	34434.14844
Q91YR7	82765.875
Q9R1Q9	NA
Q9QXZ7	48331.55469
A2A7I1	NA
Q8BG07	204290.75
Q62252	NA
Q8C6E0	NA
G3UYQ4	275348.6563
Q6P8K8	431223.5313
Q8R105	NA
A0A0G2JH06	NA
B1AR51	613463
O08599	NA
Q9D2C2	93005.39063
Q8VDU0	NA
Q9R0Q9	223523.2813
Q80YA3	2392424
Q5BN45	618949.1875
Q3V038	NA
Q3UHD6	968500.9375
A2A7S8	17411.87109
Q9D0L7	NA
Q3TRR0	NA
Q3UZI5	NA
Q8CHG3	1142144.875
F6YBB8	177490
Q80U30	2850781
B1AVH5	NA
F6W623	NA
A0A0A6YY60	NA
O70503	102970.0391
A2AT37	101212.9141
P63271	169233.9844
Q6PAT0	9952.422852
A0A0U1RNR0	974027.8125
A0A0A6YY40	170465.5625
Q9WTP7	213961.9063
Q61292	25836.21875
P12388	NA
Q9CQ49	NA
P46978	254533.6094
Q8CI75	142353.7188
Q8BLU6	351164.0625
Q147Z4	725591.8125
J3QNA5	NA
Q8VD65	35017.27344
Q9JLA2	NA
Q8BHJ9	24205.80859
P13597	NA
B2RY50	NA
Q2PZL6	NA
Q91XE4	NA
A0A087WRG0	437811.4375
Q922Q2	NA
E9Q3W1	NA
Q6NZM9	NA
Q9QXE7	78158.85938
Q9D0J4	NA
Q03311	NA
A0A0U1RNN2	NA
A0A1D5RLM8	292049.625
F6RYD0	NA
E0CX53	1816280.25
P19785	125825.125
Q80TR8	37993.79297
A0A0G2JGU0	NA
Q99NH4	NA
P19091	9462972
Q8BYG9	103111.1719
A0A0H2UKB7	NA
Q9R1K9	420850.875
Q9JIK9	NA
Q9WUB4	NA
P97377	NA
Q9EP82	135102.6875
Q9D565	15668149
A0A6I8MX00	NA
E9Q5A6	NA
P70290	70656.25781
A2BDX3	787798.25
A0A075B664	519945.8438
E9Q3R9	NA
P53351	2022380.125
A0A3Q4EGR2	NA
Q9CZS1	NA
A0A1L1SSA8	NA
F8VPX4	75015.1875
A2AED3	NA
Q6GU68	NA
A2BDX2	82578.11719
Q9JIA7	NA
Q9D5W4	NA
Q61503	NA
A2AMN2	NA
P01657	218516.375
P62075	170353.2031
Q9Z2V6	1232025.5
P25206	NA
P01741	NA
E9Q359	NA
Q3U0S6	1009046.25
Q8R0W0	NA
Q9D706	NA
Q9JIT1	469783.375
Q62313	NA
D3Z1J2	NA
D6RFT9	NA
Q7TQH7	NA
Q8BJL1	NA
D4AFX7	40139.41406
A1Z198	NA
P19536	41383.51563
Q99LJ1	NA
Q9D1H9	NA
Q8R2M0	NA
A2AF47	NA
G5E8H0	132539.5156
Q2VPD4	444922.8438
D3Z479	NA
Q8BGZ4	87887.1875
Q6P1G0	NA
Q8BI72	NA
A2AVR1	346669.1875
A0A087WP92	NA
P59113	NA
Q99PS0	NA
Q9CZT6	NA
F6T4M4	588822253.2
E9PW20	NA
E9Q0X4	NA
E9QAF9	NA
D3YZ61	NA
P22727	580353.75
A0A0U1RPZ4	1946034.125
P43021	NA
D3YUL8	NA
Q8C0T5	181127.0781
D3YVJ1	158374.7656
Q3V1V3	NA
E9QP99	NA
Q8BHK9	NA
Q8QZS1	NA
P31750	NA
Q8CFI7	NA
E9Q7X7	NA
B1B0P9	NA
F2Z461	928883.5625
F6SX81	419318.4219
D6RGT5	NA
E9Q8M2	NA
Q61493	NA
Q8JZX4	NA
Q8BP01	NA
Q91ZK0	295045.4688
Q9Z0L0	155711.8438
Q61056	563824.8125
A0A5F8MP88	NA
G3X9H5	NA
Q8C436	56469.60547
Q10470	NA
Q8VEJ9	NA
Q8C7U1	NA
Q8R007	2340290.75
E9QNF7	NA
Q9D842	NA
Q80U72	NA
Q8K2T8	NA
A0A2I3BS41	89226.45313
Q8BLH7	17644.57031
F6Z595	482517.5313
E9PYP2	4931610.5
A0A0U1RPA0	242786.5469
Q8VDP4	675885.5313
Q8BNU0	195045.0469
D3Z408	186807
P57746	NA
Q9D952	1740794.5
Q8VBX6	NA
P52503	48027.88281
O70274	NA
Q99KY4	NA
Q8C1Z7	NA
Q99J31	13911.33789
Q7TMR0	NA
A0A0R4J086	NA
Q8K411	96665.36719
Q68FM4	358226.3125
A2A5R6	NA
D3YUE4	185206.1719
Q99J38	NA
Z4YM47	NA
Q99L44	NA
A0A087WQB0	NA
Q8R3E3	247963.4844
L7N205	434970.25
A2AQF0	112422.7578
Q8BMF4	NA
Q9CQY2	NA
Q9ER10	NA
G5E8V8	149107.5625
Q9D9M0	NA
E9PZY1	NA
Q8BZN4	NA
F6VU53	122440.25
Q9R078	826668.8125
Q9QYX7	4104654.5
Q9DBS1	149421.5625
E9PYT6	NA
Q8BX57	NA
Q9D172	NA
P56386	NA
A0A0R4J0J1	482530.2813
A0A494BB38	NA
Q3UQ28	26133.06055
Q8CGK3	1109620
P68404	NA
Q9QXE0	NA
A0A075B5K2	NA
A0A338P6W9	1073912.125
Q8BKX6	NA
A0A0R4J1R7	NA
Q9JJQ0	175997.5625
E9Q5K9	159482.7656
Q8BYC6	NA
B2KGD7	NA
Q6P2L7	259033.5
Q4KL52	NA
E9Q472	4231177
B2RV77	NA
P47878	NA
O88512	NA
G5E8G6	2514456.93
Q9D937	NA
