Accession	luminal protein 2.5
E9QPE7	891266452.5
Q8BTM8	1186988682
E9PVG8	652253562
P07724	20362061718
P01027	1032048565
Q9JHU4	675127071.7
Q921I1	3668021556
P26039	331120238
Q8VDD5	340338307.5
Q61838	673465172.5
Q80X90	229177611
P19096	202225835
P08071	249459187
E9Q616	645333936.5
Q6PDN3	228925952.9
Q64727	410092678.3
A0A087WSN6	89319607.42
Q68FD5	163027869.9
P57780	265432459.1
Q01853	302175960.4
P63260	4186963985
P58252	690052547.4
Q3U2G2	130804637.1
F8WIT2	432980559.9
P28665	239172259.7
Q8VHX6	71673811.28
P11499	804851215.7
P20918	209173171.3
P63017	537330055
P06909	440310742.1
P13020	685237222.9
Q6URW6	332194631.8
P99024	375422988.1
P21614	398234536.9
P10126	879909661.5
G3X8Q5	1546335604
Q02053	152724586.7
E9Q0B5	113510584.2
Q9JKF1	113509587.9
Q62261	260195356.7
P05064	462978569.8
P16546	70573912.97
P52480	369546576.1
A0A0R4J0I1	753534349.2
Q9D1A2	192529680.7
P24527	135384228.1
P26040	284433757.2
Q8CGC7	61034989.09
P37804	552334471
P15626	976251636.3
P27546	38295280.7
Q91X72	684746551.7
E9Q5I3	94540689.9
Q61879	54766486.45
O08677	261629876
Q9DBD0	62902556.8
Q8K0E8	240091945.5
Q9D7Z6	55782725.75
Q8VCM7	147986970.9
P23116	256685976.3
P08113	130437780.4
Q9CWJ9	101004674.1
O08553	70711738.02
Q8BFW7	81044899.63
Q61768	34176490.1
Q8CI94	102004891.5
Q9Z1Q9	56535708.52
A0A0A0MQF6	729004278.5
Q00897	1345695811
P30416	117120532
P97449	66577392.48
Q04447	360792963.4
A1BN54	103267343
Q61598	132332182.2
P17563	149420558
P06728	251033503
Q922D8	368320982.7
Q8CIE6	57411211.16
P27773	224151626.8
Q00612	127487921.1
P17182	706596873.6
E9PV24	163508621.3
Q61781	1116002915
P60843	116761107.5
P09411	370696903.3
Q9WU78	45493715.58
P62259	364940821.1
O55029	43000816.38
Q8VCT3	44334429.69
Q922U2	1511073001
Q8BND5	29230041.81
Q6ZQ38	157252298.7
P10649	990956357
A0A0R4J071	2699508.359
Q922B2	63560175.49
P20029	192984357
Q78PY7	68131488.19
P45376	144920393
P42932	138006394.5
P40142	336443734
P80318	81900749.05
P21981	101092673.4
P26041	121164730.6
B8JJN0	78002497.06
P40124	131263459.3
A6X935	34537518.94
Q9D0F9	90773057.07
P05213	212824183.5
P19221	50629053.88
Q00623	1246646927
O88342	113499950.1
Q99K51	216623717.7
Q3UU35	47184250.41
Q9QXS1	40469769.89
P07356	277204465.6
P17751	281571605.7
P35700	567760707.7
Q61702	24970854.78
P07901	192614332.3
Q91WT9	94054970.67
Q3V117	45294410.84
O88569	1012431753
P24549	87449169.03
O09131	406148645.1
P63158	251952927.6
P11983	34054127.01
P19001	837215889.6
Q543K9	91174351.79
Q3UPL0	30985627.84
Q11011	60054346.59
Q7TSV4	76072582.97
A8DUK4	2706003511
O70209	126409201.9
P80313	55018329.19
Q76MZ3	72731905.3
E9Q557	64934891.93
A0A1B0GSX0	347672553.6
P60335	79109912.81
Q8C1A5	48073611.84
Q9DBJ1	213273485.2
B2M1R6	107402704.5
Q9CPY7	60181162.77
Q501J6	43368234.06
O35639	61233899.2
P56399	406403037.9
P10107	202531877.9
Q9DCD0	335229908.8
Q9D8E6	58454578.33
E9QA15	46500253.95
Q64737	40626620.2
P29341	51568137.06
Q9QZE5	27222775.38
Q5SUR0	58685139.09
P01029	144546179.7
P70441	62842501.27
Q99JY9	95082099.09
O89020	64428417.34
Q9Z1Z0	27487479.05
Q9CWK8	50227118.28
Q61699	33357526.63
P10605	34698766.89
Q99KC8	42081692.49
P23953	414580514.5
P20152	42375502.88
P47856	11987372.55
Q61233	104091457.5
P12658	222249602.5
A0A087WS16	21409966.09
P00920	88672849.47
E9PWE8	72998760.18
Q8JZQ9	40031143.63
P50580	62710000.11
Q3U1J4	22642033.13
P17742	593227828
P62960	19301344.72
Q02257	43272632.59
P14211	94472544.06
P09405	113113445.7
P48722	29558053.88
Q11136	22484953.58
Q61696	92225095.53
Q8BZF8	42922765.77
P46471	21973209.59
P06745	132422921.9
Q8BGQ7	29163736.72
P50247	181515927
Q6GT24	116901940
Q8R146	14273753.47
Q8BL66	76017029.07
Q80T06	79323796.09
P80314	65796364.97
Q91VB8	2519036732
P28271	61681704.3
P06684	15265650.78
P32261	171588970.6
P08003	66353928.11
P19157	197054196.1
O70570	30581439.25
Q62523	78918897.69
E9PYH0	14140883.69
P62962	214450414.7
P10518	70375345.44
Q8VDM4	33461654.09
P97447	102913776.7
P62908	51774376.85
Q9D0I9	19733606
Q8BG05	67805665.95
O88844	139420627.7
Q00519	58955053.77
P63101	254651378.4
Q9CZ44	29348838.44
P48036	393467762.7
Q60864	71178066.03
Q9EQK5	31432804.97
P50446	171828549.3
Q8VDJ3	15444207.84
P26645	27279667.47
P47754	33186669.91
P68040	67910879.34
P29699	323914346.4
Q3U0V1	38258020.71
A0A498WGD8	23033011.72
E9PZF0	155623871.7
P48758	106878448.2
P07758	538157018.2
Q60854	68140105.88
P80316	78251490.13
Q60710	25440276.94
Q62318	33580946.52
P05063	181259313.5
P09103	109056407.8
Q3TXS7	24290503.16
P97429	60199438.84
A2AMW0	72058381.3
Q8CIB5	33696632.34
Q3THS6	18857236.16
Q08642	31138537.51
Q9WVA4	114803077.5
P11352	72305482.72
Q9CPX4	83166701.1
Q9JHR7	27439331.92
P50396	35103982.31
Q80X19	17588083.86
Q99PL5	58043368.52
Q8R1B4	17703858.63
Q9QYB1	260329543.9
A0A6I8MX27	171148279.2
Q8BU30	22702432.85
P97371	81989557.63
Q9CPV4	50340372.22
Q62010	45775957.92
A0A0A6YVP0	74881896.08
Q6A0A9	8689304.781
Q9R098	3580781
O08529	132190888.3
O70133	9059099.068
Q8CIN4	67230169.08
O08739	30480718.58
Q8R0Y6	11481548.36
P18760	320861297.7
P12382	18944012.8
B2RQC6	14933421.04
Q7TMY8	12164314.93
Q9D0E1	10335600.52
Q3UW53	29466912.75
Q03401	57123667.84
P00342	3633891.375
P55264	93880814.89
A0A7N9VSW1	37071768.96
Q9QUI0	26860862.35
P80315	70714669.37
P15105	41756381.88
Q8BJY1	19696318.95
Q9D819	42400710.3
Q19LI2	36782176.56
Q9JIF7	26592247.09
G3UXX3	40734059.91
Q91WQ3	34422012.96
Q99KQ4	9276714.938
P18654	13019554.82
Q3TVK3	23881453.64
P51125	12502079.97
E9QK48	27999869.63
Q9QUR6	31179579.63
P14873	12209625.5
P70296	218084028.1
P68033	129138806.6
Q91ZJ5	55028181.02
A2A513	1480356545
Q5XJY5	34339524.13
P68510	110610804.5
P28798	11521159.17
Q64514	6221977.406
Q8K183	154060000.4
P62715	110384854.2
Q8BG32	94863494.02
Q9Z2X1	97526574.5
Q8CI51	31078016.13
P01872	100343550.9
O70400	41791889.2
P03958	10494352.22
Q5SQ27	43381895.58
Q91X52	80963430.22
Q91VI7	97974198.69
Q01279	6401107.063
Q07076	21487198.09
P56959	37534240.34
P68254	60984270.84
P16045	132607361.3
B2RU69	14517888.28
Q61129	50363979
Q07797	7239643.273
Q8BH64	84354749.88
E9Q7Q3	49907585.83
P97351	61306185.47
Q9JK81	253009983.1
P08228	468557847.1
P80317	48943737.67
Q93092	589527080
Q61171	83868993.63
Q9Z0S1	32974021.76
Q6ZWX6	21949913.94
P05201	103603083.3
Q8BHN3	23587512.66
E9Q3M3	17057785.34
Q99KJ8	9267897.031
Q9Z2U1	52514772.52
O54990	10812347.56
P62141	32600472.11
Q8BH61	12440315.23
Q9Z0N1	31796678.5
E9QN99	57684199.66
P03953	111089261.5
Q9JII6	105529156.2
Q8C3V4	275801420.3
Q9Z1N5	46251692.91
Q61133	13711868.03
P47791	48938682.03
P62192	25935927.98
P27659	30863245.66
P39054	14518274.2
Q01339	57626311.47
E9Q9E1	10323459.37
P46935	17061386.59
Q8R016	40569613.83
P62242	52309574.02
Q61792	27153472.18
Q9D8N0	48624430.03
P19324	15589926.77
G5E924	21223319.17
Q9Z1F9	19345885.16
Q9R0P5	361236672.1
P97315	201868954
Q3THK7	12793460.06
P12970	54118115.28
Q60973	22216887.94
P39654	22256858.44
P61161	60985708.01
O88544	21256179.72
Q63844	62529785.41
Q99K85	22226101.88
A0A0A6YXL6	75933919.3
Q99KK7	45405286.3
Q61703	27111190.58
P97494	22215367.59
P70398	6618717.453
P49312	102503029.7
Q99J77	49410461.2
Q61362	713097.5
P08249	9280663.719
O08997	240930993.1
E9Q555	38718200.17
Q9JLJ2	34636090.81
P26883	64425730.5
Q91VR5	27540996.72
Q99PT1	198087443.1
Q9ERK4	25034440.02
Q8BKC5	30275860.18
Q80UG5	20705059.3
P16015	83989448.84
P62196	12310074.38
P11679	142841894.4
P32921	20043252.53
P47199	18226188.69
Q9JHU9	27857192.09
Q924B0	41832749.31
Q91WT7	46757980.65
Q8BPB5	12339722.41
Q9R1P4	57852792.31
Q62418	9781037.406
Q9EQP2	13674562.09
Q505F5	9651432.313
Q05816	20845475.63
Q9CX34	12160685.41
Q9CQ65	53090771.06
A0A0R4J2B2	58443417.13
P00329	195757367.7
P51859	84940942.94
Q3UM45	17933424.16
Q61176	15750015.36
Q5FWK3	28696380.73
Q8VEK3	38442347.38
Q6PDL0	3994698.156
Q61753	10419938.84
P08226	30830773.5
Q9D662	15466136.25
Q9D0R2	37522882.03
P11680	8586968.813
Q08879	12508672.28
O08692	119973.4531
P97384	16431205.72
O35643	32627479.75
Q8C1B7	21829051.34
Q8VC28	16236892.75
Q640N1	12593487.25
Q6GQT1	2509045.648
O89053	38059318.11
Q5RKN9	21199190.47
Q9EQH3	38365486.58
O08797	19121529.56
Q62465	16033868.31
Q6NZD2	24968684.75
Q9JKB1	20454542.73
Q8K0C9	145016393
P63005	25002703.11
Q61035	23655149.39
O35350	11850161.41
Q99LX0	107398446.3
P48678	15839141.66
P11247	2138108.875
E9Q912	7198968.813
Q8K3V4	10796519.13
P27612	9089397.281
Q9D154	47815169.83
Q91YI0	22639136.9
P26638	19960607.5
P07309	619764224
Q9CVB6	25766365.41
P46664	23181882.55
Q8VCU2	30141752.91
Q9DCT8	82348103.88
Q9DBF1	53116893.33
Q8C2Q7	19260123.92
P34884	104376792
P14685	11887344.51
P70460	9950511.609
Q3UZZ6	18608739.72
P08752	36758618.88
E9PYN9	752105.7813
Q9R0N0	17330938.09
E9PVU0	15212779.3
P14602	71395994.05
P70663	4409719.809
P62702	21243798.86
P62983	430949735.2
O55137	71072133.86
Q99LF4	25150028.44
P09242	63385.11328
Q9EPC1	40328116.23
Q9CZD3	14860736.89
P97372	57911745.02
P42703	159186301
P29351	9537031
P97290	40365510.44
Q9R0P3	59832697.52
Q9Z1Z2	16503834.53
P47962	76986821.8
Q9JHW2	29804368.23
Q9WV32	58670492.38
P06801	16338593.23
P24369	28793287.27
P21460	4420105.875
P60122	8908616.563
Q99JI4	15870498.8
Q9WTM5	31649360.39
O70194	14068572.75
Q99MN1	31095644.13
P10810	734185.125
Q8BMJ2	7310114.297
A0A0R4J039	89030377.5
Q8BK64	18690096.38
G3V018	7805130.266
Q8BP47	28453219.38
Q8BK67	10842517.53
Q8VIJ6	28817589.68
Q3UE92	14123720.3
O35685	22595242.02
P50516	21824723.5
Q9D8W5	14063978.8
E9PUD2	6747425.938
Q61553	13088346.94
Q05D44	72249029.61
Q91WU5	7991319.984
P41245	2180896.781
Q8BVI4	59166029.22
P0DP27	202949562.5
A0A1W2P6F6	213052397.6
Q9Z0E6	44326793.03
Q99KI0	9883222.094
Q7TMB8	19863473.78
Q9Z0U1	14582360.09
Q00915	61081124.84
Q9Z1Q5	75088583.5
Q9JKR6	6330286.563
Q64471	83398788.25
Q64442	14136504.97
Q8R3B1	6553845.375
Q3UDE2	7788955.328
Q61823	15580556.09
P62334	24596992.42
P70168	24360969.27
Q68FL6	6633160.969
Q06890	21131359.5
Q6ZWQ9	67154082.14
Q3ULJ0	88062950.66
Q62433	5239033.969
Q9CQT1	18214653.44
Q921W7	21695421.89
Q9CZC8	21997403
P70349	90129216.84
P25444	26895434.14
P48774	20195851.47
P31230	33313913.3
Q61166	62938035.67
Q9QWL7	151044545.6
Q00PI9	46758198.22
O70475	7450982.563
Q61646	7580669.813
A2AN08	11631319.93
P54775	53464290.31
Q9R111	16758405.44
Q6PGH2	11775205.41
P28474	117615613.5
Q8QZY1	12903484.45
Q7TNC4	18000439.06
P99029	56382105.53
O55222	20125173.16
Q8BJW6	3085478.438
Q61730	10723425.25
O35381	44812497.23
A3KMP2	583655492.3
P14148	62843640.67
P06281	6720681.406
Q9WVK4	42181312.72
O35215	42516316.44
Q62167	30878350.78
Q6P5F9	16192175.48
Q9D1P4	9132591
Q91YR1	20681194.92
A0A0R4J093	40560635.27
Q6AW46	3143811.625
P24547	8593057
Q9CX80	18774067.31
O09061	41958865.89
P47963	27831692.89
Q9CRB6	82011470.33
Q6IFX2	430685012.6
A0A0A6YXW6	3576082.156
Q9CR16	21855147.25
Q61247	45851044.05
P63001	259731028.8
Q9QZD9	22730537.34
Q8K354	19092328.73
P60229	37169180.22
Q924M7	9063833.688
Q09098	52280703.16
P04104	1454931420
Q6P069	50606726
Q6PDM2	43815113.56
Q9CZ30	16147576.94
P31725	27834921.89
Q9CT10	8321768.516
P11087	5276954.25
P24472	128225696.1
F8WJK8	89326689.1
P09528	40587767.99
P35235	29538595.47
A0A0G2JFY5	8467520.156
Q02819	9389444.094
D3YWF6	29877571.08
P06797	4583943
Q9DCN2	31332589.63
Q9DBE0	57192858.66
Q99J09	4977356.27
P54822	13014282.41
Q61704	3819516.313
A0A3B2WDD2	32696950.97
P61205	33166939
A0A1W2P7A1	54312396.88
Q9D8U8	41476210.97
Q8C0L6	1384608.219
G5E895	7723363.391
Q8VDN2	5945071.813
Q9CPW4	21398034.88
Q61081	13922186.12
F8WID5	132918053.4
P07310	17009394.97
Q9JMH6	19008794.72
Q9DCJ9	35460821.81
Q8C845	24805098.34
Q9DBB9	13790366.78
O88487	14694900.59
P97855	6204738.559
Q8CFG9	11793982.78
P63037	6130185.938
Q9CXW3	14067798.22
Q6P8X1	13852447.11
O55234	17832633.22
Q9DBG5	11719995.06
P47738	9419401.391
Q9DBR7	13682789.34
Q8R1Q8	12812572.91
P10630	17192362.91
P62814	26044144.71
Q9CQ60	31748560.14
P53810	33801803.14
P61222	6920417.219
P10711	10088596.69
P35564	4837439.25
Q60598	25956581.34
Q8VCC9	1515239.5
Q9WVE8	24894643.91
Q8K157	78549762.3
O09159	1747755.688
E9PVA8	6253297.1
O88851	27345051.88
Q61635	7604927.844
P54923	15164417.38
P14152	213185916.3
Q91YR9	39187121.34
P05784	197360185.9
P70698	2195096.719
Q6DYE8	5580356.156
P17427	7368470.07
Q8BWY3	13772451.09
Q8CAA7	8056355.156
Q3B7Z2	4137219.172
Q62426	81080436.67
O55131	5902806.703
Q8BML9	103685661
P26262	21311506.47
P24288	32311773.77
Q9WUA2	11845968
P97298	20608331.83
P01898	12485897.31
Q810B6	3394537.422
P63028	17954228.91
Q68FL4	19273237.86
Q8BX70	10494957.09
P14869	38857835.23
Q8BTZ7	14930512.2
Q8BJU0	10445213.14
Q9JL35	8728713.563
Q9JLI8	7005683.938
Q99KB8	4442895.719
Q8BUV3	5991225.172
Q8K010	10784416.21
A7ISP9	31948776.6
P28352	34978150.46
Q6NSR8	18743298.77
P47911	47118431.75
Q8BTS3	6009086.078
P26043	19983301.84
Q9CY64	15234517.05
O70435	48289119.95
P19973	13030494.45
K3W4L3	16665467.22
O08804	8423083.406
Q07456	7739223.828
P08607	5999725.5
Q91V41	11294070.66
P35980	20458313.19
Q99LD4	9682311.297
P15947	1111290.25
P50404	32808307.63
Q9R0Y5	22688898.63
P56480	1643138.25
Q9DAR7	13256699.57
Q3TML0	20351664.56
P17710	4266168.07
Q91XV3	4568415.063
O88685	11452746.7
Q61074	9070335.438
Q80W21	26179608
Q923D2	27351299.95
P17156	18642326.95
P04117	95261158.84
Q9CR00	7410592.109
Q8C7R4	32294447.54
Q9WTQ5	16771568.78
Q62219	52825824.47
Q9R069	4874398.594
P24270	19253960.16
Q8VDK1	4730887.25
Q922H4	2947957.875
P30681	59027717.19
Q9Z2U0	61066249.69
Q61990	4393930.156
Q9CQC6	32399649.16
Q921F4	14021868.34
Q9Z2N8	3173293.906
Q3TTY5	1171568788
P42227	5999428.625
O88958	7222437.313
Q99LB4	32073878.86
P62827	85921751.28
Q6P1F6	7531343.703
Q6S9I3	8263003
Q8BU85	9950077.5
G3UZ26	7356313.313
Q8BHG1	17573539.69
Q8R050	26076972.76
Q8CG76	19850777.67
F6ZHD8	9425398.203
Q8BGD9	11639032.16
O35887	367330.5313
E9Q414	162034926.1
Q8BZW8	6540242.844
P51885	45816429.84
Q9WUM3	25884183
Q64726	13274813.59
Q99MD9	8337430.906
Q4VAA2	4260981
Q91Z53	18556117.91
P01869	39168977.13
Q9WVJ2	13072784.66
Q9CY58	21923462.07
Q9JIF0	16351147
Q9QUM9	53686863.23
Q62446	10223890.5
F7CUP3	8184287.875
P29788	11711910.88
P70372	10301268.09
A0A1L1STE4	10430211.79
Q91V76	15149086.92
P00493	17851412.94
Q9CYR6	13488797.97
Q3TW96	8382440
Q9QXT0	4399817
P26369	4396696.625
Q9R0P9	8671003.438
G3X9Z5	464359.0781
P22599	360002161.3
Q05BC3	16414825.22
Q6Q899	8500721.359
P34022	33655296.03
P32067	16855740.52
O35744	2276244.156
P61202	5798665.969
Q922F4	14217365.42
Q9EPU0	13343355.12
Q9Z2M7	59608902.8
P97825	5543597.625
Q91W50	6424550.008
P51150	19133717.38
Q9EQ80	7115910.625
P62751	26027598.97
Q06138	11378905.67
Q9CPR4	21520463.76
O89079	39776069.5
P17918	22296357.88
Q8C0C7	63304535.88
P23591	21327666.56
O88456	30426789.93
E9PYI8	12097312.09
Q9JI75	5232600.25
Q62148	20709291.97
Q4FZE8	23251011.39
P26350	15696791.63
P70670	15323199.28
P63242	57613105.06
Q8C7E4	14925589.47
P61087	11630478.53
O09172	8595428.203
Q9QYG0	3533270.063
Q921M3	6799181.672
Q8BH35	9769838.438
Q9R1P1	14967691.58
Q6IRU2	40628288.25
Q9Z1D1	9016914.063
O35286	23921456.8
Q61655	9653797.859
Q9QZ08	7316518.063
Q8BVE3	4060937.75
Q9WVQ5	13920112.31
O35841	12398270.31
P63073	16818553.02
B1B0C7	2801050.957
Q9QWK4	5950897.5
Q9DBK7	10994769.67
Q9DBG3	10142835.3
Q78ZA7	14196434.75
O70557	66383783.58
Q9CQM9	23852008.7
Q91VH6	10811531.3
Q9D142	4430294.219
Q9QXC1	35023700.5
P97470	1328840.281
Q8BFY9	4241610.156
P62281	22719945.83
Q03265	738301.4688
G3X8T9	24861335.44
Q64467	17577403.08
Q99LB6	11302092.23
Q9CQ19	18473937.28
O54724	23330620.84
Q148R4	NA
P42208	16247571.97
A0A494B952	32547787.09
P09036	1655809.688
P0DOV1	10075315.58
Q04857	1927857.016
Q8CG72	28748176.42
P63038	11105296.44
Q9DAK9	59624269.31
A0A0R4J049	4484661.266
P46412	26523404.44
Q60631	71993595.03
P00683	NA
Q64674	14334270.36
Q8VCA8	5171830.5
P61164	8221061.75
Q8BTY1	17432283.91
Q8VCT4	16804632.69
Q8K4Z3	21035622.08
Q9CQB8	13502360.01
P43274	31399428.44
Q99KP3	14804556.44
Q07235	1183122
Q7TPV4	4637505.781
P62754	9684502.25
Q9CYT6	5308267
P62717	13976234.88
Q99K48	11959173.75
Q62422	4502613.805
Q01405	2496170.531
Q6QR59	18505231.63
D3YUT3	14074402.64
P26231	6173661.813
P54071	52590930.63
Q99KH8	5097794.906
Q9QY48	328154.4063
Q9DCC4	21414034.13
Q9CRB1	6412350.984
Q99L45	7207552.375
P70271	10387703.72
Q9WUK2	33697354.41
Q8CAY6	9315324.234
Q62093	25128901.72
Q9CQV8	120354055.3
E0CXN5	30713398.75
P54823	4641942.125
Q9DCV7	23291966.31
P32848	238462804.1
Q9JMD3	197352662.5
G3UXL2	40702438.03
Q6P1B9	6555299.438
Q9JLQ0	3669443.047
Q9WVJ3	3659752.875
Q99J36	6760377.219
Q9R1P0	37707668.63
P47713	6765776.465
Q9WTI7	5756058.438
P62911	6474499.125
Q9Z0J0	15480624.25
Q9DCT1	10173518.48
P62270	33586069.28
Q9CPU0	35354561.84
A0A0A6YW77	15922662.98
Q8C0E2	3915841.406
P97461	5766491.203
E9QP62	6444581.031
Q8R0A5	66359894.29
Q8C0M9	6655850.891
Q60967	6943586.281
P62264	29069680.91
P40336	2344819.234
P35979	22313139.53
P43276	6523650
Q9WTX5	16572888.67
Q8BG13	13220902.97
Q3UP87	1892162.313
G3X8T3	1949725.766
P58389	11746973.33
Q9R1T2	12079551.25
O35295	14563729.29
P45591	20452061.66
O08663	7469301.094
Q9DAW9	6023210.109
F8WI14	10807305.88
Q8C878	4254330
Q8JZR2	7696189.156
P16460	58777219.66
Q921M7	6221615.469
O54988	3164620.406
Q9D2V7	3308468.859
Q1HFZ0	22374931.63
Q9WUB3	3013795.313
A2AUD5	29513576.64
Q08091	8695123.063
P62918	25115211.47
O88947	7194019.25
P54728	42300436.75
P26443	5957583.438
Q61656	3825737.813
P61358	25419448.19
Q8BP48	4677331.219
Q8VDM6	7157466.688
O08795	14511313.53
Q3TGS7	128345572
P08121	3329527.219
P28660	29442995.73
Q6A028	6728636.305
P49443	3471616.906
Q61205	120917523.8
P35123	4370559.938
Q8BWT1	673034.5625
Q9ET01	9784293.75
Q9EQU5	51736488.16
P34914	7567083.172
Q9CZ42	5724061.625
Q542V3	3104897.453
Q3UXL1	6462246.297
Q9WTX6	4674458.906
P35505	2372441.188
Q9D0A3	17986109.63
P14206	43352561.38
P70202	7479724.281
Q9DAU7	25989932.91
Q9CR51	6565672.297
P11859	17887622.06
P70697	1915641.125
Q3UEB3	7355485.781
Q9JKX6	1764192.844
Q9Z185	33718066.81
Q60829	57971892.16
Q60737	4085694.371
Q9CWZ3	7505700.75
Q8CGA0	1667421.465
Q9DBZ5	4366119.531
P03987	10363070.94
Q91XU3	2205849.781
P01837	26150301.86
Q9QYC0	2262529
Q9CXA2	2783235.531
Q8R1F1	9109830.172
E9PUM4	3984875.266
Q6PDI5	2085313.859
P62317	10212623.81
P46638	56389913.38
P45700	459117.0547
P49710	4593158.781
Q99LD8	23798581.94
E9Q7G0	637735.625
P16110	10231268.59
Q9CQM5	27606342.31
P05202	8862779
Q07968	4768311.781
P99027	34143355.5
E9PX96	9237168.938
Q64213	4041807.547
P47811	2697134.344
G3X8U3	9907860.125
Q3UZ39	3588672.859
Q62376	12406002
Q9Z204	7758339.469
A2AJB7	NA
Q62348	43391623.5
Q9CYG7	4641114.656
A0A0R4J050	4287300.25
Q8VBW6	7442665.969
O88545	10612474.84
P46467	6177066.969
P39447	3958068.039
F8WIP8	NA
P35279	17535651.44
Q9CQI6	678283713.2
Q62384	2629427.086
P28654	16693363.73
Q62189	4915147.063
O35640	18849844.27
P49722	22190365.98
P48428	19850436.14
P42232	8500443.75
Q9WUM4	12901545.34
Q80YC5	2932183.719
Q6P8I4	4132117.391
A0A1B0GSU0	4690215.063
Q921K2	3626584.211
Q9R1P3	9838488.859
Q78IQ7	2792332.188
Q91YQ5	4444707.281
Q9QZ88	19908960.19
E9PY39	45635172.59
P13439	5619126.594
P40936	39303861.41
A0A0A6YY53	12193970.03
Q8BUR4	2882383.445
Q91V89	22433038.77
P28843	3919009.063
Q91VK1	7285200.07
Q9JM14	11946614.03
P63054	82366579.16
P30275	12797236.55
Q99JT9	2328212.547
Q8K182	2976333.766
Q8BH58	4588823.375
Q04750	3788980.572
Q8BIW1	2499942.813
Q8K3H0	10409957.7
Q9Z2K1	152542527.7
Q5SUT0	6993635.969
P48024	1693494.484
Q9JLV1	6690003.922
Q9DCC5	26444095.75
P60766	17480696.53
P00687	NA
P21765	25963136.58
P68372	107494531.9
Q920B9	3988645.734
G5E850	8025120.656
P63328	2537473.563
Q6PAM1	3761366.531
Q9D8S4	7235098.094
Q64520	6835349.125
P56546	5372497.781
P61982	57787733.88
P56212	6418196
Q61805	5434943.313
Q9WTP6	NA
Q9CQW9	3987381.5
Q06770	65462502.16
O89110	6056837.578
P63254	175362436.1
Q99020	22943167.72
Q8C166	6762887.875
P59325	6803374.344
Q60865	4619898.201
P35278	8906399.594
Q8K274	2266472.094
A2ASS6	130754989.3
Q8R0P4	10017090.22
O70310	5277379.531
P09470	1823280.203
A0A0U1RPG8	3188513.063
P31938	4157849.469
P62889	8008508.25
A0A0N4SVS6	28889084.88
H3BJW3	8419229
O55135	7586844
P61082	8361767.719
A3KGV1	NA
F8WJ41	9283404.156
P97379	5825041.57
A2AIM4	60720333.75
Q9Z2Y8	8117304.469
Q8BHG2	15311172.66
P07744	222560795.2
A0A286YDI8	1591861.719
Q8BT60	10135597.28
A0A140LHA2	4240361.484
Q76LS9	1513095.969
Q99JY3	11096923.92
P28063	13419928.03
Q9EQR4	834006.625
Q91VW3	9509044.906
Q3ULW8	3744407.516
Q921F2	10030137.06
Q9CX86	3444254.094
Q63932	6399037.547
O88543	8055561.875
P63085	15339942.88
Q61510	3791934.875
P62137	3017905.016
P28658	7890065.313
P0DOV2	8429850.188
Q8R1G2	6938179.672
Q6ZWV3	18025851.03
O08583	3678861.75
Q9D6Y7	7185088.906
A0A1Y7VMN0	4656198.508
P60867	16305195.56
Q8K4Z5	1198297.313
Q61937	31284190.19
Q9D1E6	4309210.523
Q8CEK3	4678871.391
P62821	10492551.56
Q8K3C3	1737986.875
P53811	13829555.58
P97314	3813345.25
Q91XD6	2057030.172
A0A0R4J1Y3	30976032.16
Q9DCZ1	13310160.41
Q9QXD6	NA
O55143	5906518.453
Q9Z1G3	4789190.344
Q00898	25587892.06
Q8BTI8	5796028.375
Q9DCL9	17102803.22
Q8BFQ8	576690.1875
Q8K426	719341
Q9CQR6	7622373.422
P13864	3389173.742
Q08943	1109553.813
Q9EST5	39285084
P19253	8435201.547
Q01149	2870273.75
A0A0G2JE99	3720097.777
P14131	83650467.59
Q6ZWN5	23190499.33
Q60662	4161581.141
P21300	981438.5938
Q9EQQ9	4723823.031
P63168	58014612.48
P10639	91780391.59
Q91VM9	1886724.5
O89112	10486353.88
Q8CC86	2299475.469
Q9D892	8234721.719
Q60972	5250644.5
A0A0R4J034	2920801.375
Q60692	25058527.53
Q6P4T2	1212935.391
Q9D1M0	5323998.344
Q64378	5833874.813
P22907	7841111.563
E9PXY8	2199426
E9PUD1	1733808.203
Q8BVF2	2047701.766
Q9QZM0	2250023.281
Q6P542	2106962.156
Q925P3	NA
P99026	25032383.56
Q61581	3966645.875
O08738	7939292.156
Q9DCS2	3884505.125
Q8CJ53	3862943.234
P41105	7003460.625
Q99JI6	9541088.813
P11031	15731445.25
P14115	16509659.13
Q62266	NA
P62830	8888691.891
Q91YN5	1448232.484
P98078	1257878.781
E9PXX7	5343369.563
P55302	2568673.125
Q3U5Q7	3428546.25
Q9D883	15101179.02
Q62009	6073910.969
P97310	1094091.75
O70251	16174723.75
Q80X50	2307560.18
Q6ZWU9	6345067.797
Q9QYJ0	6810769.781
Q9CZ04	3388811.875
Q9CR57	20216546.88
Q9ET26	2905413.031
O70250	605114.5469
Q61599	13979848.41
Q9D8B3	21437153.14
Q9D7H3	1791430.141
O09167	12716826.59
Q9Z0P4	965773.375
Q8CCS6	1809012.219
O35226	7416712.016
E9Q4K7	4203779.969
Q9CZU6	10111898.5
Q8JZK9	2156182.359
Q5SF07	511943.4688
G3X9T7	3587004.344
Q3TDD9	1314883.375
Q8R059	2752877.156
O54879	3373029.344
P13634	3927009.5
O54962	11236035.72
Q8K2Q7	4092781.43
Q99NB9	4397406.609
O70591	6367651.063
P62627	4248329.578
Q60994	30670832.5
Q8R317	7226360.875
Q9CQR2	11036475.94
Q03734	11693493.38
Q9CZM2	16892956.56
Q99JX4	10886402.2
Q9D0W5	6148355.625
Q6P5E4	998094.75
E0CYV0	11878565.25
P45377	9353323.242
Q9R062	4161549.719
Q9JKB3	76967326.49
Q9QUH0	12710976.47
Q8BL97	8642565.156
P59383	5121749.938
Q08093	802070.8125
Q8BH97	628163.375
O09164	NA
Q99MR6	3091371.859
J3QNU6	9755499.75
Q8VE62	2805079.063
P82343	2788297.625
P51855	4564034.242
P61089	48985696.72
Q9D8S3	1387800
Q3TJD7	12763235
Q61759	NA
Q6PHZ2	10857950.96
D3Z5G7	2003522.125
E9Q740	1664261.938
P97807	7085121.531
Q9CR70	4587675.844
P70195	20091662
P35441	321693.875
P70677	10877891.45
Q9DBC7	18279433.25
P84091	5184651.813
A0A075B5V1	6137626.938
Q60676	3099202.828
Q9CQE8	3127143.359
Q01730	18090527.68
O35127	1885333.75
P62869	40520695.31
Q7TT50	1364162.672
A0A6I8MWZ2	3756553.766
Q920E5	8205505.875
P53994	2566341.5
O35864	7637813.844
Q7TQH0	479617.6406
P62301	11175748.53
Q9JJU8	12059484.22
Q8VBV7	6346477.5
Q9CYI4	1150764.25
Q9D1Q6	10022038.44
P09041	788535.6563
Q91VM5	2466857.531
Q9CXI5	5394246.813
P47857	4462976.234
Q91VF2	13871632.59
Q8BVQ5	1189500.875
Q9DB29	5977713.75
Q5SUH6	1280925.625
Q9DB05	2308020.531
O35344	6223999.313
Q9CQW1	1552519.844
Q80UM3	6805983.094
Q99P72	681196.1875
H3BKR2	14356318.08
G3UX26	514696.5781
G5E8V9	1522913.875
P83940	11692833.21
Q7TNV0	5167006.398
P27641	1190867.188
Q6PDQ2	7194562.871
Q8BX02	948335.4814
Q6ZQM8	4868932.281
F8VQJ3	1211679.109
Q8K2T1	1292694.734
P16301	4224146.438
Q8VEE4	661042.3125
O35309	1651793.156
Q9D0T1	9792465.344
Q62165	NA
Q7TMM9	251674057.9
Q66JS6	2974294.953
Q8BP56	4511674.75
Q64339	3728337.531
Q8VI75	8301893.875
O08585	30552960.13
Q62084	1618235.313
P21550	2108848.531
A0A2I3BR29	5731927.781
P62897	4351480.859
Q8R574	4128105
Q70IV5	224214.6914
Q922D4	2782503.156
Q68FH4	9867930.313
P01899	3629994.844
O35593	20677892.31
Q9D8S9	3018070.922
Q6ZQK5	2311203.656
Q8BKG3	2791889.031
Q60739	4198546.656
Q6P9R2	2216125.5
P51432	1936930.414
O70172	2388418.188
P97311	1537347.672
P23780	NA
A0A075B5S2	1874876.25
Q8CFZ6	3379250.5
Q91YE6	2834537.367
Q9CX56	8741464.125
P01887	37621496.84
P12246	2463644.438
Q9JM76	80666858.63
Q9D8C9	937798.2188
P84089	11487969.28
Q9DBG9	3778398.25
Q9CR50	604038.2656
Q9JJV2	5956400.313
Q9WUU7	3911399.219
Q9CRC9	2496182.125
Q8CHP8	6607924.063
Q8VCS0	1898434.25
Q3UMT1	538754.0625
O70555	37132319.05
P62267	15715615
P62071	3530380.375
Q61881	2477311.227
P12815	2939594.047
P70671	583320.6719
Q5BKQ4	4146341.563
O54782	1272724
Q80VD1	2655249.906
A0A1L1SVK0	5957868.5
P62996	2634132.531
B1AQF4	3507982.688
P08074	3004330.313
E9QJT5	6814457.875
Q9EQ06	7379411.5
A0A0A0MQC3	4889260.781
A0A0A6YX73	5872376.094
P52623	20179979.59
P14847	4294485.031
C0HKG5	320588.125
Q920Q8	885684.1563
P97823	7005161.375
Q99LC5	3068675.125
P09581	4738405.469
Q8BP67	6619422.75
P59999	66341600.75
Q9EPK7	1170134.625
A0A1L1SRG5	1314015.664
A0A0R4J083	439371.4375
Q8JZV9	1858996.313
Q91WK2	5066147.125
P16330	2848200.984
A0A286YDF0	1031268.719
Q8CFX1	2201170.438
Q9D1K7	3915069.031
Q8VHM5	11214556.23
Q8BMY7	925335.0938
Q8K1J6	2782169.344
P20060	10287020.88
Q8VH51	1235284.813
Q64282	870757.4063
Q8CB58	15971465.78
E9PUA7	8096270.188
Q3V2J9	NA
P27048	3486084.766
Q68FF6	2239030.313
A0A0G2JES3	3655336.453
A0A2I3BQE0	3584185.625
P56380	2893358.719
Q8CBB7	7924918.578
P31532	3434911.516
Q99JX3	597084.3125
Q9D1C8	1529659.125
Q99KR3	3395819.938
Q9JII5	3036034.625
P70288	3183115.25
G3UZ30	933095
Q9D281	339879.3242
O08915	NA
A0A7N9VR94	9767184.063
Q8VEE1	3254139.344
P70303	1087138.125
Q3TCJ1	2230683.563
Q9DD18	4482190.375
P45878	2357836.5
P62320	9321898.563
Q8BGC0	1359541.672
O54774	6625206.938
Q8VBT9	494361.1563
Q99PG2	1622812.625
P13745	18107671.13
Q9CQI3	9426048.375
Q9JJN5	2751630.828
Q3THG9	3154891.734
A0A0G2JGI9	4127953.219
D3Z7C6	76359223
Q9DB27	3275807.109
P50428	NA
Q9D7I5	6878484.688
P51910	1184736.219
Q9Z1T1	2490229.578
P01644	4105222.125
Q6P5G6	2975406.406
P51163	479354.8438
Q8K1R7	1802632.438
P06869	240625.5781
Q8K0T0	3763922.438
Q8CG03	1194828.781
Q9DCL8	6754574.938
D3Z5N2	6644872.656
P52760	4606963.5
Q99LI8	7289057.25
P84099	20035022.31
Q9DCH4	12790475.56
A0A075B5M7	12688914.27
A0A075B5R5	7157165.625
A0A1L1SSH9	27539011.47
P41317	3087367.438
O70318	5614119.016
Q61584	3043788.391
Q61398	NA
P41241	3625835.781
P47941	4463113.688
Q61495	6631717
G3UZ34	2609491.797
A0A075B5T3	1121329.125
Q9D0F3	1767854.875
B1AZP2	1574308.375
D3Z7U4	1096896.598
Q9CQE5	741417.25
Q99L27	3222753.406
P47879	889588.0625
Q8R121	11643599.47
P62082	68140556.66
Q9JHK4	26435076.47
P97346	4918786.469
P31786	41413767.03
O55201	476026.3438
Q91VC3	469488922.8
Q9JI46	5283020.625
Q9QYH6	959188.125
Q8CJG0	3011842.813
E9PZF5	5298997.5
A0A2I3BQE3	5282793.625
Q9CPT4	2707087.75
A2ADY9	10496649.59
Q3UWL8	4225405.688
Q8K1B8	1598324.375
A2ARV4	4799021.813
Q9R1Z7	17472490.88
Q8R010	2797796.438
D3YTQ3	10310960.53
Q69Z37	6782600.422
Q91XL1	3853064.523
Q99NF7	746088.5
Q9WUL7	4347755.563
Q99KP6	2501670.438
P63325	1918187.719
Q9DC50	4169002.969
Q6W8Q3	2626900
G3X970	1931684.625
Q9JMG7	4396870.531
Q8CI32	529302.25
Q61191	4196878.406
Q80XD8	828442.7188
Q9D379	2853050.813
P61750	9106661.406
P39039	5068775.188
Q9R0P4	2240312.25
P35831	931643.2813
Q9EQH2	389057.3281
P23475	660191.4844
P62806	4814435.938
Q8BG95	3282900.438
Q3SXD3	1512525
E9Q2Q9	942829.3125
E9PV41	7784556.199
O70325	2636645.563
Q8CBW3	1197040.219
Q6PGB6	5570209.656
E9QP56	4612668.063
P83917	7941565.969
P42669	4715780.75
P57759	2169140.25
O70456	4841474.438
Q91VH2	2545986.875
Q80XI3	789635.375
F6V6T4	4528846.25
A0A0J9YU62	2601819.188
P18653	5369976.25
Q80ZX0	2033427.375
Q9D9G2	1227599
P35802	3997746.219
P23249	NA
P05132	3145622.281
P67871	2916747.992
P31001	5428670.313
Q9JLV5	1836743.75
Q80SW1	2436478.156
Q9CYH2	873426.25
Q9DBB8	2050893.125
P70122	3419338.625
Q8VEE0	2593315.063
P49962	1092363.078
P17897	16989918.15
A2A432	5435167.594
Q9WUA3	4058124.531
Q60668	130824443.2
D3YZP9	1759301.156
P70389	565479.6875
Q8VDQ1	8204986.688
P15864	6954036.125
Q9D7X8	2661605.75
P14069	79769403.07
O70305	138589642.4
Q8BH43	897237.3125
P58044	6189811.75
P60154	NA
Q8BYA0	1432295.703
Q64337	1470755.559
P18242	3763864
Q6NXL1	191713557.6
P20239	184073.9844
Q9WVP1	3208348.219
Q8VED5	4747772.445
P02798	3930568
A0A087WNV1	1188963.125
P25799	5264555.828
Q8BH69	4053333.594
Q9DCW4	21886763.14
Q923G2	1402233.922
Q07813	5224600.234
E9QAQ5	NA
Q64433	4867710.75
Q8WTY4	2623106.953
H7BWY6	4176655.219
E9Q1P8	1203094.129
Q3UJB0	429137.875
Q9DBG6	2955076.844
P61148	10988819.53
Q9QYJ3	1558273.813
Q8K3W0	4450395.406
D3Z0V2	1660960.875
P82198	3144658.844
P57784	6189041.094
Q6IRU5	5797878.531
P47809	8918560.844
Q91YZ8	2227913.125
P09803	14435276.19
B2KGA7	2985928.047
P70274	4491001.656
Q8VCI5	7946095.281
Q4KMM3	565174885.8
Q9EPL8	4459402.063
Q9Z0P5	3912933.344
P61255	13054719.31
Q8BY87	3368991.188
Q8CH18	2226840.656
Q9WTL7	72719137.25
Q8CDG3	1231778.123
P31324	426848.6094
P54729	1496556.461
P58871	452395.4375
P63280	6426288.5
Q8CHP5	4766501.688
Q6NZB0	3532899.938
Q9Z1R3	1328419.703
Q6ZWZ4	16423177.44
Q9QZE7	4070228.625
P97765	5405774.313
Q3UJD6	1593858.328
P61514	2304647.5
E9PV38	3777189.789
P15327	3089568.227
A0A0B4J1I9	3285165.375
Q9WV55	1925996.938
Q9ES00	2663663.273
O54983	2567268.031
Q62074	639439.75
Q62419	1565765.656
P49717	1240386.109
Q8VDW0	1168344.625
P26516	5881636.875
Q8K0G5	NA
P20352	NA
P37889	NA
Q8BVU5	1836104.594
Q3UMU9	2564391.828
P63276	3773543.938
P12025	1659316.5
A0A494BB95	7461164.531
Q3TLH4	237774.0625
P14106	1768863
Q9R0H5	1890959
P29758	1820486.813
Q91WE2	585830.5781
P62307	4898735.5
A0A0B4J1H7	806807.625
Q9Z1K5	2500015.609
O08540	1796625.375
Q8CI33	4057990.063
Q3THK3	5257515.5
P27005	NA
O88593	3720002.438
J3QN89	502085.5781
P97350	1584124.063
A2BH06	5335032.531
P61079	1704440.797
H3BLI9	7103410.078
A2AQN5	2439434.313
P33267	788176.375
O35326	1938315.406
Q3UH60	135241.0625
O35594	565990.4375
P41778	1977374.313
Q8BVG4	1004167.016
A0A0G2JGQ8	37553409.78
Q99LR1	444155.0938
P61965	759149.6875
P30412	1189779.188
D3Z6Q9	591024.1016
O88587	5473564.594
D3YYK8	1039317.848
P62774	16221711.63
Q5SYD0	1017256.609
A0A0U1RNF2	1705680.906
Q9JLF6	2131205.531
P12265	12287975.94
Q9Z1A1	3015754
P62878	4708354.313
A0A1D5RM23	3448255.031
O08807	11091858.72
A0A5F8MPZ2	48790593.5
Q61249	1120946.156
Q9D1M4	4351492.625
O54734	793869.9219
P70158	NA
Q9CQ48	6744313.5
Q3UHX2	11578791.5
P28667	2540776.656
Q80UP5	4411364.023
Q60902	19899869.72
Q80W22	1407668.328
O09044	593836.4531
P01642	841390.9375
Q8K2F8	1168939.344
Q9WTN0	7151677.625
Q3TNA1	1283994.188
Q9DCG9	4092363.781
P70695	1096546.125
Q61414	600371.875
Q8CHH9	4482925.141
D3Z660	872268.625
Q61087	4707732.406
Q78JW9	4093152.5
Q8JZL3	1556085.188
Q9D0M1	2349283.625
Q9CPX6	2139421.313
Q9CQF7	NA
P97816	8390311
D3Z2H9	10351142.31
A0A0A6YW06	615223.3125
P38647	NA
P97864	1577798.438
P22935	6929846.156
Q6DFW4	6720572.984
Q9JHQ5	2052586.469
P62855	14637535.31
Q91ZX7	245472.6094
Q99PV0	6196907.027
A0A0G2JGU4	1860519.75
Q9CR09	3153712.172
Q569Z6	788652.2188
E9QJW0	1238434.484
P08030	15813368.34
Q80SU7	6403238.766
Q922J3	929369.8125
Q05186	542792.0625
P60710	NA
Q99ME2	799380.4219
Q8N7N5	1656851.547
A0A1D5RMM8	958583.4844
P30933	NA
Q8BM26	NA
Q63829	1397369.469
Q61391	1826508.891
Q9CR26	5217682.844
P10761	1721063.125
P62849	6623475.969
Q9D1G1	3032489.477
Q9QZQ1	1594675.594
Q9R0M5	1734058.563
P61971	10310453.59
P61327	6084307.813
Q9QY36	1000903.656
P62315	4627984.781
Q8CG14	3040502.75
P60840	NA
Q3UN54	NA
Q6PGF7	945525.0156
Q91Z40	266935
Q6NXH9	29240153.17
Q99JB8	330559.6563
Q02248	84296.78125
Q9CQJ6	1032909.531
Q9EQ32	1228195.594
Q9D0L8	3802720.938
Q7M6Y3	4390320.836
Q8BH93	1236164.125
Q6PIP5	2370100.688
A0A338P7E5	6750058.355
Q99JI1	1037455
Q6P5B5	197357
Q9EPN1	1980832.625
P49182	76470546.86
Q6EDY6	NA
A0A140T8M3	1509435.25
Q9WV54	3219336.219
Q02105	1257681.125
Q9EPB4	6790443.719
G3X9C2	2495007.301
P83741	6624808.84
A0A0R4J092	2401881.25
A0A0R4J140	2976209
Q9CWW6	198498561.5
K3W4Q8	2602065.875
P01592	2675897.813
A0A0R4J256	6862941.797
O88271	1208862.406
Q9ER72	803756.4375
A0A5F8MPP7	5393550.512
Q9D5V5	8184543.875
P70333	5702908.5
Q9Z0Y1	3519607.688
Q9CQH7	4612191.438
Q6IME9	20589135
P36916	1841470.563
O09114	2883172.969
E0CYT5	1345796.5
A0A1D5RLN7	7545209.875
Q9D358	10960811.97
Q9D9X8	NA
Q8VDG5	1856107.875
P49442	957708.3125
H3BJZ9	23980885.03
Q9CWL8	NA
Q8R326	NA
P84104	24144695.2
Q8BFZ9	1218824.5
E9Q394	NA
Q61187	2985926.406
P62257	1074090.281
H7BX88	1607864.461
P63087	15193811.61
A2A5H4	721226.75
Q3TEA8	1195934.906
Q99KW3	648356.9922
Q3UIA2	443240.0156
A0A140T8M2	6819364.563
P62900	14520028.49
Q8C6B0	2580513.656
Q8K2V6	198524.0156
P62311	2177064.188
Q7TMC8	1026847.01
P46414	2471788.75
Q9QXZ0	591162.8281
Q62048	9446345.469
Q91V12	2513343.875
P18419	2492151.859
Q6NZN0	25949243.82
Q3U0V2	NA
G3X957	NA
Q8R4K2	2178088.578
P62852	6362645.832
G3X9K3	8903859.141
Q9Z1W9	1739142.688
Q9QY24	133276.8281
Q62159	2764102.984
Q6P2K6	1584123.906
P28867	1113890.5
Q9D1J1	NA
Q6ZWZ2	1573701.375
Q8R5H1	29155729.7
P56375	3286067.156
Q9WTZ1	789026.4375
Q9WU84	839012.5313
Q9D6H2	1129433.25
A0A6I8MWZ0	2206655.188
P10493	1684807.531
Q9CR86	2016900.5
Q9WVL0	1951202.406
Q9D2R0	1432129.875
Q9Z0G0	271988.7188
Q8BUK6	4238774.594
Q9CY66	313706.1875
P60824	2267647.688
P06683	2845438.375
Q6YI28	NA
Q8CBY8	712703.1563
Q91VA1	638082.0313
P97425	5151764.125
Q60866	633422.5625
Q9Z1R2	568828.4531
Q3UI43	805045.125
O54984	3579738.063
Q91ZR2	2078260.25
O08784	303824.4688
O54833	323043.0313
P10922	277042.5
Q9D8C4	9491752.234
Q9JHH6	1453440.5
P67984	5602918.313
Q99J83	867456.25
Q64669	542979.0625
Q3UQ44	450786.25
P43275	7376485.75
Q9ET54	1409734.625
P49586	1947713.219
Q9CQ92	1324040.313
Q8R409	2653332
Q9EST4	1206746.359
A0A2R8VHP3	54360460.92
Q05920	1309791.656
P43277	NA
Q5M8N0	3241832.313
Q921J2	814194.1094
O09043	NA
Q9JJ28	17463962.44
A0A075B5V8	10994771.63
D3Z598	1382935.859
Q64345	1286472.656
P56394	488384.0234
Q3TBL6	951592.6875
P56812	2187924.438
Q60596	165009.625
Q8VCN6	2658561.188
Q0VGB7	509926.3438
P01675	850524.375
A0A075B5R0	729332.4688
Q9R008	165524.3359
P63166	1187807.125
Q61371	540755.1094
Q9JMG1	2409532.016
P18528	NA
Q9WU28	5804073.844
P09055	1022111.563
Q64314	575829.1875
Q9QUN9	NA
Q8VE47	3631526.844
A2A7K5	1022283.719
P09813	30327986.66
Q8R0H9	12147211.13
P61021	NA
Q5SWU9	280387.8438
Q9D898	337839.8438
A0A1B0GSF9	1098489.594
P11404	4426628.063
Q9DCH6	1995866.625
E9Q0F0	419414605.4
P61957	29322010.88
Q80U87	17582462.5
Q8R2S8	2118527.25
P54726	3148601.531
Q02788	5659916.844
Q9JHW4	3029016.969
Q8K0Q5	820813.3906
Q69ZN7	6657923.25
O08800	2362362.5
P52430	15514710.88
Q8BPB0	3405948.875
Q63810	953902.375
Q9D0M5	8009327.031
P01638	1257853.438
P81117	2004317.594
Q8BW88	6059798.547
P51437	NA
Q78JE5	2543577.844
Q9Z2X2	1640432.328
Q2NL51	2498573.734
P23578	760932.5
Q9D820	967199.0938
H3BKU1	341286.9063
Q9JMA2	13597425.78
A0A0R4J0H1	592419.1875
A2AQ19	202093.9688
Q9CYA0	823069.7188
A0A075B680	NA
Q9JMI7	1903130.5
P55292	NA
Q9R059	294133.8438
Q8VEN2	9148910
Q8C0D5	21357068.77
O35601	NA
Q9R1Q7	1009349.625
Q9D263	1733036.125
Q8R3C0	1732431.781
Q9ERF3	82728.35938
Q9D967	322700.2188
Q8BP92	375454.4375
Q3UMF0	84463.59375
Q921K8	1694116.145
Q9Z2V5	323188.375
P10404	NA
Q9CXL3	603423
Q9D0C4	356336.625
Q91WG2	363873.125
Q91W89	826215.9688
D3Z3B8	1058529
Q8VD62	47335872
P05480	1008084.766
O08759	784784.75
Q8R5I6	3340724.016
Q6PAV2	1629526.078
D3Z4U0	2459366.563
Q6IFZ6	8761618.5
Q8VC30	889519.0938
Q60590	14268544.88
Q6ZWM4	1772502
Q80UY2	252362.2188
P30115	5481764.375
P37040	925647.5938
Q3UE37	2158575.281
F8WHM5	284397.1875
Q9JKV1	NA
P0C027	3413038.813
Q9QVP9	2476018.992
Q8BGZ7	12936297.22
Q8BGB7	1261234
Q9ES74	1188353.563
Q99PP9	249346.2813
Q9JLV6	570126.2188
Q80UW8	655675.5156
P32233	493178.75
C0HKE5	8245319.75
Q9D1J3	4354967.031
Q3UFY7	3690769.813
Q9CSU0	869583.2188
Q8BMK4	1044792.375
Q9ERG2	1234955.344
Q8BFW4	186884.2656
P50518	2619230.063
Q9CSH3	232581.375
Q9DBH5	8431372.75
F6Q404	8245317
Q5EG47	390501
P11214	NA
O70494	107420.7656
P62748	931067.1406
Q8BHZ0	1695879.625
P08730	NA
Q61406	1876824.75
Q9WTX2	712383.0938
O88811	504096.5313
S4R191	NA
P49138	1248396.594
P07091	1443775.691
P15501	NA
Q8CES0	1071229.063
O70492	3459863.922
Q64012	1023625.781
P02301	10823791.52
Q8BGR9	5946087.516
G5E8R1	1283488.156
A6H5Y3	524583.5
Q9JI90	201151.2813
D3Z3N4	564459.6875
O08638	3386360.75
P00015	NA
Q3UHJ0	147327346.1
Q9D020	1798387.359
Q9CQ86	938126.875
P00375	2188422.719
Q9EPQ7	4494090.563
Q792Z1	19244576
A0A0N4SW28	1592102.563
F8WHV1	NA
A0A5K1VVS7	238679
G3X8R2	554946.875
A0A140T8N7	497092.3125
Q8C052	447571.75
Q8R0F6	450951.2969
Q9QZ73	84560.58594
Q9ERE7	5474825.75
A0A075B5M1	NA
D3Z4J5	360039.3438
Q99JZ4	913325.25
Q62241	1607850.625
Q9QXA5	1784363.875
A0A0R4J065	318983.125
Q61999	NA
Q8BSH9	1823487.625
P53986	850766.75
Q9D832	442488.6563
Q9ESL0	389307.4063
Q9WU63	489748.0313
Q9CXY6	1076901.25
Q9Z183	14714317.5
Q6WKZ8	143158.7734
P08905	NA
Q9JMA9	864225.3125
Q9QYR6	2011155.969
O35955	1822288.313
P40240	4560309.125
A0A0B4J1I1	299205.9063
D3Z1M1	4377027.688
Q6ZQI3	239566.3594
Q9DAJ5	884995.5
Q8BPU7	191839.2969
P50289	NA
Q5SVR0	184303.2656
Q3TIV5	838670.8125
P32037	NA
Q921I2	178160.4531
O35682	679629.25
O08749	967065.1094
Q8BMS9	440009
P54731	1198251.875
O54916	405149.9219
Q8QZT1	947943.5537
Q8K0U4	NA
Q9ER00	NA
Q9D1T5	414519.875
Q52KI8	3617931.594
P39053	1135845.125
Q9DC51	1693417
Q71FD7	1282619.719
P49935	1036266.563
P48759	NA
Q8R5F3	2728905.246
Q8C4Y3	787305.8125
Q8BGS2	599258.6875
Q9DD02	1535025.281
A0A3B2WBC6	1548898.906
Q9CZH3	385985.9375
G3X9Y6	276835.9688
A0A0R4J0H7	464941.6563
Q9R190	842158.8438
Q63805	NA
O89023	347519.1875
Q9JI48	578543.6875
Q08288	87259.42188
Q60648	NA
Q9Z2A5	591330.0313
O35382	9666467.125
Q9JHJ0	1008279.188
Q8R3G9	273534.3438
A0A668KL36	209875392
Q8R1A4	2099717.25
P70445	NA
G3X8S8	737094.5625
P97471	1046059.625
A0A1B0GSM3	125294.4219
Q9QZZ6	NA
Q5EBG6	NA
A0A498WFS2	11341065.73
A0A075B5P1	461081.875
Q9CYN2	NA
Q8BHL8	46798371.41
A0A0R4J1E8	880051.7188
Q3V1L4	1123388.563
Q8K2Q9	816286.4375
P63082	383339.0938
Q9D787	78875.74219
L7N1X8	1385586.516
A2AF33	4544307.25
O55013	8031652.031
Q04207	552237.1875
Q9CQD1	550611.875
Q9ERU9	503174.4063
B2RY56	124982.7266
D3Z4S3	6278994.688
Q61189	912514.9375
A0A140T8N5	630970.0625
Q8VCC1	659206.0625
Q9CS42	NA
P70399	NA
Q6P2B1	145903.0547
A6H5X4	478728.8613
Q8BH95	1313019
Q91VR8	NA
Q60949	700468.5156
Q6PFR5	1850711.25
A0A140T8M0	5466584.25
Q62000	3194581.156
Q9CX60	NA
A0A0R4IZY6	5734290.531
O35566	267122.1328
O55229	2077276.25
Q9DBS5	NA
Q9CQW3	NA
Q9QZ06	130945.2891
Q03963	351353.25
H3BJ82	94545.47656
Q9CRA5	181647.2344
A2AGS2	NA
Q9DC16	776964.4375
P25688	NA
P01630	368542.8438
Q6NV83	758030.0625
P47880	526564.1875
O88312	296059.0313
P01635	3018674.25
A0A0R4J131	1218857.875
P61759	2535209.75
P62892	1445394
P61028	360429.3438
F6SJM7	3165152.43
Q80YR5	728919.625
Q99J45	268572.8125
Q8R0A0	2385346.094
P55258	9545482.844
Q64444	NA
P13595	NA
Q91XF0	1820812.805
Q6PEV3	87308.21875
A0A075B5N4	261854.5
A0A0A6YVW3	NA
P35762	396568.8125
Q91XD2	1405610.25
Q8BMA6	1282965
A9JTY7	NA
P97431	1666176.375
Q61107	389601.8438
Q9EQG9	735489.2813
O35901	12831914.38
Q9D103	1353539.75
Q61024	179406.2031
O08547	1589079.125
Q60855	312710.5625
Q9D1K2	972993.5313
Q5SUF2	1936306.438
E9QLB2	873272.0625
Q9CQ80	3428464.125
A0A2I3BPG9	10408823.13
P83870	476602.125
P55065	1238021.969
E9Q3Q6	46605.81641
Q3TC93	765226.7031
P35282	271746.0938
Q61151	NA
A2AFQ2	283480.9375
Q8VHL1	4618229.313
D3YZZ5	10248119.44
P04247	446952.875
Q99JT2	474731.4375
F8VPL5	3257179.197
P98086	5287996.781
P16254	329414.0938
A0A1W2P8C6	NA
Q9JHI5	NA
Q8R5F7	709878096.1
P17095	646793.5
Q91V77	3282899.5
P35550	575304.3125
Q80ZQ9	153832.0156
Q80X73	228117.4063
A0A087WR57	393874.0313
Q6PD03	3172964.469
Q61550	NA
P97352	978200.1875
O08976	5949492.5
Q8BVA4	12317049.69
Q99KN2	NA
A0A0R4J138	143819.8281
P70124	1653287.625
P32020	401797.5625
A0A075B5Y4	NA
Q8K023	1287443.438
P15379	201016.3438
Q6ZQ58	816621.0625
Q9WV03	NA
A0A0J9YUG5	NA
Q9D1D4	11674079.34
Q9JHL1	454388.9688
P47968	6985413.906
G3UYV4	888761.1094
Q9QWR8	NA
P46737	25097785.72
A2BGI8	1632529.078
Q8VC31	6614007.883
Q9ESY9	NA
Q6PDG5	NA
Q6P6I6	133461.6719
Q7TSI3	NA
Q3UV17	800323456.3
Q6PF93	NA
P70362	952170.75
Q921U8	561262.4844
A2ATP6	29467.33008
Q80UK0	467838.3125
A0A2R8VJV3	1240568.25
A0A087WNT2	NA
Q3UY34	39078.73047
G3UZR1	3182705.75
Q9D7S9	14972477.14
P84096	NA
P17426	1023171.5
Q922E4	401117.5781
Q61473	22157.1543
Q61268	751761.625
O08992	1132650.75
P68373	5975499.188
P97821	257672.5156
Q91X96	1466328.594
A2AQ45	752136
Q8CIV8	697865.4375
P60670	NA
O35969	689082.8125
Q61239	941818.0313
P21279	289643.7188
Q99K95	NA
Q9CRD4	848376.625
Q9D0J8	85095264.75
Q8K3G9	442952.7813
Q9CXF4	1078746.516
D3Z6I4	1506961.094
Q80UY1	NA
Q91ZR1	NA
Q91VW5	70805.74219
Q91YP3	NA
P24668	1112059.594
Q64324	NA
Q9Z320	2397667.313
A0A140T8N3	2212765.5
Q9JMD0	NA
G3X982	1349231.719
P29595	11682490.97
Q8VED9	NA
A0A0A0MQA5	6704944.719
F8WHX2	2803804.25
Q9WUD1	306372.625
Q8CHW4	1711568.375
O88351	NA
Q8BYZ7	272576.4688
Q8VDD8	724338.8125
A0A0G2JFZ3	518406.4688
E9PX53	9612778.344
Q9Z2L7	NA
Q9ER67	36383.93359
Q9D8T2	895642.7813
P35492	1556874.996
Q923L6	2159347.75
B0V3P6	112815.2344
Q5U5V2	360911.5625
Q9D554	377739.125
Q91YH5	14397647.49
A0A0A0MQ99	798142.3125
Q9Z2T6	NA
Q8CGY8	1498889.297
A0A075B5R2	325609.5625
P61963	1708612.75
Q62172	41649.66016
Q9CW03	259639.4219
Q80UP3	115642.3594
Q9D0K2	NA
P29452	751750.375
Q06180	NA
Q64152	NA
P62858	1981135.875
Q80V42	188190.4688
Q8VC03	60741.64453
P56389	467360.4063
P01132	NA
D6RFU9	641358.9375
A2AJI0	49602.01953
Q9D0B6	2256643.125
Q91X43	80431.71875
P35585	2883844.5
P54116	2501399.594
Q05144	NA
Q99L20	7614960.375
Q8VE88	NA
O88842	346809.375
Q9JMH9	5406058.531
P21570	892823.2656
Q8BIJ7	234966.0781
E9Q6J5	NA
P62313	NA
Q8CAK3	382284.2539
Q9R269	380185.1563
P54103	377989.2031
Q61475	NA
E9QP49	283648.6563
Q8CD15	668668
O89017	915975.4375
Q9QXB9	1666937.172
A2API8	762932.75
Q3UPH1	1047898.063
Q08189	1547134.625
Q63918	815228.125
Q9D708	1136975.625
Q9D309	196357.8281
P28653	1004734.75
Q80WT5	1925583.703
Q9D1R9	4271724.5
A0A0R4J0R1	594976
Q8BHD7	1059581.367
A0A1L1SS27	634324.5625
Q9DB16	NA
P01680	660918.3125
G5E911	2305655.031
P51949	129603.3047
E0CYW1	2108137.875
Q6ZWV7	4154865.25
Q8VD75	1847186.859
Q8CF89	291571.1328
A0A2R8VHF9	250617.9453
Q8R3Y8	NA
Q8R5F8	3326954.938
Q9D0B0	879592.1875
F8VPP8	778418.9375
Q9DB34	NA
Q6A026	191364.7188
A0A0A0MQF5	508656.75
Q8R550	9696205.82
A0A0A6YXN4	611415.625
Q9JK23	NA
Q99M31	8219485
Q7TQK5	709419.4375
Q8CGF7	3249841.813
Q8VE70	2309271.531
P62274	1926057.625
Q9JJI8	648894.8438
P08207	10618490.63
Q3V140	608833.375
Q8BXC6	355648.9375
Q60575	NA
Q60960	1900221.656
Q8VHN8	325631.375
A0A0B4J1J5	2023480.813
Q7TPR4	2713943.375
Q924Y0	407254.25
Q91WP0	352107.8438
Q8R5J9	2379973.281
E9QKI4	119763.9844
Q9EQI5	1004995.125
Q99LN9	NA
B7ZNL3	NA
Q61749	1148401.844
Q3T9E4	1394975.719
G3UYF9	877636.4375
Q8CIH9	NA
P09671	939076.5938
Q8CCP0	60697.51563
A0A6I8MWX0	538590.1875
Q61765	NA
Q80XU3	4712969.125
Q91UZ5	1234829.313
Q61878	1520718.75
P01901	NA
Q924H7	53958.98047
Q9QUR7	NA
Q99KN1	NA
Q99J99	2476670.625
E9PWC8	192582.9063
Q9CQ71	602941.8594
Q9Z120	1106223.375
Q99M51	4127706.156
P62835	427430.2813
Q3UMB9	2601095.25
Q9WUP7	4870602.047
Q8CGE8	770976.5938
O08848	1043658.688
Q3UYI5	NA
Q9JLM8	4242633.523
Q9ET66	13750219.31
E9PYG6	NA
Q91WN1	272091.7813
P04627	354622.5938
G5E874	NA
Q8R2I5	NA
Q9DCB1	103388.9297
Q3UGR5	631688.875
Q8BGW1	561816.6875
P02089	1701833
Q9D071	171141.25
P17047	2192708.25
P62254	633432.8516
O88968	875619.5547
A0A338P7L8	1568219.875
O88384	429440.4375
Q80TM9	1796929.375
O35551	2756221.25
P51660	237245.4688
P34928	2749649.417
Q9JHK5	7124213
A0A0R4J0B2	NA
Q8K1X1	NA
Q6NZC7	5395845.813
Q8K205	3449492.563
Q8VEJ4	NA
Q8BR90	NA
Q64478	5042817.563
A0A0G2JE31	256581.4844
Q9QUJ7	NA
Q91YP2	1973701.531
Q9JL16	607050.3125
Q7TN75	329663.625
Q00899	NA
Q9D115	1484641
Q60996	509098.875
P29416	2056620.266
Q8BVW0	72526.39844
Q9Z331	799054.3125
Q9D9V4	221665.3281
Q61595	NA
Q61033	NA
Q61687	271722.8438
Q8CCT4	NA
P61961	4192685.063
A0A338P7B7	4786192.125
Q60749	2093606.063
Q497I4	11954291.13
P62843	8912583.25
Q3UN27	NA
Q9D6N1	263261.9375
Q9CZX0	663680.1875
P98083	NA
Q6P3D0	1141452.031
A0A0G2JFA8	1890914.375
Q9JIK5	2950327.234
Q99K28	298291.8125
Q80UU9	1992118.063
Q9Z0F7	1156084.438
Q8BHL3	NA
A0A0A0MQC1	2865364.5
Q8BLY1	630907.6875
Q3TRM8	NA
P01655	1312846.875
O08582	NA
Q62351	NA
Q9D4I9	184059.375
Q9WUM5	421481.5625
E9QKC6	NA
A0A075B677	NA
Q99LC8	NA
Q8C1Y8	NA
Q9D5A0	25084472.69
Q8K3A9	33817.14063
Q8C0E3	NA
Q9QXD8	99356.37891
Q99JP4	400873.125
P21956	995588.625
Q8K003	3363550.313
Q60823	4873096.547
A0A494BB18	205865.6719
P98064	NA
Q9ES52	337279.3828
A0A075B5Y1	NA
E9PX68	NA
Q8R1V4	415007.4375
Q9QY93	363139
Q9CYU6	228635.1406
O55142	463793
Q8C5N3	2013522.875
E9QND8	NA
O88622	524071.3516
Q02789	NA
A0A075B5R7	1461351.75
Q569Z5	8850521.469
Q8CFE8	307706.4688
H3BJM1	105257.7578
Q6P5B0	821111.375
Q91YT7	454075.6875
Q9CU62	20879262.25
Q9JIW9	547179.125
Q9Z0R4	1189406.602
B1AVD2	19724428.19
Q8BWR2	157755.7813
P61804	1108143.781
G5E897	2401598.898
Q9CQS8	1627002.938
Q6NZF1	326527.5
Q9D6Z1	852474.5625
Q62077	512398.5313
Q9R0Q6	149280.2813
Q8VEH6	138101.6563
P61211	NA
Q925B0	NA
Q91VJ2	273371.375
Q99LU0	NA
Q810A7	798735.9219
A0A0A6YWB0	NA
A0A075B5T2	1052313.125
Q9CWS0	195570.875
Q8BRF7	1117274.875
Q9JLI6	NA
Q9ESX5	139467.5
Q8VD04	99779.92969
P56387	2502607.75
Q920Q6	385362.375
Q923L7	1469356.625
Q61686	971921.8125
Q99PM9	NA
A2AA85	NA
A0A0G2JFE9	1716495.063
Q8BXG3	165239
Q9QZB9	NA
Q9JKY5	772271.4688
P97927	436355.6719
Q8K124	136231.6563
P16294	703700.8125
Q4KML4	6702901.375
Q9CRB2	162373.0156
Q8C460	1598332.906
Q9ERL7	543643.875
A0A075B5S6	687759.25
A0A140T8P3	795834.9375
Q91YJ3	438451.8125
O09110	250915.2031
Q9QYB5	174563.3125
F7C1U0	NA
Q6PAR5	360446.9688
P59242	296290.5313
P52927	NA
A0A338P6K2	3575276.75
Q8BFQ4	616365.375
Q9Z1B7	NA
Q3U0K8	81436.4375
P20108	293410.0625
Q91V36	1719647
A0A0A6YWI9	1014204.938
Q8BI79	289030.0156
Q9D5V6	NA
Q60715	2750195.25
Q9CQX2	1057862.406
Q60772	1894559.344
P48962	1783905.375
P12032	NA
Q8R460	NA
C0J8I2	NA
O55091	NA
Q9CWI3	2332005.641
A0A0R4J0S8	702589.4375
Q78PG9	647943.4375
P61458	10570112.81
Q5DTM8	72128.73438
Q3TWW8	1924924.625
P26450	788919.8906
Q99JF8	2013996
Q62522	NA
P51863	46674.42969
Q8BYN3	NA
P35293	49363440.75
Q9Z1E4	NA
Q8CDM3	1888520420
Q5SW46	117890.9141
P97326	56206.87109
Q62005	NA
Q61658	4511419.219
Q99JF5	NA
A0A571BF69	1670795
P14094	527271.8125
P49615	NA
Q9WTL2	866191.4375
Q9QXK3	NA
Q8CHT1	NA
P39749	3854465.813
Q8CG47	NA
A0A0N4SUY3	NA
P60764	349600.0938
Q61335	1665530.563
V9GWZ7	NA
Q8C8T8	1187994.25
Q01147	NA
Q8K212	285614.8438
P49290	272089.375
O54950	1199010.688
P97863	162417177.1
Q61754	23783.7793
Q8BU04	173622.7969
P12804	NA
Q61084	6079930.5
O88738	422570.6563
Q8K019	90937.16406
Q8VCN5	NA
Q6ZWY8	99800576
Q61400	349605.6563
Q9JK53	357359.9375
A0A075B5N6	478208.4375
Q7TT37	NA
Q9WTU6	819361.1563
D3YWJ4	952976.375
A0A0A6YXI2	NA
O35664	555945.0313
Q8R5C5	NA
Q8K2Q0	NA
A0A1B0GR18	NA
O35490	685414.625
Q4LDF6	868399.25
Q8BLF1	NA
P15532	6017985.875
Q8BYN5	310727.4375
P97368	NA
Q8VHK9	NA
Q8BKE9	1822941.172
Q8R379	NA
Q9Z0H3	629604.8125
Q61789	NA
Q9WUB0	376666.2246
Q8CDJ8	NA
Q9CRC8	NA
Q9Z2R6	328001.75
P62862	1046366.563
G3X8R0	834495.0313
A2AKN8	NA
B2RXQ2	131256.6875
Q9DAD6	5011404
P11589	NA
P21995	NA
Q921C5	8813173.813
Q8BJ71	NA
O70138	559677.9688
O70145	NA
B1AVZ0	292429.5
Q9CRT8	692941.6563
Q8BMJ3	245279.8906
Q62448	170036.4844
Q9CXG3	445718.4688
P63002	859668.4375
O88522	386334.7188
Q8BW96	887846.2148
P61027	275913.0938
Q80Y55	116196.7109
P46460	318226.7969
Q91WG4	NA
G5E884	168795.8438
Q8CAS9	140906.7344
Q9D8V0	302625.7188
Q8BP27	414783.2188
Q6PB66	1323515.25
Q6PGH1	238167.4375
Q8K1J5	52077.55469
Q8BTI9	NA
Q7TT45	379150.8125
Q91VX2	NA
Q8CFV9	543425.25
P97496	NA
E9Q5F4	3556217.5
Q61210	NA
P30415	1993604.625
Q9R0U0	652139.625
P98203	6174807.469
Q3TMH2	1161581.969
O35071	4952277.547
Q91YE3	NA
Q04736	1247378.25
Q64261	NA
Q6PDY2	1062484.594
Q8BHC0	358852.4375
Q8R349	1351865.875
A0A494B9A6	547276.25
Q8VEK0	444606.25
Q8C5W3	652779.3281
Q8C636	5663683.406
E9QLL2	NA
P51661	174593.5469
Q8CIH5	187514.6719
P57776	17242368.25
Q9R053	12739284.63
Q04690	75709.83594
Q8BYM7	1397280.969
P56371	NA
Q99K30	599789.4688
O35609	NA
Q9DC11	2776581.094
Q8K057	9817273.391
Q80W37	3767588.828
Q8BFZ3	5927078.656
Q9JI11	250415.625
A0A087WNU5	16031463.48
Q3UYV9	342742.375
Q91X97	1480887.813
Q08024	3475226.781
Q8CCF0	NA
D3YXP6	NA
Q9CQ62	843668.0781
A2AGT5	151451.375
P28650	139411.5313
Q9EQ20	NA
Q9EST1	598723.25
P97370	418436.0625
Q8VCG4	2045489.594
Q5M8S1	NA
Q7TSJ2	3965413.948
O54818	NA
P56873	1155210.313
A0A087WS96	NA
Q6PHU5	261496.875
Q61576	40205972
Q5F2E8	114963.4844
A0A140T8Q4	NA
P35385	NA
Q6A068	NA
P37913	655552.2305
P33587	792091.25
Q8BH40	NA
Q64449	465244.5625
P46061	NA
Q8CG16	NA
Q9DCR2	1052122.125
Q3UPR9	NA
Q6PHQ8	NA
Q6ZWQ0	11562609.63
A0A1B0GSI7	289070.875
A0A0A0MQN4	NA
A0A0D2X7Z2	24121594
Q7SIG6	694746854.2
Q3UKV0	303985.5313
Q8R4X3	2411223.938
B2RRI5	13931382.44
Q3UVL4	6579243.5
Q9QZU9	NA
Q9R1T4	271810.875
O70200	953811.125
Q9CQ89	347960.5313
Q8R242	227899.125
O55183	NA
Q8C1M2	351875.25
Q8K1T5	NA
O55060	556364.7188
Q9D1M7	NA
Q61425	NA
Q80U78	NA
Q80YA7	207566.1875
A6PWS5	5736535
Q69ZR2	284127.6719
Q6PB44	286333.75
Q8BFU3	2661322.941
Q8BTU1	NA
Q3UIR3	272344.1563
Q922V4	160288.2109
Q8BG94	NA
Q923D4	355150.5313
Q9D902	NA
Q00175	303924.5625
Q9ESP1	2262797.016
Q6TU36	NA
Q3TYQ9	3041221
Q6XLQ8	7100394.32
Q91V09	NA
P39655	3892221.492
Q3TPE9	361503.3438
Q8BUY9	NA
Q9CY97	2123294.5
A0A1B0GR85	25377042
Q8BHA3	17376057.53
Q91ZF0	282416.5938
Q4LDD4	756906.6563
P08556	NA
P54869	225150.9375
Q9CQC9	272310.8438
Q9D7S7	NA
Q64311	127132.4688
Q8C2E7	310279.5938
Q05512	340379.25
Q9D614	NA
P42230	NA
A0A494BBF0	NA
Q05020	1378034.656
E9QPB2	35433.25
Q9WV35	NA
Q9CQQ8	10119924.25
Q3TYX3	205488.1719
Q0VBK2	2035663.375
Q8BYH7	NA
Q99M71	NA
Q9CQW2	1533107.844
Q8R3R8	1319861.371
Q9D104	214176.5469
Q9R0N5	68924357
O70333	200531.1094
B1ART1	5903859
Q9EQ08	236965.6094
A2A8Z1	199953.9531
O55098	363893.6406
D3Z016	574696.125
P63024	625609.75
A0A338P769	681956
Q9D9V3	NA
A0A1W2P7S5	NA
A2AQ25	NA
A0A1Y7VJW9	NA
E9Q1W7	NA
P22366	588690.3125
S4R1W8	NA
Q62203	218131.7656
P35486	205989.8594
P38585	123196.0078
O89094	879288
P15535	202356.1602
Q64512	46829933.69
Q921W2	621358.4375
O88792	526147.75
Q8BKX1	NA
Q8VIM9	NA
P30285	NA
Q07079	NA
Q8BQ46	458457.9688
Q91WG8	NA
F7AI87	NA
Q9D8X2	NA
P42337	296655.2188
Q62087	187250.7188
O54865	1607399.875
A2AS37	284641.9688
Q9QZB7	1822249.219
A0A571BEV2	2331134.5
A0A494B8Y8	287685.5938
Q80TE0	84385497.38
F6RDI8	NA
Q8BFR4	NA
O08586	517331.875
P63147	1126583.219
A0A1L1SVG6	NA
Q0P678	NA
D3YZN8	1542361.25
P50295	172837.1406
Q8BX80	195951.25
L7N259	NA
Q9DBC3	183263
Q8BVL3	NA
Q8C650	1691802.125
Q3TCN2	NA
Q7M753	80176.07813
Q31125	125821.9688
Q9DA79	179467.2813
E9QMK9	183066.2813
Q8BFS6	2541435.813
A0A1B0GRF6	3593519.813
Q8R4H2	NA
Q8CDM8	92217.33594
Q91VY9	69912.25781
Q9CQA9	404857.375
Q9Z0G9	41989.85547
Q9QZL0	NA
P30999	NA
Q9R0M4	682596.0625
P28574	222212.0625
Q60876	1332954.938
P35285	NA
Q9D711	806489.4766
Q91W82	NA
Q9EPX2	NA
Q8CI04	NA
Q9D4V0	516653.125
P62331	NA
Q60932	NA
Q3UM29	281735.6875
D3Z7S8	NA
Q9D4H8	1159840.813
Q3UST5	NA
Q9JL62	342521.5
Q64459	3119293
Q80Y19	1937354.379
Q8BIJ6	NA
Q68ED7	NA
P21180	698217.9844
A0A087WNU1	478753.8438
Q61142	NA
P62737	488601.7188
A0A140T8Q3	NA
Q8R1H0	135319.375
Q8BUG2	NA
Q9JJC6	NA
Q80SY5	NA
P62743	406771.0313
Q8R344	72669.50781
Q8BZA9	NA
Q7TMY4	5300603.9
Q80U44	94163.84375
E9Q1M6	NA
O09106	NA
Q6NT99	225827.6719
Q3U1V6	NA
E9Q2S0	NA
P43247	NA
O88452	NA
H3BKG0	687143.75
Q9DBL7	150677.5
A0A140T8M5	NA
F6ZFU0	2079196.75
P29621	NA
P62631	NA
E9Q448	2761902.875
E9Q450	NA
Q6IFZ9	NA
Q9JJZ2	279309.75
G5E8R2	NA
E9Q1Z0	NA
F6T2Z7	249679.1875
P02104	NA
Q561M1	1306912
Q6ZWY3	NA
Q68FG2	1016114.75
A0A2R8W6J8	NA
E9Q6P2	NA
A0A075B5M4	NA
Q9QY76	623186.75
P68181	237678.4063
Q58A65	411548.8125
O09117	2105480.5
Q09014	355445.4922
Q99NB8	196539.2656
O08528	NA
Q923T9	974608.2813
D3YXK0	3771461
D3YYN8	70245.73438
O55022	NA
B1AR17	1594091.375
Q5SQX6	NA
A0A0R4IZY9	199958.5625
A0A0A0MQM2	278880.5313
A0A140T8M6	645396.5625
Q9D2W5	42453840
P10648	358343.5313
Q8VCG1	NA
A0A1L1STC6	NA
A0A1B0GT68	NA
A0A087WPT7	NA
A2A6M1	NA
F7CG42	NA
Q8CJ40	NA
A2AWA9	505513.8125
P70699	NA
O35452	NA
Q4PJX1	6045341.5
Q91YN9	185243.0469
P63094	327193.9375
Q8BH60	NA
Q921W0	491450.9688
Q6AXB7	36616.44531
Q9JI78	NA
A0A087WRH2	201414.6406
P62305	845611.25
E9QNY8	318347.25
E0CZE8	136476.5156
Q9CQ10	NA
A2A930	547973.625
Q8CG71	NA
F6XVM5	4089939.25
D3Z4Z0	NA
Q9CX00	NA
Q6PDB7	NA
Q9CQV6	216113.1875
A0A286YD87	179238.3125
P61290	NA
Q3UZA1	287118
O54941	269384.0625
Q8BFR5	NA
Q543M9	342817.2188
Q8R2Y2	NA
Q6ZQ08	NA
A2A4X9	NA
Q8CJG1	141471.7031
A2AWI7	NA
A0A140LIU3	NA
P09926	139289.625
Q8K3X4	92303.70313
Q6PE01	NA
Q9DBR1	NA
Q9Z0L8	NA
Q6ZWQ7	NA
A0A1L1SSS4	NA
G3UX48	90792.10156
E9PYK3	238443.1563
Q8BM88	NA
Q6NVF0	38829.05469
Q8BGF3	NA
Q6ZPJ3	NA
E9QM90	NA
Q8R307	NA
Q8BU14	NA
Q99LS3	NA
Q9JKC8	NA
P97376	309219.5313
E9PVA6	188389.5469
Q3TKY6	416068.5938
P97367	3383292.75
A0A0R4J124	NA
A0A0A6YWM5	NA
Q9QYF9	NA
Q80YV4	NA
A0A140LIS5	618483.0625
A0A2R8VI57	NA
D3YXN0	NA
A2ACP1	461104.9375
J3QMC5	NA
Q8K2I3	NA
A2AKV1	NA
Q00422	NA
Q61771	51039.54297
Q91YS8	NA
Q9CZU3	NA
G3UXN2	NA
G5E8F1	NA
Q9CZE3	NA
P82020	NA
P60521	NA
Q9WTX8	NA
O35988	717963.25
P24815	287454.5938
G3X906	2341740.5
P21126	797389.8125
Q8BWR8	157694.7188
Q8BGR8	NA
Q6P5C5	665312.875
A2AX52	569886.125
G3X9D6	1221915.531
Q920Q4	NA
Q8R164	577415.0625
Q6UKZ0	1969720.75
Q9CQG1	NA
G3UYU5	NA
Q9R1S8	62271.5625
O09035	NA
O08796	NA
D3YYF1	NA
Q6W4W7	NA
Q7TQD2	1922399.75
Q8BVC1	NA
Q64GA5	NA
Q3V493	NA
F6QFD1	4486039.75
A0A1D5RLH3	NA
P52825	286377.8125
Q9CQI7	2494103.688
Q3UHU8	1454234.688
Q8C0J2	360252.0938
Q91YJ2	4058235.75
Q91WU0	NA
F6RJV6	NA
Q9JIQ3	120213.0078
Q8VHZ7	NA
P14733	NA
Q99MD6	NA
Q9CZG3	332140.4688
B1AVF2	NA
Q9CQL5	NA
A0A0R4J0B4	597708.125
Q45VK7	NA
Q924A2	3043598.75
Q62168	205097.9844
O35134	NA
Q6PGC1	NA
A0A1Y7VKY4	NA
E9Q4Z2	NA
Q9D4H4	48597.79297
Q3UW09	NA
A0A0A6YY13	NA
Q5UAK0	NA
Q8R3D1	NA
D3YXF5	254568.0938
E9PUF9	2737417
Q60992	NA
A2AIX0	NA
Q8BLR9	NA
Q6P572	78119.76563
A8Y5N8	141321.0781
E9Q529	NA
Q9ERN0	508835.5
F6RSY8	NA
Q09LZ8	128346.3984
P97364	278479.1875
G3X8P9	NA
P22005	311975.6563
Q8VC57	11066420
Q14B71	462823
P55288	313433.5313
Q08761	NA
Q99LH4	9577.608398
Q3V063	NA
A0A571BF54	NA
P62309	437169.3438
Q3URI6	3430622
P55284	NA
Q9CQU0	NA
A0A1B0GS31	NA
A0A0G2JF84	20109054
Q6GQR8	559698.3125
P45952	381325.625
A2A5V2	NA
G3X9E9	712499.0625
Q8BWZ3	548272.6875
Q8VHL0	NA
P27681	NA
P70268	31791.47266
P56390	NA
Q05117	NA
Q99LT0	2328241.25
Q9EQH7	5195100
D3Z7R7	NA
Q3UZW7	67638.35156
O35206	NA
Q6P6J0	NA
Q8BVP2	NA
Q7TSS2	NA
Q3UGS4	277600.7813
B2RWS6	NA
Q9ESJ4	33145.02734
O35929	NA
A0A2I3BPX5	NA
L7N295	NA
E9PV44	NA
Q9CR95	NA
B1AV77	NA
D3YXQ7	NA
Q61477	NA
Q99KE8	NA
A0A0G2JF49	83929.32031
Q03141	NA
P16406	66347.27344
Q91VZ6	674473.6875
Q5FW60	NA
P28659	NA
D3YWT0	NA
Q62511	NA
Q8CEC6	NA
P28740	NA
A0A286YE32	NA
Q8VGX3	NA
E9QM73	NA
Q3TES0	8179781
E9PY46	112467.4844
G5E8J4	223210.8594
A2AKB4	364134.9063
Q2TUM3	NA
A0A0G2JF53	NA
Q99P31	NA
D3YTW1	NA
E9PX30	NA
V9GXD9	NA
A0A0R4J0P6	208088.3438
Q9WTL4	831302
Q9CVW4	NA
O35638	81189.3125
F8VPN2	NA
Q9R0B9	NA
Q9ERG0	NA
Q80ZV0	NA
A0A0A6YXQ0	593731.9375
Q7TQK1	NA
E9Q4X2	NA
H3BJV2	2946578.25
Q924T7	1105566.25
Q78IS1	NA
A0A2C9F2A2	NA
Q8K409	NA
Q8CIX8	NA
P24063	NA
E5FYH1	NA
Q9JHS9	NA
Q9DA11	NA
E9QAT4	NA
Q3U0J8	NA
Q62507	123813.8125
Q5PR72	183689.7344
P52479	NA
E9Q3P4	633720.375
Q14B01	NA
Q8BP86	NA
Q6P3Z3	75056.40625
Q9ES97	NA
Q6PEE2	NA
J3QP41	NA
Q80U04	38440.94531
Q3UVY5	NA
Q99JR8	NA
Q9EQU3	NA
J3QK13	957092.25
Q9D727	NA
E9Q9D5	NA
A0A0R4J158	NA
Q497W2	NA
Q8CBE3	NA
Q0VAX3	NA
D3Z2D6	NA
Q8C0V0	NA
Q8BIQ5	106005.0234
Q9CY18	244159.8125
Q6KCD5	NA
Q99JP7	4981865.5
Q80ZX8	NA
Q8R268	235569
P35330	103844.7813
Q8C0S4	NA
P55097	NA
A0A140LJ69	1030627.25
Q99MQ4	NA
Q8R2U0	167366.1563
Q9JHF7	NA
Q8C5K5	279367.0938
Q99LD9	NA
A0A0R4J0U8	63428.10547
Q6PCM2	NA
Q8K449	21967.5957
Z4YJS5	848997.0625
Q6ZQA6	456274.6563
E9PZ92	NA
Q8BNJ6	NA
A2AE20	NA
P59114	NA
L0N7N1	52895.35156
P11438	579909.75
Q9WV92	NA
S4R2U7	NA
F6ZGI7	NA
E9Q634	259385.9219
B1AVI2	NA
Q61160	689726.3125
A0A087WPT1	NA
Q3UDC3	NA
Q8VHE6	NA
P62915	NA
Q8C2E4	NA
Q8BM72	NA
Q6PER3	266162.5938
A0A1L1SSU2	115965.125
Q9CQQ7	NA
Q8R1U1	195360.9063
P55249	NA
Q5NCR9	NA
A0A2I3BRW0	202319.1094
Q80VP1	912028.1875
Q8VCN9	NA
Q6ZQ73	NA
P70315	NA
P50228	NA
A0A0J9YUP0	319145.6563
A0A1B0GR70	NA
Q3UKJ7	283978.9063
P12787	NA
Q6PFY1	NA
A0A0R4J1Q0	6626728.5
Q924C1	38762976.09
Q8R2T8	53538.16016
Q9ESU6	157487.7188
A0A3Q4L347	NA
E9Q4Y4	NA
Q8C4Q6	NA
Q7TSE6	NA
F6TKU5	1110867.313
Q9QWV4	NA
Q8R3G1	NA
P20065	239399.7031
Q9JIG8	212361.7969
E9QM92	3431255
Q9CQ26	NA
A0A0A6YWV9	NA
A0A0U1RPL8	NA
Q9QY23	69996.82031
Q91YR7	269787.9063
Q9R1Q9	NA
Q9QXZ7	NA
A2A7I1	NA
Q8BG07	370653.5625
Q62252	NA
Q8C6E0	208140.3438
G3UYQ4	1256096.875
Q6P8K8	466685.5
Q8R105	NA
A0A0G2JH06	NA
B1AR51	1186286.125
O08599	NA
Q9D2C2	175964.0156
Q8VDU0	NA
Q9R0Q9	381995.0938
Q80YA3	1488771.25
Q5BN45	2002363.25
Q3V038	NA
Q3UHD6	518222
A2A7S8	NA
Q9D0L7	NA
Q3TRR0	NA
Q3UZI5	469472.7813
Q8CHG3	4127893.5
F6YBB8	408314.7813
Q80U30	3488646.75
B1AVH5	213940.0781
F6W623	NA
A0A0A6YY60	NA
O70503	NA
A2AT37	NA
P63271	250135.7031
Q6PAT0	NA
A0A0U1RNR0	1824040.375
A0A0A6YY40	257952.2031
Q9WTP7	344666.6563
Q61292	18495.46875
P12388	NA
Q9CQ49	NA
P46978	272501.0938
Q8CI75	NA
Q8BLU6	588944.375
Q147Z4	NA
J3QNA5	57528.54688
Q8VD65	76658.3125
Q9JLA2	NA
Q8BHJ9	NA
P13597	NA
B2RY50	NA
Q2PZL6	NA
Q91XE4	NA
A0A087WRG0	1508265.625
Q922Q2	NA
E9Q3W1	NA
Q6NZM9	NA
Q9QXE7	118286.3047
Q9D0J4	NA
Q03311	NA
A0A0U1RNN2	NA
A0A1D5RLM8	NA
F6RYD0	NA
E0CX53	448124.7188
P19785	NA
Q80TR8	NA
A0A0G2JGU0	1272871.5
Q99NH4	NA
P19091	39548172
Q8BYG9	218732.0938
A0A0H2UKB7	NA
Q9R1K9	896270
Q9JIK9	NA
Q9WUB4	NA
P97377	NA
Q9EP82	192345.2656
Q9D565	18016522
A0A6I8MX00	NA
E9Q5A6	NA
P70290	268482.5625
A2BDX3	1940861.875
A0A075B664	758080.125
E9Q3R9	NA
P53351	2673441.5
A0A3Q4EGR2	NA
Q9CZS1	NA
A0A1L1SSA8	NA
F8VPX4	387148.4063
A2AED3	NA
Q6GU68	NA
A2BDX2	69579.29688
Q9JIA7	NA
Q9D5W4	NA
Q61503	NA
A2AMN2	NA
P01657	563760.75
P62075	329502.7813
Q9Z2V6	1233631.875
P25206	NA
P01741	NA
E9Q359	NA
Q3U0S6	2425643
Q8R0W0	NA
Q9D706	NA
Q9JIT1	822250.375
Q62313	NA
D3Z1J2	NA
D6RFT9	NA
Q7TQH7	NA
Q8BJL1	NA
D4AFX7	62518.46484
A1Z198	NA
P19536	45977.08594
Q99LJ1	NA
Q9D1H9	NA
Q8R2M0	NA
A2AF47	NA
G5E8H0	243906.6875
Q2VPD4	650610.5
D3Z479	NA
Q8BGZ4	125184.0547
Q6P1G0	73753.14844
Q8BI72	NA
A2AVR1	373600.2188
A0A087WP92	NA
P59113	NA
Q99PS0	NA
Q9CZT6	NA
F6T4M4	1446956220
E9PW20	NA
E9Q0X4	131994.5781
E9QAF9	60732.50391
D3YZ61	NA
P22727	NA
A0A0U1RPZ4	811333.4375
P43021	NA
D3YUL8	126469.9063
Q8C0T5	NA
D3YVJ1	139378.625
Q3V1V3	NA
E9QP99	NA
Q8BHK9	NA
Q8QZS1	NA
P31750	137482.7031
Q8CFI7	NA
E9Q7X7	NA
B1B0P9	NA
F2Z461	504648.7188
F6SX81	290446.75
D6RGT5	NA
E9Q8M2	NA
Q61493	NA
Q8JZX4	NA
Q8BP01	NA
Q91ZK0	597065.75
Q9Z0L0	349944.5625
Q61056	593831.875
A0A5F8MP88	NA
G3X9H5	NA
Q8C436	96430.25781
Q10470	156752
Q8VEJ9	NA
Q8C7U1	NA
Q8R007	1855803.25
E9QNF7	NA
Q9D842	NA
Q80U72	NA
Q8K2T8	NA
A0A2I3BS41	147657.9688
Q8BLH7	NA
F6Z595	1405109.875
E9PYP2	3239312.25
A0A0U1RPA0	542734.25
Q8VDP4	872072.7188
Q8BNU0	421816.1875
D3Z408	794063.125
P57746	NA
Q9D952	4703047.5
Q8VBX6	NA
P52503	37323.39844
O70274	NA
Q99KY4	NA
Q8C1Z7	NA
Q99J31	20811.49023
Q7TMR0	NA
A0A0R4J086	NA
Q8K411	77630.64063
Q68FM4	368955.9375
A2A5R6	NA
D3YUE4	362177.2813
Q99J38	NA
Z4YM47	NA
Q99L44	NA
A0A087WQB0	NA
Q8R3E3	595041.4375
L7N205	742585.125
A2AQF0	183212.0313
Q8BMF4	NA
Q9CQY2	NA
Q9ER10	NA
G5E8V8	283195.0313
Q9D9M0	NA
E9PZY1	NA
Q8BZN4	NA
F6VU53	989116.375
Q9R078	1194408
Q9QYX7	9580792
Q9DBS1	NA
E9PYT6	NA
Q8BX57	NA
Q9D172	NA
P56386	NA
A0A0R4J0J1	1577044.531
A0A494BB38	NA
Q3UQ28	NA
Q8CGK3	1198888.625
P68404	NA
Q9QXE0	NA
A0A075B5K2	NA
A0A338P6W9	930513.125
Q8BKX6	NA
A0A0R4J1R7	NA
Q9JJQ0	346255.5625
E9Q5K9	419903.0938
Q8BYC6	71792.28906
B2KGD7	NA
Q6P2L7	NA
Q4KL52	33812.1875
E9Q472	12253582
B2RV77	NA
P47878	NA
O88512	NA
G5E8G6	1160672.766
Q9D937	NA
