Ywhah,Pgls,Prkag1,Aamdc,Actg1,Pgm3,Agr2,Akap12,Akr1b7,Aldoa,Ap2a2,Arf6,Arih1,Arl8b,Banf1,Glb1,Hspa5,Bola2,Btf3l4,Grcc10,C1qb,Calr,Canx,Casp1,Cbx1,Tmem30a,Ccdc25,Cd14,Cdv3,Cfdp1,Chkb,Cirbp,Cltc,Cmtr1,Cog4,Commd3,Copa,Cox5b,Creld2,Crip1,Crkl,Cwc27,Cxcl5,Dazap1,Dcaf1,Dctn2,Dctpp1,Hsd17b4,Dhdh,Hsd11b2,Qdpr,Dnajc8,Dock7,Dohh,Dtd1,Dtd2,Egf,Eif3d,Eno1,Hsp90b1,Epn1,Eri3,Erp44,Fgl2,Frg1,Fus,Gapdhs,Ganab,Gar1,Gbp2,Gbp3,Gcn1,Gfpt1,Prkcsh,Gmppb,Golm2,Gsk3a,Herc6,Hmgn3,Hnrnpd,Rbck1,Hspa13,Hyou1,Irf2bp2,Iah1,Ifih1,Ifit1,Il36a,Ppa2,Isg15,Itpa,Jpt2,Krt6a,Krt8,Prkacb,Khdrbs1,Kif5b,Pkm,Rps6ka3,Lama3,Lgals3bp,Lman1,Lman2,Alox15,Lrrc47,Lsm14a,Alox12e,Lxn,Manf,Me1,Max,Mdh1,Mat2a,Mfge8,Magoh,Mapk1,Mapk14,M6pr,Mvd,Mydgf,Naa10,Nampt,Ncald,Nckap1,Ndrg1,Ndufs6,Nhp2,Nmral1,Nrbp2,Nucb2,Ncl,Nudcd1,Nudt3,Nudt5,Oat,Crot,Pdha1,Ddost,P4ha1,Pabpn1,Paip1,Paox,Pcp4l1,P4hb,Pdia3,Pdia4,Pds5a,Pebp1,Pelo,Ppl,Pgam1,Pgk1,Phpt1,Plp2,Ppp4c,Alpl,Ppib,Ppme1,Prdx1,Prom1,Prpf19,Psmb5,Psmd11,Psmd2,Psmd3,Ptbp3,Ptgr2,Ptms,Rab32,Rab6a,Rangap1,Rpl13a,Rpl13,Rpl21,Rpl23,Rplp2,Rbmxl1,Rnf213,Polr2e,Rpe,Rpn2,Rps29,Rps4x,Rps5,Rps9,Snrnp70,Snrpf,S100a8,S100a9,S100a13,Ahcy,Sar1b,Sec16a,Sdcbp,Sdf2l1,Serbp1,Sf3a2,Sfr1,Sftpd,Nans,Snrpd2,Snrpd3,Smarcc2,Smarcd2,Snrpa,Spcs2,Sprr2d,Sephs1,Cttn,Srrm1,Srsf9,Stat5a,Stat3,Stk10,Stt3a,Sumo2,Tagln2,Tnks1bp1,Tuba1c,Tbc1d15,Tceal3,Tcn2,Tcp1,Vcp,Qtrt1,Acat1,Thtpa,Tma7,Tmed10,Tmem43,Tnpo1,Tnfaip8l3,Tpi1,Trim25,Txnrd1,Tax1bp3,Uap1,Ube2r2,Uba5,Uba6,Ubfd1,Ubr4,Ufc1,Uggt1,Uso1,Atp6v0c,Vcpip1,Hdlbp,Vwa5a,Vps25,Vps28,Wac,Washc4,Xdh,Zbp1,Zc3h15
Alx3,Alx3,Alx3,Dlx3,Alx3,Alx3,Alx3,Alx3,2300002M23Rik,Alx3,Alx3,Alx3,Alx3,Alx3,Alx3,Alx3,Alx3,Aff3,Alx3,Alx3,Alx1,Alx3,Alx3,Alx3,Alx3,Alx3,Alx3,Alx3,Alx3,Alx3,2300002M23Rik,Alx3,Alx3,Alx3,Alx3,Alx3,Alx3,Alx3,Alx3,Alx3,Alx3,Alx3,8030474K03Rik,Alx3,Alx3,Alx3,Chil1,Alx3,AI606473,2300002M23Rik,Alx3,Alx3,Alx3,Alx3,Alx3,Alx3,2300002M23Rik,Alx3,Aff3,Alx3,Alx3,Alx3,Alx3,Alx3,Alx3,AU040972,2300002M23Rik,Alx3,Asb15,Alx3,AU040972,Alx3,Alx3,Alx3,Alx3,Alx3,Alx3,Alx3,Aff3,AU040972,AU040972,Alx3,Alx3,Alx3,Alx3,AU040972,Alx3,Chil1,Alx3,Alx3,Alx3,Alx3,2300002M23Rik,Alx3,Alx3,AU040972,Alx3,Alx3,Alx3,Alx3,Alx3,Alx3,Alx3,Alx3,Alx3,Alx3,Alx3,Alx3,Alx3,Alx3,Aff3,Alx3,Alx3,Alx3,Alx3,AU040972,AU040972,Alx3,Alx1,Alx3,Alx3,Alx3,Alx3,Alx3,Alx3,Alx3,Alx3,8030474K03Rik,Alx3,Alx3,Alx3,Alx3,Alx3,Alx3,Alx3,Alx3,Alx3,Alx3,Alx3,Alx3,Alx3,Alx3,Alx3,Alx3,Alx3,Alx3,Alx3,Alx3,Asb15,Alx3,Alx3,Alx3,Alx3,Alx3,Alx3,Alx3,Alx3,Alx3,Alx3,Alx3,Alx3,Alx3,Alx3,Alx3,Alx3,Alx3,Alx3,Alx3,Alx3,Alx3,Alx3,Alx3,Alx3,Alx3,Alx3,Alx3,Alx3,Alx3,Aff3,Alx3,Alx3,Alx3,Alx3,Alx3,Alx3,Alx3,Alx1,2300002M23Rik,2300002M23Rik,AA467197,Alx3,Alx3,Alx3,Alx3,Alx3,Alx3,Alx3,Alx3,Alx3,Alx3,Alx3,Alx3,AU040972,AU040972,Alx3,Alx3,2300002M23Rik,Alx3,Alx3,AU040972,Aff3,Aff3,Aff3,Alx1,Alx3,Alx3,Alx3,Alx3,Alx3,Alx3,A530064D06Rik,Alx3,Alx3,Alx3,Asb15,Alx3,Alx3,2300002M23Rik,Alx3,Alx3,Alx3,2300002M23Rik,Alx3,AU040972,Alx3,Aff3,Alx3,Alx3,Alx3,Alx3,Alx3,Alx3,Alx3,Alx3,Alx3,Alx3,Alx3,Alx3,Alx3,Alx3,Alx3,Alx3,Alx3,Alx3,AU040972,AU040972
Barhl1,Barhl1,Barhl1,Dlx4,Barhl1,Barhl1,Barhl1,Barhl1,Cd14,Barhl1,Barhl1,Barhl1,Barhl1,Barhl1,Barhl1,Barhl1,Barhl1,Cbx6,Barhl1,Barhl1,Alx3,Barhl1,Barhl1,Dlx3,Barhl1,Barhl1,Barhl1,Barhl1,Barhl1,Barhl1,Cd14,Barhl1,Barhl1,Barhl1,Barhl1,Barhl1,Barhl1,Barhl1,Barhl1,Barhl1,Barhl1,Areg,AI606473,Barhl1,Barhl1,Barhl1,Clca1,Barhl1,Fgb,Chil1,Barhl1,Barhl1,Barhl1,Barhl1,Dlx3,Dlx3,Cd14,Barhl1,Barhl1,Barhl1,Barhl1,Barhl1,Barhl1,Barhl1,Barhl1,Aff3,Cd14,Barhl1,Dmrt2,Areg,Alx3,Barhl1,Barhl1,Barhl1,Barhl1,Barhl1,Barhl1,Barhl1,Dmbx1,Aff3,Aff3,Barhl1,Barhl1,Barhl1,Barhl1,Aff3,Areg,Clca1,Barhl1,Areg,Barhl1,Barhl1,Cd14,Barhl1,Barhl1,Aff3,Barhl1,Barhl1,Barhl1,Barhl1,Barhl1,Barhl1,Barhl1,Barhl1,Barhl1,Barhl1,Barhl1,Barhl1,Barhl1,Barhl1,Barhl1,Barhl1,Barhl1,Barhl1,Barhl1,Aff3,Aff3,Barhl1,Alx3,Barhl1,Barhl1,Barhl1,Barhl1,Barhl1,Barhl1,Barhl1,Barhl1,AI606473,Barhl1,Barhl1,Barhl1,Barhl1,Barhl1,Barhl1,Barhl1,Barhl1,Barhl1,Barhl1,Barhl1,Barhl1,Barhl1,Barhl1,Barhl1,Barhl1,Barhl1,Barhl1,Barhl1,Barhl1,Dlx3,Barhl1,Barhl1,Barhl1,Barhl1,Barhl1,Barhl1,Barhl1,Barhl1,Barhl1,Barhl1,Barhl1,Barhl1,Barhl1,Barhl1,Barhl1,Barhl1,Barhl1,Barhl1,Barhl1,Barhl1,Barhl1,Barhl1,Barhl1,Barhl1,Barhl1,Barhl1,Barhl1,Barhl1,Barhl1,Barhl1,Barhl1,Barhl1,Barhl1,Barhl1,Barhl1,Barhl1,Barhl1,Alx3,Cd14,Cd14,Adm2,Barhl1,Barhl1,Barhl1,Barhl1,Barhl1,Barhl1,Barhl1,Barhl1,Barhl1,Barhl1,Barhl1,Barhl1,Aff3,Aff3,Barhl1,Barhl1,Chil1,Barhl1,Barhl1,Aff3,Barhl1,Barhl1,Barhl1,Alx3,Barhl1,Barhl1,Barhl1,Barhl1,Barhl1,Barhl1,Cyp2c65,Barhl1,Barhl1,Barhl1,Dmrt2,Barhl1,Barhl1,Cd14,Barhl1,Barhl1,Barhl1,Cd14,Barhl1,Aff3,Barhl1,Barhl1,Barhl1,Barhl1,Barhl1,Barhl1,Barhl1,Barhl1,Barhl1,Barhl1,Barhl1,Barhl1,Barhl1,Barhl1,Barhl1,Barhl1,Barhl1,Barhl1,Barhl1,Barhl1,Aff3,Aff3
Cd7,Cd7,Cd7,Dmrt2,Cd7,Cd7,Cd7,Cd7,Chil1,Cd7,Cd7,Cd7,Cd7,Cd7,Cd7,Cd7,Cd7,Ccnd1,Cd7,Cd7,Barhl1,Cd7,Cd7,Dlx4,Cd7,Cd7,Cd7,Cd7,Cd7,Cd7,Cfb,Cd7,Cd7,Cd7,Cd7,Cd7,Cd7,Cd7,Cd7,Cd7,Cd7,Atp6v1b1,Fgb,Cd7,Cd7,Cd7,Cwh43,Cd7,Fgg,Clca1,Cd7,Cd7,Cd7,Cd7,Dlx4,Dlx4,Cfb,Cd7,Cd7,Cd7,Cd7,Cd7,Cd7,Cd7,Cd7,Barhl1,Cfb,Cd7,Emx1,Barhl1,Areg,Cd7,Cd7,Cd7,Cd7,Cd7,Cd7,Dlx3,Dtx1,Barhl1,Barhl1,Cd7,Cd7,Cd7,Cd7,Barhl1,Barhl1,Clca3a2,Cd7,Atp6v1b1,Cd7,Cd7,Cfb,Cd7,Cd7,Barhl1,Cd7,Cd7,Cd7,Cd7,Cd7,Cd7,Cd7,Cd7,Cd7,Cd7,Cd7,Dlx3,Cd7,Cd7,Cd7,Cd7,Cd7,Cd7,Dlx3,Barhl1,Barhl1,Cd7,Barhl1,Cd7,Cd7,Cd7,Cd7,Cd7,Cd7,Cd7,Cd7,H2-M2,Cd7,Cd7,Cd7,Cd7,Cd7,Dlx3,Cd7,Cd7,Cd7,Cd7,Cd7,Cd7,Cd7,Dlx3,Cd7,Cd7,Cd7,Cd7,Cd7,Cd7,Dmrt2,Cd7,Cd7,Cd7,Cd7,Cd7,Cd7,Cd7,Cd7,Cd7,Cd7,Cd7,Cd7,Cd7,Cd7,Cd7,Cd7,Cd7,Cd7,Cd7,Cd7,Cd7,Cd7,Cd7,Cd7,Cd7,Cd7,Cd7,Cd7,Cd7,Cd7,Cd7,Cd7,Cd7,Cd7,Cd7,Cd7,Cd7,Barhl1,Cfb,Cfb,Amdhd1,Cd7,Cd7,Cd7,Cd7,Cd7,Cd7,Cd7,Cd7,Cd7,Cd7,Cd7,Cd7,Barhl1,Barhl1,Cd7,Cd7,Clca1,Cd7,Cd7,Barhl1,Cd7,Cd7,Cd7,Barhl1,Cd7,Cd7,Cd7,Cd7,Dlx3,Cd7,Dok5,Cd7,Cd7,Cd7,Emx1,Cd7,Cd7,Cfb,Cd7,Cd7,Cd7,Chil1,Cd7,Barhl1,Cd7,Cd7,Cd7,Cd7,Cd7,Cd7,Cd7,Cd7,Cd7,Cd7,Cd7,Cd7,Cd7,Cd7,Cd7,Cd7,Cd7,Cd7,Cd7,Cd7,Barhl1,Barhl1
Dlx3,Dlx3,Dlx3,Emx1,Dlx3,Dlx3,Dlx3,Dlx3,Clca1,Dlx3,Dlx3,Dlx3,Dlx3,Dlx3,Dlx3,Dlx3,Dlx3,Chd4,Dlx3,Dlx3,Dlx3,Dlx3,Dlx3,Dmbx1,Dlx3,Dlx3,Dlx3,Dlx3,Dlx3,Dlx3,Cfh,Dlx3,Dlx3,Dlx3,Dlx3,Dlx3,Dlx3,Dlx3,Dlx3,Dlx3,Dlx3,Cdhr1,Fgg,Dlx3,Dlx3,Dlx3,Cxcl2,Dlx3,Glycam1,Cwh43,Dlx3,Dlx3,Dlx3,Dlx3,Dmrt2,Dmbx1,Cfh,Dlx3,Dlx4,Dlx3,Dlx3,Dlx3,Dlx3,Dlx3,Dlx3,Cd7,Cfh,Dlx3,Fezf2,Cd7,Barhl1,Dlx3,Dlx3,Dlx3,Dlx3,Dlx3,Dlx3,Dlx4,Esrrg,Cd7,Cd7,Dlx3,Dlx3,Dlx3,Dlx3,Cd7,Dlx3,Cuzd1,Dlx3,Barhl1,Dlx3,Dlx3,Cfh,Dlx3,Dlx3,Cd7,Dlx3,Dlx3,Dlx3,Dlx3,Dlx3,Dlx3,Dlx3,Dlx3,Dlx3,Dlx3,Dlx3,Dlx4,Dlx3,Dlx3,Dmbx1,Dlx3,Dlx3,Dlx3,Dlx4,Cd7,Cd7,Dlx3,Dlx3,Dlx3,Dlx3,Dlx3,Dlx3,Dlx3,Dlx3,Dlx3,Dlx3,Ighg1,Dlx3,Dlx3,Dlx3,Dlx3,Dlx3,Dlx4,Dlx3,Dlx3,Dlx3,Dlx3,Dlx3,Dlx3,Dlx3,Dlx4,Dlx3,Dlx3,Dlx3,Dlx3,Dlx3,Dlx3,Emx1,Dlx3,Dlx3,Dlx3,Dlx3,Dlx3,Dlx3,Dlx3,Dlx3,Dlx3,Dlx3,Dlx3,Dlx3,Dlx3,Dlx3,Dlx3,Dlx3,Dlx3,Dlx3,Dlx3,Dlx3,Dlx3,Dlx3,Dlx3,Dlx3,Dlx3,Dlx3,Dlx3,Dlx3,Dlx3,Chaf1a,Dlx3,Dlx3,Dlx3,Dlx3,Dlx3,Dlx3,Dlx3,Dlx3,Cfh,Cfh,Apol10a,Dlx3,Dlx3,Dlx3,Dlx3,Dlx3,Dlx3,Dlx3,Dlx3,Dlx3,Dlx3,Dlx3,Dlx3,Cd7,Cd7,Dlx3,Dlx3,Cwh43,Dlx3,Dlx3,Cd7,Chaf1a,Chaf1a,Dlx4,Dlx3,Dlx3,Dlx3,Dlx3,Dlx3,Dlx4,Dlx3,Fgb,Dlx3,Dlx3,Dlx3,Fezf2,Dlx3,Dlx3,Cfh,Dlx3,Dlx3,Dlx3,Clca1,Dlx3,Cd7,Dlx3,Dmbx1,Dlx3,Dlx3,Dlx3,Dlx3,Dlx3,Dlx3,Dlx3,Dlx3,Dlx3,Dlx3,Dlx3,Dlx3,Dlx3,Dlx3,Dlx3,Dlx3,Dlx3,Dlx3,Cd7,Cd7
Dlx4,Dlx4,Dlx4,Foxn1,Dlx4,Dlx4,Dlx4,Dlx4,Cwh43,Dlx4,Dlx4,Dlx4,Dlx4,Dlx4,Dlx4,Dlx4,Dlx4,Ctnnb1,Dlx4,Dlx4,Dlx4,Dlx4,Dlx4,Dmrt2,Dlx4,Dlx4,Dlx4,Dlx4,Dlx4,Dlx4,Chil1,Dlx4,Dlx4,Dlx4,Dlx4,Dlx4,Dlx4,Dlx4,Dlx4,Dlx4,Dlx4,Cxcl15,Glycam1,Dlx4,Dlx4,Dlx4,Cxcl5,Dlx4,Grin2a,Efhd1,Dlx4,Dlx4,Dlx4,Dlx4,Emx1,Dmrt2,Chil1,Dlx4,Dmbx1,Dlx4,Dlx4,Dlx4,Dlx4,Dlx4,Dlx4,Dmbx1,Chil1,Dlx4,Foxe1,Dlx3,Bpifa3,Dlx4,Dlx4,Dlx4,Dlx4,Dlx4,Dlx4,Dmbx1,Foxa2,Dmbx1,Dmbx1,Dlx4,Dlx4,Dlx4,Dlx4,Dmbx1,Dlx4,Cxcl2,Dlx4,Bpifa3,Dlx4,Dlx4,Chil1,Dlx4,Dlx4,Dmbx1,Dlx4,Dlx4,Dlx4,Dlx4,Dlx4,Dlx4,Dlx4,Dlx4,Dlx4,Dlx4,Dlx4,Dmbx1,Dlx4,Dlx4,Esrrg,Dlx4,Dlx4,Dlx4,Dmbx1,Dlx4,Dmbx1,Dlx4,Dlx4,Dlx4,Dlx4,Dlx4,Dlx4,Dlx4,Dlx4,Dlx4,Dlx4,Ighg2b,Dlx4,Dlx4,Dlx4,Dlx4,Dlx4,Dmbx1,Dlx4,Dlx4,Dlx4,Dlx4,Dlx4,Dlx4,Dlx4,Dmbx1,Dlx4,Dlx4,Dlx4,Dlx4,Dlx4,Dlx4,Foxe1,Dlx4,Dlx4,Dlx4,Dlx4,Dlx4,Dlx4,Dlx4,Dlx4,Dlx4,Dlx4,Dlx4,Dlx4,Dlx4,Dlx4,Dlx4,Dlx4,Dlx4,Dlx4,Dlx4,Dlx4,Dlx4,Dlx4,Dlx4,Dlx4,Dlx4,Dlx4,Dlx4,Dlx4,Dlx4,Dmbx1,Dlx4,Dlx4,Dlx4,Dlx4,Dlx4,Dlx4,Dlx4,Dlx4,Chil1,Chil1,Cd209f,Dlx4,Dlx4,Dlx4,Dlx4,Dlx4,Dlx4,Dlx4,Dlx4,Dlx4,Dlx4,Dlx4,Dlx4,Dlx4,Dmbx1,Dlx4,Dlx4,Efhd1,Dlx4,Dlx4,Dlx4,Dmbx1,Dmbx1,Dmbx1,Dlx4,Dlx4,Dlx4,Dlx4,Dlx4,Dmbx1,Dlx4,Fgg,Dlx4,Dlx4,Dlx4,Foxe1,Dlx4,Dlx4,Chil1,Dlx4,Dlx4,Dlx4,Cwh43,Dlx4,Dlx4,Dlx4,Esrrg,Dlx4,Dlx4,Dlx4,Dlx4,Dlx4,Dlx4,Dlx4,Dlx4,Dlx4,Dlx4,Dlx4,Dlx4,Dlx4,Dlx4,Dlx4,Dlx4,Dlx4,Dlx4,Dmbx1,Dmbx1
Dmbx1,Dmbx1,Dmbx1,Gata4,Dmbx1,Dmbx1,Dmbx1,Dmbx1,Efhd1,Dmbx1,Dmbx1,Dmbx1,Dmbx1,Dmbx1,Dmbx1,Dmbx1,Dmbx1,Ddx5,Dmbx1,Dmbx1,Dmbx1,Dmbx1,Dmbx1,Emx1,Dmbx1,Dmbx1,Dmbx1,Dmbx1,Dmbx1,Dmbx1,Clca1,Dmbx1,Dmbx1,Dmbx1,Dmbx1,Dmbx1,Dmbx1,Dmbx1,Dmbx1,Dmbx1,Dmbx1,Dmrt2,H2-M2,Dmbx1,Dmbx1,Dmbx1,Dmbt1,Dmbx1,Ighv1-15,Esm1,Dmbx1,Dmbx1,Dmbx1,Dmbx1,Foxn1,Emx1,Clca1,Dmbx1,Esrrg,Dmbx1,Dmbx1,Dmbx1,Dmbx1,Dmbx1,Dmbx1,Esrrg,Clca1,Dmbx1,Foxi3,Dlx4,Dlx3,Dmbx1,Dmbx1,Dmbx1,Dmbx1,Dmbx1,Dmbx1,Gata4,Foxj1,Esrrg,Esrrg,Dmbx1,Dmbx1,Dmbx1,Dmbx1,Esrrg,Dmbx1,Dmbt1,Dmbx1,Cxcl15,Dmbx1,Dmbx1,Clca1,Dmbx1,Dmbx1,Esrrg,Dmbx1,Dmbx1,Dmbx1,Dmbx1,Dmbx1,Dmbx1,Dmbx1,Dmbx1,Dmbx1,Dmbx1,Dmbx1,Emx1,Dmbx1,Dmbx1,Foxa2,Dmbx1,Dmbx1,Dmbx1,Foxa2,Dmbx1,Esrrg,Dmbx1,Dmbx1,Dmbx1,Dmbx1,Dmbx1,Dmbx1,Dmbx1,Dmbx1,Dmbx1,Dmbx1,Ighg2c,Dmbx1,Dmbx1,Dmbx1,Dmbx1,Dmbx1,Emx1,Dmbx1,Dmbx1,Dmbx1,Dmbx1,Dmbx1,Dmbx1,Dmbx1,Foxa2,Dmbx1,Dmbx1,Dmbx1,Dmbx1,Dmbx1,Dmbx1,Foxn1,Dmbx1,Dmbx1,Dmbx1,Dmbx1,Dmbx1,Dmbx1,Dmbx1,Dmbx1,Dmbx1,Dmbx1,Dmbx1,Dmbx1,Dmbx1,Dmbx1,Dmbx1,Dmbx1,Dmbx1,Dmbx1,Dmbx1,Dmbx1,Dmbx1,Dmbx1,Dmbx1,Dmbx1,Dmbx1,Dmbx1,Dmbx1,Dmbx1,Dmbx1,Esrrg,Dmbx1,Dmbx1,Dmbx1,Dmbx1,Dmbx1,Dmbx1,Dmbx1,Dmbx1,Clca1,Clca1,Cd209g,Dmbx1,Dmbx1,Dmbx1,Dmbx1,Dmbx1,Dmbx1,Dmbx1,Dmbx1,Dmbx1,Dmbx1,Dmbx1,Dmbx1,Dmbx1,Esrrg,Dmbx1,Dmbx1,Esm1,Dmbx1,Dmbx1,Dmbx1,Esrrg,Esrrg,Esrrg,Dmbx1,Dmbx1,Dmbx1,Dmbx1,Dmbx1,Emx1,Dmbx1,Glycam1,Dmbx1,Dmbx1,Dmbx1,Foxi3,Dmbx1,Dmbx1,Clca1,Dmbx1,Dmbx1,Dmbx1,Efhd1,Dmbx1,Dmbx1,Dmbx1,Foxa2,Dmbx1,Dmbx1,Dmbx1,Dmbx1,Dmbx1,Dmbx1,Dmbx1,Dmbx1,Dmbx1,Dmbx1,Dmbx1,Dmbx1,Dmbx1,Dmbx1,Dmbx1,Dmbx1,Dmbx1,Dmbx1,Esrrg,Esrrg
Foxa2,Foxa2,Foxa2,Gtf2a1l,Foxa2,Foxa2,Foxa2,Foxa2,Esm1,Foxa2,Foxa2,Foxa2,Foxa2,Foxa2,Foxa2,Foxa2,Foxa2,Dmbx1,Foxa2,Foxa2,Gata4,Foxa2,Foxa2,Foxn1,Foxa2,Foxa2,Foxa2,Foxa2,Foxa2,Foxa2,Cwh43,Foxa2,Foxa2,Foxa2,Foxa2,Foxa2,Foxa2,Foxa2,Foxa2,Foxa2,Foxa2,Ereg,Ighg1,Foxa2,Foxa2,Foxa2,Efhd1,Foxa2,Ighv1-26,Fxyd4,Foxa2,Foxa2,Foxa2,Foxa2,Gata4,Foxn1,Cwh43,Foxa2,Foxa2,Foxa2,Foxa2,Foxa2,Foxa2,Foxa2,Foxa2,Foxa2,Cwh43,Foxa2,Foxn1,Dmbx1,Dlx4,Foxa2,Foxa2,Foxa2,Foxa2,Foxa2,Foxa2,Gtf2a1l,Foxn4,Foxa2,Foxa2,Foxa2,Foxa2,Foxa2,Foxa2,Foxa2,Ereg,Fer1l4,Foxa2,Dlx3,Foxa2,Foxa2,Cwh43,Foxa2,Foxa2,Foxa2,Foxa2,Foxa2,Foxa2,Foxa2,Foxa2,Foxa2,Foxa2,Foxa2,Foxa2,Foxa2,Foxa2,Gata4,Foxa2,Foxa2,Foxj1,Foxa2,Foxa2,Foxa2,Foxn4,Esrrg,Foxa2,Foxa2,Emx1,Foxa2,Foxa2,Foxa2,Foxa2,Foxa2,Foxa2,Foxa2,Foxa2,Ighv1-42,Foxa2,Foxa2,Foxa2,Foxa2,Foxa2,Gata4,Foxa2,Foxa2,Foxa2,Foxa2,Foxa2,Foxa2,Foxa2,Foxn4,Foxa2,Foxa2,Foxa2,Foxa2,Foxa2,Foxa2,Gata4,Foxa2,Foxa2,Foxa2,Foxa2,Foxa2,Foxa2,Foxa2,Foxa2,Foxa2,Foxa2,Foxa2,Foxa2,Foxa2,Foxa2,Foxa2,Foxa2,Foxa2,Foxa2,Foxa2,Foxa2,Foxa2,Foxa2,Foxa2,Foxa2,Foxa2,Foxa2,Foxa2,Foxa2,Foxa2,Foxa2,Foxa2,Foxa2,Foxa2,Foxa2,Foxa2,Foxa2,Foxa2,Gata4,Cwh43,Cwh43,Cd300e,Foxa2,Foxa2,Foxa2,Foxa2,Foxa2,Foxa2,Foxa2,Foxa2,Foxa2,Foxa2,Foxa2,Foxa2,Esrrg,Foxa2,Foxa2,Foxa2,Gcnt4,Foxa2,Foxa2,Esrrg,Foxa2,Foxa2,Foxa2,Foxa2,Foxa2,Foxa2,Foxa2,Foxa2,Esr2,Foxa2,Gm21698,Foxa2,Foxa2,Foxa2,Foxn1,Foxa2,Foxa2,Cwh43,Foxa2,Foxa2,Foxa2,Esm1,Foxa2,Esrrg,Foxa2,Foxj1,Foxa2,Foxa2,Foxa2,Foxa2,Foxa2,Foxa2,Foxa2,Foxa2,Foxa2,Foxa2,Foxa2,Foxa2,Foxa2,Foxa2,Foxa2,Foxa2,Foxa2,Foxa2,Foxa2,Foxa2
Foxn4,Foxn4,Foxn4,Hes2,Foxn4,Foxn4,Foxn4,Foxn4,Fxyd4,Foxn4,Foxn4,Foxn4,Foxn4,Foxn4,Foxn4,Foxn4,Foxn4,Foxa2,Foxn4,Foxn4,Gtf2a1l,Foxn4,Foxn4,Gata4,Foxn4,Foxn4,Foxn4,Foxn4,Foxn4,Foxn4,Efhd1,Foxn4,Foxn4,Foxn4,Foxn4,Foxn4,Foxn4,Foxn4,Foxn4,Foxn4,Foxn4,Foxn1,Ighg2b,Foxn4,Foxn4,Foxn4,Esm1,Foxn4,Ighv1-39,Gcnt4,Foxn4,Foxn4,Foxn4,Foxn4,Gtf2a1l,Gata4,Efhd1,Foxn4,Foxn4,Foxn4,Foxn4,Foxn4,Foxn4,Foxn4,Foxn4,Foxj1,Efhd1,Foxn4,Gata4,Foxa2,Dmbx1,Foxn4,Foxn4,Foxn4,Foxn4,Foxn4,Foxn4,Hes2,Myb,Foxj1,Foxj1,Foxn4,Foxn4,Foxn4,Foxn4,Foxj1,Gata4,Gcnt4,Foxn4,Dlx4,Foxn4,Foxn4,Efhd1,Foxn4,Foxn4,Foxj1,Foxn4,Foxn4,Foxn4,Foxn4,Foxn4,Foxn4,Foxn4,Foxn4,Foxn4,Foxn4,Foxn4,Gtf2a1l,Foxn4,Foxn4,Foxn4,Foxn4,Foxn4,Foxn4,Gata4,Foxa2,Foxj1,Foxn4,Gata4,Foxn4,Foxn4,Foxn4,Foxn4,Foxn4,Foxn4,Foxn4,Foxn4,Ighv1-54,Foxn4,Foxn4,Foxn4,Foxn4,Foxn4,Gtf2a1l,Foxn4,Foxn4,Foxn4,Foxn4,Foxn4,Foxn4,Foxn4,Gata4,Foxn4,Foxn4,Foxn4,Foxn4,Foxn4,Foxn4,Gtf2a1l,Foxn4,Foxn4,Foxn4,Foxn4,Foxn4,Foxn4,Foxn4,Foxn4,Foxn4,Foxn4,Foxn4,Foxn4,Foxn4,Foxn4,Foxn4,Foxn4,Foxn4,Foxn4,Foxn4,Foxn4,Foxn4,Foxn4,Foxn4,Foxn4,Foxn4,Foxn4,Foxn4,Foxn4,Foxn4,Foxj1,Foxn4,Foxn4,Foxn4,Foxn4,Foxn4,Foxn4,Foxn4,Gtf2a1l,Efhd1,Efhd1,Clca3a2,Foxn4,Foxn4,Foxn4,Foxn4,Foxn4,Foxn4,Foxn4,Foxn4,Foxn4,Foxn4,Foxn4,Foxn4,Foxa2,Foxj1,Foxn4,Foxn4,Ifne,Foxn4,Foxn4,Foxa2,Foxj1,Foxj1,Foxn4,Gata4,Foxn4,Foxn4,Foxn4,Foxn4,Gata4,Foxn4,Gpr3,Foxn4,Foxn4,Foxn4,Gata4,Foxn4,Foxn4,Efhd1,Foxn4,Foxn4,Foxn4,Fxyd4,Foxn4,Foxa2,Foxn4,Foxn4,Foxn4,Foxn4,Foxn4,Foxn4,Foxn4,Foxn4,Foxn4,Foxn4,Foxn4,Foxn4,Foxn4,Foxn4,Foxn4,Foxn4,Foxn4,Foxn4,Foxn4,Foxn4,Foxj1,Foxj1
Gata4,Gata4,Gata4,Hoxb13,Gata4,Gata4,Gata4,Gata4,Kcnj16,Gata4,Gata4,Gata4,Gata4,Gata4,Gata4,Gata4,Gata4,Foxj1,Gata4,Gata4,Hes2,Gata4,Gata4,Gtf2a1l,Gata4,Gata4,Gata4,Gata4,Gata4,Gata4,Fxyd4,Gata4,Gata4,Gata4,Gata4,Gata4,Gata4,Gata4,Gata4,Gata4,Gata4,Gata4,Ighv1-15,Gata4,Gata4,Gata4,Gcnt4,Gata4,Ighv1-42,Kcnj16,Gata4,Gata4,Gata4,Gata4,Hes2,Gtf2a1l,Fxyd4,Gata4,Gata4,Gata4,Gata4,Gata4,Gata4,Gata4,Gata4,Foxn4,Fxyd4,Gata4,Hoxb13,Foxn4,Foxa2,Gata4,Gata4,Gata4,Gata4,Gata4,Gata4,Insm1,Nkx3-1,Foxn4,Foxn4,Gata4,Gata4,Gata4,Gata4,Foxn4,Glb1l3,Il36g,Gata4,Dmbx1,Gata4,Gata4,Fxyd4,Gata4,Gata4,Foxn4,Gata4,Gata4,Gata4,Gata4,Gata4,Gata4,Gata4,Gata4,Gata4,Gata4,Gata4,Hes2,Gata4,Gata4,Kcnmb2,Gata4,Gata4,Gata4,Gtf2a1l,Foxn4,Foxn4,Gata4,Gtf2a1l,Gata4,Gata4,Gata4,Gata4,Gata4,Gata4,Gata4,Gata4,Ighv1-82,Gata4,Gata4,Gata4,Gata4,Gata4,Hes2,Gata4,Gata4,Gata4,Gata4,Gata4,Gata4,Gata4,Gtf2a1l,Gata4,Gata4,Gata4,Gata4,Gata4,Gata4,Hes2,Gata4,Gata4,Gata4,Gata4,Gata4,Gata4,Gata4,Gata4,Gata4,Gata4,Gata4,Gata4,Gata4,Gata4,Gata4,Gata4,Gata4,Gata4,Gata4,Gata4,Gata4,Gata4,Gata4,Gata4,Gata4,Gata4,Gata4,Gata4,Gata4,Foxn4,Gata4,Gata4,Gata4,Gata4,Gata4,Gata4,Gata4,Hes2,Fxyd4,Fxyd4,Col9a2,Gata4,Gata4,Gata4,Gata4,Gata4,Gata4,Gata4,Gata4,Gata4,Gata4,Gata4,Gata4,Foxn4,Foxn4,Gata4,Gata4,Kcnj16,Gata4,Gata4,Foxn4,Foxn4,Foxn4,Gata4,Gtf2a1l,Gata4,Gata4,Gata4,Gata4,Gtf2a1l,Gata4,Ighv1-15,Gata4,Gata4,Gata4,Gtf2a1l,Gata4,Gata4,Fxyd4,Gata4,Gata4,Gata4,Kcnj16,Gata4,Foxn4,Gata4,Kcnmb2,Gata4,Gata4,Gata4,Gata4,Gata4,Gata4,Gata4,Gata4,Gata4,Gata4,Gata4,Gata4,Gata4,Gata4,Gata4,Gata4,Gata4,Gata4,Foxn4,Foxn4
Gtf2a1l,Gtf2a1l,Gtf2a1l,Insm1,Gtf2a1l,Gtf2a1l,Gtf2a1l,Gtf2a1l,Mab21l3,Gtf2a1l,Gtf2a1l,Gtf2a1l,Gtf2a1l,Gtf2a1l,Gtf2a1l,Gtf2a1l,Gtf2a1l,Gtf2i,Gtf2a1l,Gtf2a1l,Insm1,Gtf2a1l,Gtf2a1l,Hes2,Gtf2a1l,Gtf2a1l,Gtf2a1l,Gtf2a1l,Gtf2a1l,Gtf2a1l,Mab21l3,Gtf2a1l,Gtf2a1l,Gtf2a1l,Gtf2a1l,Gtf2a1l,Gtf2a1l,Gtf2a1l,Gtf2a1l,Gtf2a1l,Gtf2a1l,Glb1l3,Ighv1-39,Gtf2a1l,Gtf2a1l,Gtf2a1l,Kcnj16,Gtf2a1l,Ighv1-82,Mab21l3,Gtf2a1l,Gtf2a1l,Gtf2a1l,Gtf2a1l,Hoxb13,Hes2,Mab21l3,Gtf2a1l,Hnf1a,Gtf2a1l,Gtf2a1l,Gtf2a1l,Gtf2a1l,Gtf2a1l,Gtf2a1l,Kcnmb2,Mab21l3,Gtf2a1l,Isl2,Gata4,Foxn4,Gtf2a1l,Gtf2a1l,Gtf2a1l,Gtf2a1l,Gtf2a1l,Gtf2a1l,L3mbtl1,Nr1i2,Kcnmb2,Kcnmb2,Gtf2a1l,Gtf2a1l,Gtf2a1l,Gtf2a1l,Kcnmb2,Gtf2a1l,Kcnj16,Gtf2a1l,Ereg,Gtf2a1l,Gtf2a1l,Mab21l3,Gtf2a1l,Gtf2a1l,Kcnmb2,Gtf2a1l,Gtf2a1l,Gtf2a1l,Gtf2a1l,Glb1l3,Gtf2a1l,Gtf2a1l,Gtf2a1l,Gtf2a1l,Gtf2a1l,Gtf2a1l,Insm1,Gtf2a1l,Gtf2a1l,Kntc1,Gtf2a1l,Gtf2a1l,Gtf2a1l,Hes2,Kcnmb2,Kcnmb2,Gtf2a1l,Hes2,Gtf2a1l,Gtf2a1l,Gtf2a1l,Gtf2a1l,Gtf2a1l,Gtf2a1l,Gtf2a1l,Gtf2a1l,Ighv14-3,Gtf2a1l,Gtf2a1l,Gtf2a1l,Gtf2a1l,Gtf2a1l,Hnf1a,Gtf2a1l,Gtf2a1l,Gtf2a1l,Gtf2a1l,Gtf2a1l,Gtf2a1l,Gtf2a1l,Hes2,Gtf2a1l,Gtf2a1l,Gtf2a1l,Gtf2a1l,Gtf2a1l,Gtf2a1l,Hoxb13,Gtf2a1l,Gtf2a1l,Gtf2a1l,Gtf2a1l,Gtf2a1l,Gtf2a1l,Gtf2a1l,Gtf2a1l,Gtf2a1l,Gtf2a1l,Gtf2a1l,Gtf2a1l,Gtf2a1l,Gtf2a1l,Gtf2a1l,Gtf2a1l,Gtf2a1l,Gtf2a1l,Gtf2a1l,Gtf2a1l,Gtf2a1l,Gtf2a1l,Gtf2a1l,Gtf2a1l,Gtf2a1l,Gtf2a1l,Gtf2a1l,Gtf2a1l,Gtf2a1l,Kcnmb2,Gtf2a1l,Gtf2a1l,Gtf2a1l,Gtf2a1l,Gtf2a1l,Gtf2a1l,Gtf2a1l,Hnf1a,Mab21l3,Mab21l3,Ecel1,Gtf2a1l,Gtf2a1l,Gtf2a1l,Gtf2a1l,Gtf2a1l,Gtf2a1l,Gtf2a1l,Gtf2a1l,Gtf2a1l,Gtf2a1l,Gtf2a1l,Gtf2a1l,Kcnmb2,Kcnmb2,Gtf2a1l,Gtf2a1l,Mab21l3,Gtf2a1l,Gtf2a1l,Gata4,Kcnmb2,Hr,Kcnmb2,Hes2,Gtf2a1l,Gtf2a1l,Gtf2a1l,Gtf2a1l,Hes2,Gtf2a1l,Ighv1-39,Gtf2a1l,Gtf2a1l,Gtf2a1l,Hoxb13,Gtf2a1l,Gtf2a1l,Mab21l3,Gtf2a1l,Gtf2a1l,Gtf2a1l,Mab21l3,Gtf2a1l,Kcnmb2,Gtf2a1l,Kntc1,Gtf2a1l,Gtf2a1l,Gtf2a1l,Gtf2a1l,Gtf2a1l,Gtf2a1l,Gtf2a1l,Gtf2a1l,Gtf2a1l,Gtf2a1l,Gtf2a1l,Gtf2a1l,Gtf2a1l,Gtf2a1l,Gtf2a1l,Gtf2a1l,Gtf2a1l,Gtf2a1l,Kcnmb2,Kcnmb2
Hes2,Hes2,Hes2,L3mbtl1,Hnf1a,Hes2,Hes2,Hnf1a,Mmp7,Hnf1a,Hnf1a,Hnf1a,Hnf1a,Hes2,Hes2,Hnf1a,Hnf1a,Notch2,Hes2,Hnf1a,L3mbtl1,Hnf1a,Hnf1a,Hoxb13,Hes2,Hes2,Hes2,Hnf1a,Hnf1a,Hes2,Mmp7,Hnf1a,Hnf1a,Hnf1a,Hnf1a,Hes2,Hnf1a,Hnf1a,Hnf1a,Hnf1a,Hes2,Gtf2a1l,Ighv1-42,Hes2,Hnf1a,Hnf1a,Mab21l3,Hnf1a,Ighv1-85,Mmp7,Hes2,Hes2,Hnf1a,Hes2,Insm1,Hoxb13,Mmp7,Hnf1a,Kcnmb2,Hnf1a,Hnf1a,Hnf1a,Hes2,Hnf1a,Hes2,Kntc1,Mmp7,Hnf1a,Lhx3,Glb1l3,Gata4,Hnf1a,Hnf1a,Hnf1a,Hes2,Hnf1a,Hes2,Lhx3,Nr2f1,Kntc1,Kntc1,Hes2,Hnf1a,Hnf1a,Hes2,Kntc1,Hes2,Klk1b11,Hes2,Gata4,Hes2,Hes2,Mmp7,Hnf1a,Hnf1a,Kntc1,Hnf1a,Hnf1a,Hes2,Hnf1a,Gtf2a1l,Hnf1a,Hnf1a,Hnf1a,Hes2,Hnf1a,Hnf1a,L3mbtl1,Hnf1a,Hes2,Myb,Hnf1a,Hnf1a,Hnf1a,Hnf1a,Kntc1,Kntc1,Hnf1a,Insm1,Hes2,Hes2,Hes2,Hnf1a,Hnf1a,Hes2,Hes2,Hes2,Ighv2-9-1,Hnf1a,Hnf1a,Hnf1a,Hes2,Hnf1a,Insm1,Hnf1a,Hnf1a,Hnf1a,Hnf1a,Hnf1a,Hnf1a,Hnf1a,Hnf1a,Hes2,Hnf1a,Hnf1a,Hnf1a,Hes2,Hnf1a,Insm1,Hnf1a,Hnf1a,Hnf1a,Hnf1a,Hnf1a,Hnf1a,Hes2,Hnf1a,Hnf1a,Hnf1a,Hnf1a,Hnf1a,Hes2,Hes2,Hnf1a,Hnf1a,Hnf1a,Hnf1a,Hnf1a,Hes2,Hnf1a,Hes2,Hnf1a,Hnf1a,Hes2,Hnf1a,Hnf1a,Hes2,Hnf1a,Myb,Hes2,Hnf1a,Hnf1a,Hnf1a,Hnf1a,Hnf1a,Hnf1a,Insm1,Mmp7,Mmp7,Fam3b,Hnf1a,Hes2,Hnf1a,Hnf1a,Hnf1a,Hnf1a,Hes2,Hnf1a,Hnf1a,Hes2,Hnf1a,Hes2,Kntc1,Kntc1,Hnf1a,Hnf1a,Mmp7,Hes2,Hnf1a,Kcnmb2,Myb,Kcnmb2,Kntc1,Hnf1a,Hnf1a,Hnf1a,Hnf1a,Hnf1a,Hnf1a,Hes2,Ighv1-82,Hnf1a,Hnf1a,Hnf1a,Isl2,Hnf1a,Hes2,Mmp7,Hnf1a,Hes2,Hnf1a,Mmp7,Hnf1a,Kntc1,Hes2,Myb,Hes2,Hnf1a,Hes2,Hes2,Hnf1a,Hnf1a,Hnf1a,Hnf1a,Hnf1a,Hnf1a,Hes2,Hnf1a,Hnf1a,Hes2,Hnf1a,Hnf1a,Hes2,Hes2,Myb,Kntc1
Hnf1a,Hnf1a,Hnf1a,Nkx3-1,L3mbtl1,Hnf1a,Hnf1a,Insm1,Naip5,L3mbtl1,Insm1,L3mbtl1,Insm1,Hnf1a,Hnf1a,Insm1,L3mbtl1,Nr1i2,Hnf1a,Insm1,Lmx1a,L3mbtl1,L3mbtl1,Insm1,Hnf1a,Hnf1a,Hnf1a,Insm1,Insm1,Hnf1a,Naip5,Insm1,L3mbtl1,Insm1,Insm1,Hnf1a,L3mbtl1,Insm1,Insm1,L3mbtl1,Hnf1a,Hs6st2,Ighv1-54,Hnf1a,Insm1,Insm1,Mmp7,Insm1,Ighv14-3,Naip5,Hnf1a,Hnf1a,Insm1,Hnf1a,L3mbtl1,Insm1,Naip5,Insm1,Kntc1,L3mbtl1,L3mbtl1,Insm1,Hnf1a,L3mbtl1,Hnf1a,Myb,Naip5,L3mbtl1,Lhx9,Gtf2a1l,Glb1l3,Insm1,L3mbtl1,L3mbtl1,Hnf1a,L3mbtl1,Hnf1a,Lhx9,Phtf1,Myb,Myb,Hnf1a,L3mbtl1,Insm1,Hnf1a,Myb,Insm1,Mmp7,Hnf1a,Glb1l3,Hnf1a,Hnf1a,Naip5,L3mbtl1,Insm1,Myb,L3mbtl1,L3mbtl1,Hnf1a,Insm1,Hnf1a,Insm1,L3mbtl1,L3mbtl1,Hnf1a,Insm1,L3mbtl1,Lhx3,Insm1,Hnf1a,Nkx3-1,L3mbtl1,Insm1,L3mbtl1,Insm1,Myb,Myb,Insm1,L3mbtl1,Hnf1a,Hnf1a,Hnf1a,L3mbtl1,L3mbtl1,Hnf1a,Hnf1a,Hnf1a,Ighv3-6,Insm1,Insm1,L3mbtl1,Hnf1a,Insm1,L3mbtl1,L3mbtl1,Insm1,L3mbtl1,L3mbtl1,Insm1,L3mbtl1,Insm1,Insm1,Hnf1a,L3mbtl1,L3mbtl1,L3mbtl1,Hnf1a,L3mbtl1,Lhx3,Insm1,Insm1,L3mbtl1,Insm1,Insm1,Insm1,Hnf1a,L3mbtl1,Insm1,L3mbtl1,Insm1,Insm1,Hnf1a,Hnf1a,L3mbtl1,Insm1,L3mbtl1,Insm1,L3mbtl1,Hnf1a,Insm1,Hnf1a,L3mbtl1,L3mbtl1,Hnf1a,Insm1,L3mbtl1,Hnf1a,Insm1,Nkx3-1,Hnf1a,L3mbtl1,Insm1,L3mbtl1,Insm1,L3mbtl1,L3mbtl1,L3mbtl1,Naip5,Naip5,Fer1l4,Insm1,Hnf1a,Insm1,L3mbtl1,Insm1,L3mbtl1,Hnf1a,Insm1,Insm1,Hnf1a,Insm1,Hnf1a,Myb,Myb,Insm1,L3mbtl1,Naip5,Hnf1a,L3mbtl1,Kntc1,Nkx3-1,Myb,Myb,Insm1,L3mbtl1,Insm1,L3mbtl1,L3mbtl1,Insm1,Hnf1a,Ighv1-85,Insm1,Insm1,L3mbtl1,Lhx3,Insm1,Hnf1a,Naip5,L3mbtl1,Hnf1a,Insm1,Naip5,L3mbtl1,Myb,Hnf1a,Nkx3-1,Hnf1a,Insm1,Hnf1a,Hnf1a,Insm1,L3mbtl1,Insm1,L3mbtl1,Insm1,Insm1,Hnf1a,L3mbtl1,Insm1,Hnf1a,Insm1,Insm1,Hnf1a,Hnf1a,Nkx3-1,Myb
Insm1,Insm1,Insm1,Nr5a1,Nkx3-1,Insm1,Insm1,L3mbtl1,Penk,Nkx3-1,L3mbtl1,Lmx1a,L3mbtl1,Insm1,Insm1,L3mbtl1,Nkx3-1,Phtf1,Insm1,L3mbtl1,Nkx3-1,Nkx3-1,Nkx3-1,L3mbtl1,Insm1,Insm1,Insm1,L3mbtl1,L3mbtl1,Insm1,Penk,L3mbtl1,Nkx3-1,L3mbtl1,L3mbtl1,Insm1,Nkx3-1,L3mbtl1,L3mbtl1,Nkx3-1,Insm1,Kcnk16,Ighv1-82,Insm1,L3mbtl1,L3mbtl1,Naip5,L3mbtl1,Ighv6-6,Pigr,Insm1,Insm1,L3mbtl1,Insm1,Lhx3,L3mbtl1,Ndrg1,L3mbtl1,Nkx3-1,Nkx3-1,Lmx1a,L3mbtl1,Insm1,Nkx3-1,Insm1,Nkx3-1,Ndrg1,Nkx3-1,Mbd3l2,Hnf1a,Gtf2a1l,L3mbtl1,Lmx1a,Lmx1a,Insm1,Lmx1a,Insm1,Nkx3-1,Rfx2,Nkx3-1,Nkx3-1,Insm1,Lmx1a,L3mbtl1,Insm1,Nkx3-1,L3mbtl1,Naip1,Insm1,Gtf2a1l,Insm1,Insm1,Penk,Nkx3-1,L3mbtl1,Nkx3-1,Lmx1a,Nkx3-1,Insm1,L3mbtl1,L3mbtl1,L3mbtl1,Nkx3-1,Lmx1a,Insm1,L3mbtl1,Nkx3-1,Lhx9,L3mbtl1,Insm1,Nr1i2,Nkx3-1,L3mbtl1,Lmx1a,L3mbtl1,Nkx3-1,Nkx3-1,L3mbtl1,Lhx9,Insm1,Insm1,Insm1,Nkx3-1,Lmx1a,Insm1,Insm1,Insm1,Igkv1-132,L3mbtl1,L3mbtl1,Nkx3-1,Insm1,L3mbtl1,Lmx1a,Nkx3-1,L3mbtl1,Nkx3-1,Nkx3-1,L3mbtl1,Lmx1a,L3mbtl1,L3mbtl1,Insm1,Nkx3-1,Nkx3-1,Lmx1a,Insm1,Nkx3-1,Lhx9,L3mbtl1,L3mbtl1,Nkx3-1,L3mbtl1,L3mbtl1,L3mbtl1,Insm1,Lmx1a,L3mbtl1,Nkx3-1,L3mbtl1,L3mbtl1,Insm1,Insm1,Lmx1a,L3mbtl1,Lmx1a,L3mbtl1,Nkx3-1,Insm1,L3mbtl1,Insm1,Nkx3-1,Nkx3-1,Insm1,L3mbtl1,Nkx3-1,Insm1,L3mbtl1,Nr1i2,Insm1,Nkx3-1,L3mbtl1,Nkx3-1,L3mbtl1,Nkx3-1,Nkx3-1,Nkx3-1,Ndrg1,Penk,Ighg2b,L3mbtl1,Insm1,L3mbtl1,Lmx1a,L3mbtl1,Nkx3-1,Insm1,L3mbtl1,L3mbtl1,Insm1,L3mbtl1,Insm1,Nkx3-1,Nkx3-1,L3mbtl1,Lmx1a,Pigr,Insm1,Lmx1a,Myb,Nr1i2,Nkx3-1,Nkx3-1,L3mbtl1,Nkx3-1,L3mbtl1,Lmx1a,Nkx3-1,L3mbtl1,Insm1,Ighv6-6,L3mbtl1,L3mbtl1,Nkx3-1,Lhx9,L3mbtl1,Insm1,Penk,Nkx3-1,Insm1,L3mbtl1,Penk,Nkx3-1,Nkx3-1,Insm1,Nr1i2,Insm1,L3mbtl1,Insm1,Insm1,L3mbtl1,Nkx3-1,L3mbtl1,Lmx1a,L3mbtl1,L3mbtl1,Insm1,Nkx3-1,L3mbtl1,Insm1,L3mbtl1,L3mbtl1,Insm1,Insm1,Nr1i2,Nkx3-1
L3mbtl1,L3mbtl1,L3mbtl1,Olig3,Nr1i2,L3mbtl1,L3mbtl1,Lmx1a,Pigr,Nr1i2,Nkx3-1,Nkx3-1,Nkx3-1,L3mbtl1,L3mbtl1,Nkx3-1,Nr1i2,Rfx2,L3mbtl1,Nkx3-1,Nr1i2,Nr1i2,Nr1i2,Nkx3-1,L3mbtl1,L3mbtl1,L3mbtl1,Nkx3-1,Nkx3-1,L3mbtl1,Pigr,Nkx3-1,Nr1i2,Nkx3-1,Nkx3-1,L3mbtl1,Nr1i2,Nkx3-1,Lmx1a,Nr1i2,L3mbtl1,Krt75,Ighv14-3,L3mbtl1,Nkx3-1,Nkx3-1,Prap1,Nkx3-1,Igkv1-132,Prap1,L3mbtl1,L3mbtl1,Nkx3-1,L3mbtl1,Lhx9,Lhx3,Penk,Nkx3-1,Nr1i2,Nr1i2,Nkx3-1,Nkx3-1,L3mbtl1,Nr1i2,L3mbtl1,Nr1i2,Penk,Nr1i2,Neurog3,L3mbtl1,Hnf1a,Nkx3-1,Nkx3-1,Nkx3-1,L3mbtl1,Nkx3-1,L3mbtl1,Nr1i2,Rfx3,Nr1i2,Nr1i2,L3mbtl1,Nkx3-1,Nkx3-1,L3mbtl1,Nr1i2,Nkx3-1,Nos2,L3mbtl1,Kcnk16,L3mbtl1,L3mbtl1,Pigr,Nr1i2,Nkx3-1,Nr1i2,Nkx3-1,Nr1i2,L3mbtl1,Nkx3-1,Nkx3-1,Lmx1a,Nr1i2,Nkx3-1,L3mbtl1,Nkx3-1,Nr1i2,Nkx3-1,Lmx1a,L3mbtl1,Nr2f1,Nr1i2,Lmx1a,Nkx3-1,Lmx1a,Nr1i2,Nr1i2,Nkx3-1,Nkx3-1,L3mbtl1,L3mbtl1,L3mbtl1,Nr1i2,Nkx3-1,L3mbtl1,L3mbtl1,L3mbtl1,Igkv12-44,Nkx3-1,Lmx1a,Nr1i2,L3mbtl1,Nkx3-1,Nkx3-1,Nr1i2,Lmx1a,Nr1i2,Nr1i2,Lmx1a,Nkx3-1,Nkx3-1,Lmx1a,L3mbtl1,Nr1i2,Nr1i2,Nkx3-1,L3mbtl1,Nr1i2,Nkx3-1,Nkx3-1,Nkx3-1,Nr1i2,Nkx3-1,Nkx3-1,Nkx3-1,L3mbtl1,Nkx3-1,Nkx3-1,Nr1i2,Nkx3-1,Nkx3-1,L3mbtl1,L3mbtl1,Nkx3-1,Nkx3-1,Nkx3-1,Nkx3-1,Nr1i2,L3mbtl1,Nkx3-1,L3mbtl1,Nr1i2,Nr1i2,L3mbtl1,Nkx3-1,Nr1i2,L3mbtl1,Nkx3-1,Nr2f1,L3mbtl1,Nr1i2,Nkx3-1,Nr1i2,Nkx3-1,Nr1i2,Nr1i2,Nr1i2,Penk,Pigr,Il17c,Nkx3-1,L3mbtl1,Nkx3-1,Nkx3-1,Lmx1a,Nr1i2,L3mbtl1,Nkx3-1,Lmx1a,L3mbtl1,Nkx3-1,L3mbtl1,Nr1i2,Nr1i2,Nkx3-1,Nkx3-1,Prap1,L3mbtl1,Nkx3-1,Nkx3-1,Nr2f1,Nr1i2,Nr1i2,Lmx1a,Nr1i2,Nkx3-1,Nkx3-1,Nr1i2,Lmx1a,L3mbtl1,Igkv1-132,Nkx3-1,Nkx3-1,Nr1i2,Nkx2-9,Nkx3-1,L3mbtl1,Pigr,Nr1i2,L3mbtl1,Nkx3-1,Pigr,Nr1i2,Nr1i2,L3mbtl1,Nr2f1,L3mbtl1,Nkx3-1,L3mbtl1,L3mbtl1,Lmx1a,Nr1i2,Lmx1a,Nkx3-1,Nkx3-1,Nkx3-1,L3mbtl1,Nr1i2,Nkx3-1,L3mbtl1,Nkx3-1,Nkx3-1,L3mbtl1,L3mbtl1,Nr2f1,Nr1i2
Nkx3-1,Nkx3-1,Nkx3-1,Pax5,Olig3,Nkx3-1,Nkx3-1,Nkx3-1,Prap1,Olig3,Nr1i2,Nr1i2,Nr1i2,Nkx3-1,Nkx3-1,Nr1i2,Olig3,Rfx3,Nkx3-1,Nr1i2,Olig3,Olig3,Olig3,Nr5a1,Nkx3-1,Nkx3-1,Nkx3-1,Nr1i2,Nr1i2,Nkx3-1,Prap1,Nr1i2,Olig3,Nr1i2,Nr1i2,Nkx3-1,Olig3,Nr1i2,Nkx3-1,Olig3,Nkx3-1,Lhx3,Ighv6-6,Nkx3-1,Nr1i2,Nr1i2,Ptgs2,Nr1i2,Igkv1-133,Ptgs2,Nkx3-1,Nkx3-1,Nr1i2,Nkx3-1,Nkx3-1,Lhx9,Pigr,Nr1i2,Nr2f1,Olig3,Nr1i2,Nr1i2,Nkx3-1,Olig3,Nkx3-1,Nr2f1,Pigr,Olig3,Nkx2-9,Nkx3-1,L3mbtl1,Nr1i2,Nr1i2,Nr1i2,Nkx3-1,Nr1i2,Nkx3-1,Nr5a1,Runx1,Nr2f1,Nr2f1,Nkx3-1,Nr1i2,Nr1i2,Nkx3-1,Nr2f1,Nr1i2,Ptgs2,Nkx3-1,L3mbtl1,Nkx3-1,Nkx3-1,Prap1,Olig3,Nr1i2,Nr2f1,Nr1i2,Olig3,Nkx3-1,Nr1i2,Nr1i2,Nkx3-1,Olig3,Nr1i2,Nkx3-1,Nr1i2,Olig3,Nr1i2,Nkx3-1,Nkx3-1,Olig3,Olig3,Nkx3-1,Nr1i2,Nkx3-1,Nr2f1,Nr2f1,Nr1i2,Nr1i2,Nkx3-1,Nkx3-1,Nkx3-1,Olig3,Nr1i2,Nkx3-1,Nkx3-1,Nkx3-1,Igkv17-127,Nr1i2,Nkx3-1,Olig3,Nkx3-1,Nr1i2,Nr1i2,Olig3,Nkx3-1,Olig3,Olig3,Nkx3-1,Nr1i2,Nr1i2,Nkx3-1,Nkx3-1,Olig3,Olig3,Nr1i2,Nkx3-1,Olig3,Nr5a1,Nr1i2,Nr1i2,Olig3,Nr1i2,Nr1i2,Nr1i2,Nkx3-1,Nr1i2,Nr1i2,Olig3,Nr1i2,Nr1i2,Nkx3-1,Nkx3-1,Nr1i2,Nr1i2,Nr1i2,Nr1i2,Olig3,Nkx3-1,Nr1i2,Nkx3-1,Olig3,Olig3,Nkx3-1,Nr1i2,Olig3,Nkx3-1,Nr1i2,Olig3,Nkx3-1,Olig3,Nr1i2,Olig3,Nr1i2,Olig3,Olig3,Nr5a1,Pigr,Prap1,Il36g,Nr1i2,Nkx3-1,Nr1i2,Nr1i2,Nkx3-1,Olig3,Nkx3-1,Nr1i2,Nkx3-1,Nkx3-1,Nr1i2,Nkx3-1,Nr2f1,Nr2f1,Nr1i2,Nr1i2,Ptgs2,Nkx3-1,Nr1i2,Nr1i2,Olig3,Nr2f1,Nr2f1,Nkx3-1,Olig3,Nr1i2,Nr1i2,Olig3,Nkx3-1,Nkx3-1,Igkv1-133,Nr1i2,Nr1i2,Olig3,Nkx3-1,Nr1i2,Nkx3-1,Prap1,Olig3,Nkx3-1,Nr1i2,Prap1,Olig3,Nr2f1,Nkx3-1,Olig3,Nkx3-1,Nr1i2,Nkx3-1,Nkx3-1,Nkx3-1,Olig3,Nkx3-1,Nr1i2,Nr1i2,Nr1i2,Nkx3-1,Olig3,Nr1i2,Nkx3-1,Nr1i2,Nr1i2,Nkx3-1,Nkx3-1,Olig3,Nr2f1
Nr1i2,Nr1i2,Nr1i2,Pitx2,Pitx2,Nr1i2,Nr1i2,Nr1i2,Ptgs2,Pitx2,Olig3,Olig3,Olig3,Nr1i2,Nr1i2,Olig3,Pitx2,Sec14l3,Nr1i2,Olig3,Pax5,Pitx2,Pitx2,Olig3,Nr1i2,Nr1i2,Nr1i2,Olig3,Olig3,Nr1i2,Ptgs2,Olig3,Pitx2,Olig3,Olig3,Nr1i2,Pitx2,Olig3,Nr1i2,Pitx2,Nr1i2,Lhx9,Igkv1-132,Nr1i2,Olig3,Olig3,Ptprr,Olig3,Igkv13-84,Ptprr,Nr1i2,Nr1i2,Olig3,Nr1i2,Nr5a1,Nkx3-1,Prap1,Olig3,Olig3,Pitx2,Olig3,Olig3,Nr1i2,Pitx2,Nr1i2,Olig3,Prap1,Pitx2,Nr5a1,Nr1i2,Nkx3-1,Olig3,Olig3,Olig3,Nr1i2,Olig3,Nr1i2,Olig3,Sec14l3,Olig3,Olig3,Nr1i2,Olig3,Olig3,Nr1i2,Olig3,Olig3,Saa3,Nr1i2,Nkx3-1,Nr1i2,Nr1i2,Ptgs2,Pitx2,Olig3,Olig3,Olig3,Pitx2,Nr1i2,Olig3,Olig3,Nr1i2,Pitx2,Olig3,Nr1i2,Olig3,Pitx2,Nr5a1,Nr1i2,Nr1i2,Rfx2,Pitx2,Nr1i2,Olig3,Nr1i2,Olig3,Olig3,Olig3,Nr5a1,Nr1i2,Nr1i2,Nr1i2,Pitx2,Olig3,Nr1i2,Nr1i2,Nr1i2,Igkv2-109,Olig3,Nr1i2,Pitx2,Nr1i2,Olig3,Nr5a1,Pitx2,Nr1i2,Pitx2,Pitx2,Nr1i2,Olig3,Olig3,Nr1i2,Nr1i2,Pitx2,Pitx2,Olig3,Nr1i2,Pitx2,Onecut2,Olig3,Olig3,Pitx2,Olig3,Olig3,Olig3,Nr1i2,Olig3,Olig3,Pitx2,Olig3,Olig3,Nr1i2,Nr1i2,Olig3,Olig3,Olig3,Olig3,Pitx2,Nr1i2,Olig3,Nr1i2,Pitx2,Pitx2,Nr1i2,Olig3,Pitx2,Nr1i2,Olig3,Rfx2,Nr1i2,Pitx2,Olig3,Pitx2,Olig3,Pitx2,Pitx2,Olig3,Prap1,Ptgs2,Muc21,Olig3,Nr1i2,Olig3,Olig3,Nr1i2,Pitx2,Nr1i2,Olig3,Nr1i2,Nr1i2,Olig3,Nr1i2,Olig3,Olig3,Olig3,Olig3,Ptprr,Nr1i2,Olig3,Nr2f1,Rfx2,Olig3,Olig3,Nr1i2,Pitx2,Olig3,Olig3,Pitx2,Nr1i2,Nr1i2,Igkv13-84,Olig3,Olig3,Pitx2,Nr5a1,Olig3,Nr1i2,Ptgs2,Pitx2,Nr1i2,Olig3,Ptgs2,Pitx2,Olig3,Nr1i2,Rfx2,Nr1i2,Olig3,Nr1i2,Nr1i2,Nr1i2,Pitx2,Nr1i2,Olig3,Olig3,Olig3,Nr1i2,Pitx2,Olig3,Nr1i2,Olig3,Olig3,Nr1i2,Nr1i2,Rfx2,Olig3
Olig3,Olig3,Olig3,Rhox8,Rptoros,Olig3,Olig3,Olig3,Ptprr,Rptoros,Pitx2,Pitx2,Pitx2,Olig3,Olig3,Pitx2,Rptoros,Sox13,Olig3,Pitx2,Pitx2,Rptoros,Rptoros,Pitx2,Olig3,Olig3,Olig3,Pitx2,Pitx2,Olig3,Ptprr,Pitx2,Rptoros,Pitx2,Pitx2,Olig3,Rptoros,Pitx2,Olig3,Rptoros,Olig3,Nkx2-9,Igkv1-133,Olig3,Pitx2,Pitx2,Serpina1e,Pitx2,Igkv17-127,S100g,Olig3,Olig3,Pitx2,Olig3,Pitx2,Nr5a1,Ptgs2,Pitx2,Rptoros,Rptoros,Pitx2,Pitx2,Olig3,Rptoros,Olig3,Rptoros,Ptgs2,Rptoros,Onecut2,Olig3,Nr1i2,Pitx2,Pitx2,Pitx2,Olig3,Pitx2,Olig3,Pitx2,Sox21,Rfx3,Rfx2,Olig3,Pitx2,Pitx2,Olig3,Rfx2,Pitx2,Slc25a48,Olig3,Nr1i2,Olig3,Olig3,Ptprr,Rptoros,Pitx2,Rfx3,Pitx2,Rptoros,Olig3,Pitx2,Pitx2,Olig3,Rptoros,Pitx2,Olig3,Pitx2,Rptoros,Olig3,Olig3,Olig3,Rfx3,Rptoros,Olig3,Pitx2,Olig3,Rptoros,Rfx3,Pitx2,Olig3,Olig3,Olig3,Olig3,Rptoros,Pitx2,Olig3,Olig3,Olig3,Igkv2-137,Pitx2,Olig3,Rptoros,Olig3,Pitx2,Olig3,Rptoros,Olig3,Rptoros,Rptoros,Olig3,Pitx2,Pitx2,Olig3,Olig3,Rptoros,Rptoros,Pitx2,Olig3,Rptoros,Onecut3,Pitx2,Pitx2,Rptoros,Pitx2,Pitx2,Pitx2,Olig3,Pitx2,Pitx2,Rptoros,Pitx2,Pitx2,Olig3,Olig3,Pitx2,Pitx2,Pitx2,Pitx2,Rptoros,Olig3,Pitx2,Olig3,Rptoros,Rptoros,Olig3,Pitx2,Rptoros,Olig3,Pitx2,Rfx3,Olig3,Rptoros,Pitx2,Rptoros,Pitx2,Rptoros,Rptoros,Pitx2,Ptgs2,Ptprr,Naip1,Pitx2,Olig3,Pitx2,Pitx2,Olig3,Rptoros,Olig3,Pitx2,Olig3,Olig3,Pitx2,Olig3,Rptoros,Rfx3,Pitx2,Pitx2,S100g,Olig3,Pitx2,Olig3,Rfx3,Rfx2,Rptoros,Nr5a1,Rptoros,Pitx2,Pitx2,Rptoros,Nr5a1,Olig3,Igkv14-111,Pitx2,Pitx2,Rptoros,Onecut2,Pitx2,Olig3,Ptprr,Rptoros,Olig3,Pitx2,Ptprr,Rptoros,Rptoros,Olig3,Rfx3,Olig3,Pitx2,Olig3,Olig3,Olig3,Rptoros,Olig3,Pitx2,Pitx2,Pitx2,Olig3,Rptoros,Pitx2,Olig3,Pitx2,Pitx2,Olig3,Olig3,Rfx3,Rfx3
Pitx2,Pitx2,Pitx2,Sall4,Sox21,Pitx2,Pitx2,Pitx2,S100g,Sox21,Rptoros,Rptoros,Rptoros,Pitx2,Pitx2,Rptoros,Sox21,Sox21,Pitx2,Rptoros,Sall4,Sox21,Sox21,Sall4,Pitx2,Pitx2,Pitx2,Rptoros,Rptoros,Pitx2,S100g,Rptoros,Sox21,Rptoros,Rptoros,Pitx2,Sox21,Rptoros,Pitx2,Sox21,Pitx2,Nkx3-1,Igkv13-84,Pitx2,Rptoros,Rptoros,Serpine1,Rptoros,Igkv2-137,Serpina1e,Pitx2,Pitx2,Rptoros,Pitx2,Sall4,Olig3,Ptprr,Rptoros,Sec14l3,Sox21,Rptoros,Rptoros,Pitx2,Sox21,Pitx2,Sec14l3,Ptprr,Sox21,Onecut3,Prokr2,Olig3,Rptoros,Rptoros,Rptoros,Pitx2,Rptoros,Pitx2,Sall4,Sox3,Rptoros,Rfx3,Pitx2,Rptoros,Rptoros,Pitx2,Rfx3,Prokr2,Slc26a4,Pitx2,Olig3,Pitx2,Pitx2,S100g,Sox21,Rptoros,Rptoros,Sox21,Sox21,Pitx2,Rptoros,Rptoros,Pitx2,Sox21,Rptoros,Pitx2,Rptoros,Sox21,Pitx2,Pitx2,Pitx2,Rptoros,Sox21,Pitx2,Sox21,Pitx2,Sec14l3,Rptoros,Rptoros,Pitx2,Pitx2,Pitx2,Pitx2,Sox21,Rptoros,Pitx2,Pitx2,Pitx2,Igkv4-68,Rptoros,Pitx2,Sox21,Pitx2,Rptoros,Pitx2,Sox21,Pitx2,Sox21,Sox21,Pitx2,Rptoros,Rptoros,Pitx2,Pitx2,Sox21,Sox21,Sox21,Pitx2,Sox21,Pitx2,Rptoros,Rptoros,Sox21,Rptoros,Rptoros,Rptoros,Pitx2,Rptoros,Rptoros,Sox21,Rptoros,Rptoros,Pitx2,Pitx2,Rptoros,Rptoros,Rptoros,Rptoros,Sox21,Pitx2,Rptoros,Pitx2,Sox21,Sox21,Pitx2,Rptoros,Sox21,Pitx2,Rptoros,Runx1,Pitx2,Sox21,Rptoros,Sox21,Rptoros,Sox21,Sox21,Prokr2,Ptprr,S100g,Nxph4,Rptoros,Pitx2,Rptoros,Rptoros,Pitx2,Sox21,Pitx2,Rptoros,Pitx2,Pitx2,Rptoros,Pitx2,Sec14l3,Rptoros,Rptoros,Rptoros,Serpina1e,Pitx2,Rptoros,Rptoros,Rptoros,Rfx3,Sec14l3,Olig3,Sox21,Rptoros,Sox21,Sox21,Olig3,Pitx2,Igkv17-127,Rptoros,Rptoros,Sox21,Onecut3,Rptoros,Pitx2,S100g,Sox21,Pitx2,Rptoros,S100g,Sox21,Sec14l3,Pitx2,Runx1,Pitx2,Rptoros,Pitx2,Pitx2,Pitx2,Sox21,Pitx2,Rptoros,Rptoros,Rptoros,Pitx2,Sox21,Rptoros,Pitx2,Rptoros,Rptoros,Pitx2,Pitx2,Rptoros,Rptoros
Sox21,Sox21,Sox21,T,Sp5,Sox21,Sox21,Sox21,Serpina1e,Sp5,Sox21,Sox21,Sox21,Sox21,Sox21,Sox21,Sp5,Sox3,Sox21,Sox21,Sox21,Sp5,Sp5,Sox21,Sox21,Sox21,Sox21,Sox21,Sox21,Sox21,Serpina1e,Sox21,Sp5,Sox21,Sox21,Sox21,Sp5,Sox21,Sox21,Sp5,Sox21,Nr5a1,Igkv17-127,Sox21,Sox21,Sox21,Slc25a48,Sox21,Igkv3-4,Serpine1,Sox21,Sox21,Sox21,Sox21,T,Pitx2,S100g,Sox21,Sox21,Sp5,Sox21,Sox21,Sox21,Sp5,Sox21,Sox21,S100g,Sp5,Pax7,Rptoros,Prokr2,Sox21,Sox21,Sox21,Sox21,Sox21,Sox21,Sox21,Tfap2c,Sec14l3,Rptoros,Sox21,Sox21,Sox21,Sox21,Rptoros,Rptoros,Slc5a1,Sox21,Prokr2,Sox21,Sox21,Serpina1e,Sp5,Sox21,Sec14l3,Sp5,Sp5,Sox21,Sox21,Sox21,Sox21,Sp5,Sox21,Sox21,Sox21,Sp5,Sall4,Sox21,Sox21,Runx1,Sp5,Sox21,Sp5,Sox21,Sox21,Sec14l3,Sox21,Sall4,Sox21,Sox21,Sox21,Sp5,Sox21,Sox21,Sox21,Sox21,Il19,Sox21,Sox21,Sp5,Sox21,Sox21,Sall4,Sp5,Sox21,Sp5,Sp5,Sox21,Sox21,Sox21,Sox21,Sox21,Sp5,Sp5,Sp5,Sox21,Sp5,Pou3f2,Sox21,Sox21,Sp5,Sox21,Sox21,Sox21,Sox21,Sox21,Sox21,Sp5,Sox21,Sox21,Sox21,Sox21,Sox21,Sox21,Sox21,Sox21,Sp5,Sox21,Sox21,Sox21,Sp5,Sp5,Sox21,Sox21,Sp5,Sox21,Sox21,Sec14l3,Sox21,Sp5,Sox21,Sp5,Sox21,Sp5,Sp5,Sall4,S100g,Serpina1e,S100a9,Sox21,Sox21,Sox21,Sox21,Sox21,Sp5,Sox21,Sox21,Sox21,Sox21,Sox21,Sox21,Sox21,Sec14l3,Sox21,Sox21,Serpine1,Sox21,Sox21,Sec14l3,Runx1,Runx1,Sox21,Pitx2,Sp5,Sox21,Sp5,Sp5,Pitx2,Sox21,Igkv3-4,Sox21,Sox21,Sp5,Pax7,Sox21,Sox21,Serpina1e,Sp5,Sox21,Sox21,Serpina1e,Sp5,Sox21,Sox21,Sec14l3,Sox21,Sox21,Sox21,Sox21,Sox21,Sp5,Sox21,Sox21,Sox21,Sox21,Sox21,Sp5,Sox21,Sox21,Sox21,Sox21,Sox21,Sox21,Runx1,Sec14l3
Sp5,Sp5,Sp5,Tbx22,T,Sp5,Sp5,Sp5,Serpine1,T,Sp5,Sp5,Sp5,Sp5,Sp5,Sp5,T,Trp73,Sp5,Sp5,T,T,T,T,Sp5,Sp5,Sp5,Sp5,Sp5,Sp5,Serpine1,Sp5,T,Sp5,Sp5,Sp5,T,Sp5,Sp5,T,Sp5,Pou3f2,Igkv2-109,Sp5,Sp5,Sp5,Slc26a4,Sp5,Igkv5-48,Slc25a48,Sp5,Sp5,Sp5,Sp5,Tbx22,Sall4,Serpina1e,Sp5,Sp5,T,Sp5,Sp5,Sp5,T,Sp5,Sp5,Serpina1e,T,Pou3f2,Sox21,Rptoros,Sp5,Sp5,Sp5,Sp5,Sp5,Sp5,T,Trp73,Sox21,Sec14l3,Sp5,Sp5,Sp5,Sp5,Sec14l3,Sox21,Sprr2b,Sp5,Rptoros,Sp5,Sp5,Serpine1,T,Sp5,Sox21,T,T,Sp5,Sp5,Sp5,Sp5,T,Sp5,Sp5,Sp5,T,Sox21,Sp5,Sp5,Sec14l3,T,Sp5,T,Sp5,Sp5,Sox21,Sp5,Sox21,Sp5,Sp5,Sp5,T,Sp5,Sp5,Sp5,Sp5,Itgad,Sp5,Sp5,T,Sp5,Sp5,Sox21,T,Sp5,T,T,Sp5,Sp5,Sp5,T,Sp5,T,T,T,Sp5,T,Rhox8,Sp5,Sp5,T,Sp5,Sp5,Sp5,Sp5,Sp5,Sp5,T,Sp5,Sp5,Sp5,Sp5,Sp5,Sp5,Sp5,Sp5,T,Sp5,Sp5,Sp5,T,T,Sp5,Sp5,T,Sp5,Sp5,Sox21,Sp5,T,Sp5,T,Sp5,T,T,Sox21,Serpina1e,Serpine1,Saa3,Sp5,Sp5,Sp5,Sp5,Sp5,T,Sp5,Sp5,Sp5,Sp5,Sp5,Sp5,Sp5,Sox21,Sp5,Sp5,Slc25a48,Sp5,Sp5,Sox21,Sec14l3,Sec14l3,Sp5,Sox21,T,Sp5,T,T,Sox21,Sp5,Igkv5-48,Sp5,Sp5,T,Pou3f2,Sp5,Sp5,Serpine1,T,Sp5,Sp5,Serpine1,T,Sp5,Sp5,Sox21,Sp5,Sp5,Sp5,Sp5,Sp5,T,Sp5,Sp5,Sp5,Sp5,Sp5,T,Sp5,Sp5,Sp5,Sp5,Sp5,Sp5,Sec14l3,Sox21
T,T,T,Tfap2c,Tfap2c,T,T,T,Slc25a48,Tfap2c,T,T,T,T,T,T,Tfap2c,Tuba1a,T,T,Tfap2c,Tfap2c,Tfap2c,Tfap2c,T,T,T,T,T,T,Slc25a48,T,Tfap2c,T,T,T,Tfap2c,T,T,Tfap2c,T,Prokr2,Igkv2-137,T,T,T,Slc6a14,T,Igkv6-23,Slc26a4,T,T,T,T,Tfap2c,T,Serpine1,T,Tfap2c,Tfap2c,T,T,T,Tfap2c,T,Tfap2c,Serpine1,Tfap2c,Rhox8,Sp5,Sox21,T,T,T,T,T,T,Tfap2c,Tuba1a,Sp5,Sox21,T,T,T,T,Sox21,T,Sprr2d,T,Sox21,T,T,Slc25a48,Tfap2c,T,Sp5,Tfap2c,Tfap2c,T,T,T,T,Tfap2c,T,T,T,Tfap2c,T,T,T,Sox21,Tfap2c,T,Tfap2c,T,Tfap2c,Sp5,T,T,T,T,T,Tfap2c,T,T,T,T,Ms4a1,T,T,Tfap2c,T,T,T,Tfap2c,T,Tfap2c,Tfap2c,T,T,T,Tfap2c,T,Tfap2c,Tfap2c,Tfap2c,T,Tfap2c,Sall4,T,T,Tfap2c,T,T,T,T,T,T,Tfap2c,T,T,T,T,T,T,T,T,Tfap2c,T,T,T,Tfap2c,Tfap2c,T,T,Tfap2c,T,T,Tfap2c,T,Tfap2c,T,Tfap2c,T,Tfap2c,Tfap2c,T,Serpine1,Slc25a48,Slfn4,T,T,T,T,T,Tfap2c,T,T,T,T,T,T,Tfap2c,Sp5,T,T,Slc26a4,T,T,Sp5,Sox21,Sox21,Tfap2c,T,Tfap2c,T,Tfap2c,Tfap2c,T,T,Igkv6-23,T,T,Tfap2c,Rhox8,T,T,Slc25a48,Tfap2c,T,T,Slc25a48,Tfap2c,Tfap2c,T,Sp5,T,T,T,T,T,Tfap2c,T,T,T,T,T,Tfap2c,T,T,T,T,T,T,Sox21,Sp5
Tfap2c,Tfap2c,Tfap2c,Zfp92,Tox2,Tfap2c,Tfap2c,Tfap2c,Slc26a4,Tox2,Tfap2c,Tfap2c,Tfap2c,Tfap2c,Tfap2c,Tfap2c,Tox2,Tulp3,Tfap2c,Tfap2c,Zfp92,Tox2,Tox2,Zfp92,Tfap2c,Tfap2c,Tfap2c,Tfap2c,Tfap2c,Tfap2c,Slc26a4,Tfap2c,Tox2,Tfap2c,Tfap2c,Tfap2c,Tox2,Tfap2c,Tfap2c,Tox2,Tfap2c,Zfp92,Igkv3-4,Tfap2c,Tfap2c,Tfap2c,Sprr2f,Tfap2c,Igkv9-124,Sprr2f,Tfap2c,Tfap2c,Tfap2c,Tfap2c,Zfp92,Tfap2c,Slc25a48,Tfap2c,Tox2,Tox2,Tfap2c,Tfap2c,Tfap2c,Tox2,Tfap2c,Tox2,Slc25a48,Tox2,Zfp92,Tfap2c,Tfap2c,Tfap2c,Tfap2c,Tfap2c,Tfap2c,Tfap2c,Tfap2c,Zfp92,Tulp3,Tfap2c,Sp5,Tfap2c,Tfap2c,Tfap2c,Tfap2c,Sp5,Tfap2c,Sprr2f,Tfap2c,Tfap2c,Tfap2c,Tfap2c,Slc26a4,Tox2,Tfap2c,Tfap2c,Tox2,Tox2,Tfap2c,Tfap2c,Tfap2c,Tfap2c,Tox2,Tfap2c,Tfap2c,Tfap2c,Tox2,Tfap2c,Tfap2c,Tfap2c,Sp5,Tox2,Tfap2c,Tox2,Tfap2c,Tox2,Tfap2c,Tfap2c,Tfap2c,Tfap2c,Tfap2c,Tfap2c,Tox2,Tfap2c,Tfap2c,Tfap2c,Tfap2c,Serpina3i,Tfap2c,Tfap2c,Tox2,Tfap2c,Tfap2c,Tfap2c,Tox2,Tfap2c,Tox2,Tox2,Tfap2c,Tfap2c,Tfap2c,Zfp92,Tfap2c,Tox2,Tox2,Tox2,Tfap2c,Tox2,Zfp92,Tfap2c,Tfap2c,Tox2,Tfap2c,Tfap2c,Tfap2c,Tfap2c,Tfap2c,Tfap2c,Tox2,Tfap2c,Tfap2c,Tfap2c,Tfap2c,Tfap2c,Tfap2c,Tfap2c,Tfap2c,Tox2,Tfap2c,Tfap2c,Tfap2c,Tox2,Tox2,Tfap2c,Tfap2c,Tox2,Tfap2c,Tfap2c,Trp73,Tfap2c,Tox2,Tfap2c,Tox2,Tfap2c,Tox2,Tox2,Tfap2c,Slc26a4,Slc26a4,Sprr2d,Tfap2c,Tfap2c,Tfap2c,Tfap2c,Tfap2c,Tox2,Tfap2c,Tfap2c,Tfap2c,Tfap2c,Tfap2c,Tfap2c,Tox2,Tfap2c,Tfap2c,Tfap2c,Sprr2f,Tfap2c,Tfap2c,Tfap2c,Tfap2c,Tfap2c,Tox2,Tfap2c,Tox2,Tfap2c,Tox2,Tox2,Tfap2c,Tfap2c,Igkv9-124,Tfap2c,Tfap2c,Tox2,Zfp92,Tfap2c,Tfap2c,Slc26a4,Tox2,Tfap2c,Tfap2c,Slc26a4,Tox2,Tox2,Tfap2c,Tfap2c,Tfap2c,Tfap2c,Tfap2c,Tfap2c,Tfap2c,Tox2,Tfap2c,Tfap2c,Tfap2c,Tfap2c,Tfap2c,Tox2,Tfap2c,Tfap2c,Tfap2c,Tfap2c,Tfap2c,Tfap2c,Tfap2c,Tfap2c
Zfp92,Zfp92,Zfp92,Zic3,Zfp92,Zfp92,Zfp92,Zfp92,Sprr2f,Zfp92,Zfp92,Zfp92,Zfp92,Zfp92,Zfp92,Zfp92,Zfp92,Wt1,Zfp92,Zfp92,Zic5,Zfp92,Zfp92,Zic2,Zfp92,Zfp92,Zfp92,Zfp92,Zfp92,Zfp92,Sprr2f,Zfp92,Zfp92,Zfp92,Zfp92,Zfp92,Zfp92,Zfp92,Zfp92,Zfp92,Zfp92,Zg16,Igkv5-48,Zfp92,Zfp92,Zfp92,Sprr2g,Zfp92,Reg2,Sprr2g,Zfp92,Zfp92,Zfp92,Zfp92,Zic2,Zfp92,Slc26a4,Zfp92,Trp73,Zfp92,Zfp92,Zfp92,Zfp92,Zfp92,Zfp92,Trp73,Slc26a4,Zfp92,Zic2,Zfp92,Zfp92,Zfp92,Zfp92,Zfp92,Zfp92,Zfp92,Zfp92,Zic2,Wt1,Trp73,Tfap2c,Zfp92,Zfp92,Zfp92,Zfp92,Tfap2c,Zfp92,Sprr2g,Zfp92,Ugt8a,Zfp92,Zfp92,Sprr2f,Zfp92,Zfp92,Trp73,Zfp92,Zfp92,Zfp92,Zfp92,Zfp92,Zfp92,Zfp92,Zfp92,Zfp92,Zfp92,Zfp92,Zfp92,Zfp92,Zfp92,Tfap2c,Zfp92,Zfp92,Zfp92,Zfp92,Trp73,Trp73,Zfp92,Zfp92,Zfp92,Zfp92,Zfp92,Zfp92,Zfp92,Zfp92,Zfp92,Zfp92,Sostdc1,Zfp92,Zfp92,Zfp92,Zfp92,Zfp92,Zfp92,Zfp92,Zfp92,Zfp92,Zfp92,Zfp92,Zfp92,Zfp92,Zic5,Zfp92,Zfp92,Zfp92,Zfp92,Zfp92,Zfp92,Zic2,Zfp92,Zfp92,Zfp92,Zfp92,Zfp92,Zfp92,Zfp92,Zfp92,Zfp92,Zfp92,Zfp92,Zfp92,Zfp92,Zfp92,Zfp92,Zfp92,Zfp92,Zfp92,Zfp92,Zfp92,Zfp92,Zfp92,Zfp92,Zfp92,Zfp92,Zfp92,Zfp92,Zfp92,Zfp92,Tuba1a,Zfp92,Zfp92,Zfp92,Zfp92,Zfp92,Zfp92,Zfp92,Zfp92,Sprr2f,Sprr2f,Sprr2e,Zfp92,Zfp92,Zfp92,Zfp92,Zfp92,Zfp92,Zfp92,Zfp92,Zfp92,Zfp92,Zfp92,Zfp92,Trp73,Trp73,Zfp92,Zfp92,Sprr2g,Zfp92,Zfp92,Trp73,Trp73,Trp73,Trp73,Zfp92,Zfp92,Zfp92,Zfp92,Zfp92,Zfp92,Zfp92,Psg20,Zfp92,Zfp92,Zfp92,Zic2,Zfp92,Zfp92,Sprr2f,Zfp92,Zfp92,Zfp92,Sprr2f,Zfp92,Trp73,Zfp92,Trp73,Zfp92,Zfp92,Zfp92,Zfp92,Zfp92,Zfp92,Zfp92,Zfp92,Zfp92,Zfp92,Zfp92,Zfp92,Zfp92,Zfp92,Zfp92,Zfp92,Zfp92,Zfp92,Timp4,Trp73
Zic5,Zic5,Zic5,Zic5,Zic5,Zic5,Zic5,Zic5,Sprr2g,Zic5,Zic5,Zic5,Zic5,Zic5,Zic5,Zic5,Zic5,Zfp474,Zic5,Zic5,Zmat4,Zic5,Zic5,Zic5,Zic5,Zic5,Zic5,Zic5,Zic5,Zic5,Sprr2g,Zic5,Zic5,Zic5,Zic5,Zic5,Zic5,Zic5,Zic5,Zic5,Zic5,Zic2,Igkv6-23,Zic5,Zic5,Zic5,Tmem45b,Zic5,Serpinb2,Tmem45b,Zic5,Zic5,Zic5,Zic5,Zic3,Zic2,Sprr2f,Zic5,Zfp474,Zic5,Zic5,Zic5,Zic5,Zic5,Zic5,Zfp474,Sprr2f,Zic5,Zic3,Zic5,Zic5,Zic5,Zic5,Zic5,Zic5,Zic5,Zic5,Zic5,Zfp474,Zfp474,Trp73,Zic5,Zic5,Zic5,Zic5,Trp73,Zic5,Tmem45b,Zic5,Zfp92,Zic5,Zic5,Sprr2g,Zic5,Zic5,Zfp474,Zic5,Zic5,Zic5,Zic5,Zic5,Zic5,Zic5,Zic5,Zic5,Zic5,Zic5,Zic5,Zic5,Zic5,Trp73,Zic5,Zic5,Zic5,Zic5,Zfp474,Zfp474,Zic5,Zic5,Zic5,Zic5,Zic5,Zic5,Zic5,Zic5,Zic5,Zic5,Trpv5,Zic5,Zic5,Zic5,Zic5,Zic5,Zic5,Zic5,Zic5,Zic5,Zic5,Zic5,Zic5,Zic5,Zmat4,Zic5,Zic5,Zic5,Zic5,Zic5,Zic5,Zic3,Zic5,Zic5,Zic5,Zic5,Zic5,Zic5,Zic5,Zic5,Zic5,Zic5,Zic5,Zic5,Zic5,Zic5,Zic5,Zic5,Zic5,Zic5,Zic5,Zic5,Zic5,Zic5,Zic5,Zic5,Zic5,Zic5,Zic5,Zic5,Zic5,Tulp3,Zic5,Zic5,Zic5,Zic5,Zic5,Zic5,Zic5,Zic5,Sprr2g,Sprr2g,Tmprss11b,Zic5,Zic5,Zic5,Zic5,Zic5,Zic5,Zic5,Zic5,Zic5,Zic5,Zic5,Zic5,Zfp474,Zfp474,Zic5,Zic5,Tmem45b,Zic5,Zic5,Zfp474,Tulp3,Tulp3,Zfp474,Zic5,Zic5,Zic5,Zic5,Zic5,Zic5,Zic5,Reg2,Zic5,Zic5,Zic5,Zic3,Zic5,Zic5,Sprr2g,Zic5,Zic5,Zic5,Sprr2g,Zic5,Zfp474,Zic5,Tulp3,Zic5,Zic5,Zic5,Zic5,Zic5,Zic5,Zic5,Zic5,Zic5,Zic5,Zic5,Zic5,Zic5,Zic5,Zic5,Zic5,Zic5,Zic5,Trp73,Zfp474
Zscan10,Zscan10,Zscan10,Zscan10,Zscan10,Zscan10,Zscan10,Zscan10,Tmem45b,Zscan10,Zscan10,Zscan10,Zscan10,Zscan10,Zscan10,Zscan10,Zscan10,Zfp704,Zscan10,Zscan10,Zscan10,Zscan10,Zscan10,Zscan10,Zscan10,Zscan10,Zscan10,Zscan10,Zscan10,Zscan10,Tmem45b,Zscan10,Zscan10,Zscan10,Zscan10,Zscan10,Zscan10,Zscan10,Zscan10,Zscan10,Zscan10,Zic5,Igkv9-124,Zscan10,Zscan10,Zscan10,Wnt7a,Zscan10,Vsig1,Wnt7a,Zscan10,Zscan10,Zscan10,Zscan10,Zic5,Zic5,Tmem45b,Zscan10,Zfp92,Zscan10,Zscan10,Zscan10,Zscan10,Zscan10,Zscan10,Zfp92,Tmem45b,Zscan10,Zic5,Zscan10,Zscan10,Zscan10,Zscan10,Zscan10,Zscan10,Zscan10,Zscan10,Zscan10,Zfp7,Zfp92,Zfp474,Zscan10,Zscan10,Zscan10,Zscan10,Zfp474,Zscan10,Wnt7a,Zscan10,Zic5,Zscan10,Zscan10,Tmem45b,Zscan10,Zscan10,Zfp92,Zscan10,Zscan10,Zscan10,Zscan10,Zscan10,Zscan10,Zscan10,Zscan10,Zscan10,Zscan10,Zscan10,Zscan10,Zscan10,Zscan10,Zfp474,Zscan10,Zscan10,Zscan10,Zscan10,Zfp92,Zfp92,Zscan10,Zscan10,Zscan10,Zscan10,Zscan10,Zscan10,Zscan10,Zscan10,Zscan10,Zscan10,Ubd,Zscan10,Zscan10,Zscan10,Zscan10,Zscan10,Zscan10,Zscan10,Zscan10,Zscan10,Zscan10,Zscan10,Zscan10,Zscan10,Zscan10,Zscan10,Zscan10,Zscan10,Zscan10,Zscan10,Zscan10,Zic5,Zscan10,Zscan10,Zscan10,Zscan10,Zscan10,Zscan10,Zscan10,Zscan10,Zscan10,Zscan10,Zscan10,Zscan10,Zscan10,Zscan10,Zscan10,Zscan10,Zscan10,Zscan10,Zscan10,Zscan10,Zscan10,Zscan10,Zscan10,Zscan10,Zscan10,Zscan10,Zscan10,Zscan10,Zscan10,Zfp474,Zscan10,Zscan10,Zscan10,Zscan10,Zscan10,Zscan10,Zscan10,Zscan10,Tmem45b,Tmem45b,Wfdc10,Zscan10,Zscan10,Zscan10,Zscan10,Zscan10,Zscan10,Zscan10,Zscan10,Zscan10,Zscan10,Zscan10,Zscan10,Zfp92,Zfp92,Zscan10,Zscan10,Wnt7a,Zscan10,Zscan10,Zfp92,Zfp474,Zfp474,Zfp92,Zscan10,Zscan10,Zscan10,Zscan10,Zscan10,Zscan10,Zscan10,Vsig1,Zscan10,Zscan10,Zscan10,Zic5,Zscan10,Zscan10,Tmem45b,Zscan10,Zscan10,Zscan10,Tmem45b,Zscan10,Zfp92,Zscan10,Zfp474,Zscan10,Zscan10,Zscan10,Zscan10,Zscan10,Zscan10,Zscan10,Zscan10,Zscan10,Zscan10,Zscan10,Zscan10,Zscan10,Zscan10,Zscan10,Zscan10,Zscan10,Zscan10,Zfp474,Zfp92
