Accession,luminal protein estrus
E9QPE7,2.4749414926301823
Q8BTM8,2.5991703215601856
E9PVG8,2.3670056716370045
P07724,4.123050764141893
P01027,2.6539897848289455
Q9JHU4,2.2886082982947045
Q921I1,3.1311580883937142
P26039,1.9516346087490004
Q8VDD5,2.1136417879726235
Q61838,2.436175858970385
Q80X90,1.8146039628189286
P19096,1.8769278245003438
P08071,2.0286938983317073
E9Q616,2.3156463939771075
Q6PDN3,1.8333092093132137
Q64727,2.0563498800567324
A0A087WSN6,1.5283786516944795
Q68FD5,1.6866301447967862
P57780,1.6852605596236294
Q01853,2.0264112775063503
P63260,3.221843827013042
P58252,2.42969397198527
Q3U2G2,1.7006442002080755
F8WIT2,2.2898438230589737
P28665,1.9861680370001127
Q8VHX6,1.2259787963292101
P11499,2.48137050351904
P20918,1.8796845270318134
P63017,2.3357935430042804
P06909,1.8484093218774047
P13020,2.412044141548631
Q6URW6,2.4487022653235586
P99024,2.18742188271137
P21614,2.064824450705832
P10126,2.6218891637671797
G3X8Q5,2.9591992674005576
Q02053,1.7744388718872601
E9Q0B5,1.397361136819699
Q9JKF1,1.5490613539233369
Q62261,1.7165714108310057
P05064,2.207665489170353
P16546,1.1897822282965316
P52480,2.1919466859984533
A0A0R4J0I1,2.4087953149916164
Q9D1A2,2.2280847979107774
P24527,1.6312702973026667
P26040,2.003147851372533
Q8CGC7,1.460635405758306
P37804,2.254965408439313
P15626,2.564773943841717
P27546,1.0843491230375049
Q91X72,2.3243016956854707
E9Q5I3,0.8446656173009383
Q61879,1.481951382851471
O08677,1.933678591813952
Q9DBD0,1.1866111326236053
Q8K0E8,1.9774292119280503
Q9D7Z6,1.4803591507597658
Q8VCM7,1.6932666120889175
P23116,2.0396865652578327
P08113,1.7328075091532695
Q9CWJ9,1.586027262249402
O08553,1.2894347341217165
Q8BFW7,1.1733804205129388
Q61768,0.9626609853492568
Q8CI94,1.4971550765500732
Q9Z1Q9,1.2538476004280803
A0A0A0MQF6,2.514768304836879
Q00897,2.68018890638714
P30416,1.7038025596988453
P97449,1.5283359338726539
Q04447,2.0017330903717947
A1BN54,1.397697153431263
Q61598,1.7200114020906156
P17563,1.5496688726839196
P06728,1.942891537326784
Q922D8,1.959491593163131
Q8CIE6,1.2966398345592236
P27773,1.9770989172347309
Q00612,1.9146349999550192
P17182,2.4652992048041944
E9PV24,1.7649704231883852
Q61781,2.3942849900724394
P60843,1.6780104557703683
P09411,2.0585331449098616
Q9WU78,1.1851281242364897
P62259,2.1700130262309973
O55029,0.9504045171374225
Q8VCT3,1.3224724972966757
Q922U2,2.51544904677882
Q8BND5,1.0708235215941508
Q6ZQ38,1.6543155041976338
P10649,2.5206657205271155
A0A0R4J071,-0.0688928327438511
Q922B2,1.3709151847690797
P20029,1.8432997208978221
Q78PY7,1.2713468276374065
P45376,1.6207667127368448
P42932,1.699696445865774
P40142,2.1437706047641782
P80318,1.520532109967227
P21981,1.6861293139296243
P26041,1.4774623227422676
B8JJN0,1.356864391374896
P40124,1.6816046564975333
A6X935,1.0807787479286735
Q9D0F9,1.4095958472340802
P05213,1.9043367648091436
P19221,1.1367657374610762
Q00623,2.7085443521733272
O88342,1.6262932192827848
Q99K51,2.1966271407525104
Q3UU35,1.3059307878742854
Q9QXS1,0.8902216582227869
P07356,1.88472902826181
P17751,2.0860492530882215
P35700,2.3393467481594743
Q61702,0.680114189690213
P07901,1.7222417677677098
Q91WT9,1.7123759886383605
Q3V117,1.187647612362328
O88569,2.8018556733659934
P24549,1.143219476301712
O09131,2.4471673296283147
P63158,1.9793464382338055
P11983,1.116476661142152
P19001,2.3266066273086246
Q543K9,1.615465359477802
Q3UPL0,0.9441859529044245
Q11011,1.380136742086227
Q7TSV4,1.2683275690745008
A8DUK4,2.8221760499759654
O70209,1.5174287675182447
P80313,1.2729645947802304
Q76MZ3,1.2967041840842524
E9Q557,1.1765711853559788
A0A1B0GSX0,2.150372836589182
P60335,1.4041758509251383
Q8C1A5,1.1059321607052588
Q9DBJ1,1.8823241944500848
B2M1R6,1.590210772759189
Q9CPY7,1.324374255921068
Q501J6,1.0091740500555095
O35639,1.3527570841475083
P56399,1.9596042011361123
P10107,1.8133667401718112
Q9DCD0,1.9063543405423788
Q9D8E6,1.2801624068880761
E9QA15,0.9678589449370277
Q64737,0.9429193236314903
P29341,1.222741108297078
Q9QZE5,0.8912031769734613
Q5SUR0,1.1002369968280121
P01029,1.5186736177624443
P70441,1.252626426614803
Q99JY9,1.4572458870938816
O89020,1.1855619655044436
Q9Z1Z0,0.8630215022849442
Q9CWK8,1.2592647244078274
Q61699,0.7849310800617091
P10605,1.2163263093066807
Q99KC8,1.06535388932991
P23953,2.1727380631580417
P20152,0.7308147908410111
P47856,0.7641264837233602
Q61233,1.3259650773565963
P12658,2.0677848220544757
A0A087WS16,0.9388269707400613
P00920,1.7664817654981428
E9PWE8,1.28533358152253
Q8JZQ9,0.9808219415008459
P50580,1.4748550716288
Q3U1J4,0.9218269066348331
P17742,2.4233556019787597
P62960,0.6357595802447601
Q02257,0.9665050671792647
P14211,1.5645386159815804
P09405,1.6814216571079523
P48722,0.6131905038901034
Q11136,0.9780637744090692
Q61696,1.5545545315457896
Q8BZF8,0.9454325204732033
P46471,0.901873907631117
P06745,1.7057926505229373
Q8BGQ7,0.9916628345607035
P50247,1.736850959633491
Q6GT24,1.7093381599272934
Q8R146,0.7480281607202784
Q8BL66,1.1035851878943606
Q80T06,1.4668983428211373
P80314,1.2997469082561748
Q91VB8,2.7661306837549646
P28271,1.2918873689294503
P06684,0.5638032135933359
P32261,1.673899942436852
P08003,1.3838279463583116
P19157,1.9096681183495192
O70570,0.9110818368279866
Q62523,1.2089792949504043
E9PYH0,0.4511889151986889
P62962,1.8719474533919556
P10518,1.33788614027574
Q8VDM4,1.011789260676218
P97447,1.2428679300788223
P62908,1.3195712509407478
Q9D0I9,0.948003145177655
Q8BG05,1.3670688626123773
O88844,1.5794498538451447
Q00519,1.1390245139322863
P63101,2.0489810831643336
Q9CZ44,0.9041381808458493
P48036,2.222232251286352
Q60864,1.3180775269640193
Q9EQK5,1.0695013598592578
P50446,1.3151274146982666
Q8VDJ3,0.816785473990659
P26645,1.01971517986085
P47754,0.9606020842498725
P68040,1.4137066697180478
P29699,2.1221681550649536
Q3U0V1,0.9955829688800415
A0A498WGD8,0.8596354605706763
E9PZF0,1.777072196460382
P48758,1.4833275449038825
P07758,2.288536176065997
Q60854,1.3159601847599756
P80316,1.5162515696947958
Q60710,0.9054877439663888
Q62318,0.9448652701779542
P05063,1.6724852637330794
P09103,1.6124620929001157
Q3TXS7,0.9457651893778058
P97429,1.2229994808198918
A2AMW0,1.2694640494283957
Q8CIB5,0.7686192089240318
Q3THS6,0.8081874336173369
Q08642,1.5460592827067712
Q9WVA4,1.5105446996218412
P11352,1.4611819003161297
Q9CPX4,1.2812549917126654
Q9JHR7,0.9392415063506531
P50396,1.0448858279118518
Q80X19,0.8807892501225993
Q99PL5,0.9121251015799859
Q8R1B4,1.0431440655939308
Q9QYB1,1.7992681059058602
A0A6I8MX27,1.5830946962289472
Q8BU30,0.8741809952781467
P97371,1.5087080563746955
Q9CPV4,1.2528112432465313
Q62010,1.3475858874085327
A0A0A6YVP0,1.1169391571650495
Q6A0A9,0.40827180820264797
Q9R098,-0.14772302920798838
O08529,2.007777964246199
O70133,0.5163846944322462
Q8CIN4,1.1670428855974426
O08739,1.0245668838726982
Q8R0Y6,0.6975088872054066
P18760,2.152766286292348
P12382,0.7262738218714286
B2RQC6,0.6139050631050343
Q7TMY8,0.46527538974014176
Q9D0E1,0.5461974849171995
Q3UW53,0.8120201583092039
Q03401,1.1854615173132115
P00342,0.2653538321894178
P55264,1.4774223860356128
A0A7N9VSW1,0.7783004011911165
Q9QUI0,0.9393309194720504
P80315,1.232601806800149
P15105,1.0885879262118716
Q8BJY1,0.8654291346018945
Q9D819,1.20423258154091
Q19LI2,0.5447240918261493
Q9JIF7,0.976662526574838
G3UXX3,1.101485633032841
Q91WQ3,1.2185246515396018
Q99KQ4,0.576209287226227
P18654,0.7152418719182222
Q3TVK3,0.8610222898306523
P51125,0.41632359562953897
E9QK48,0.9162900731634143
Q9QUR6,1.06526422906171
P14873,0.3184853969508532
P70296,1.8862833326909643
P68033,1.602374426306851
Q91ZJ5,1.4103646727646784
A2A513,2.4487516657927495
Q5XJY5,0.9450375984842742
P68510,1.5408852232638974
P28798,0.39036641203780176
Q64514,0.3347637115010069
Q8K183,1.6408811059517159
P62715,1.3844080099229361
Q8BG32,1.3802210404284412
Q9Z2X1,1.5236361816050068
Q8CI51,0.6864045317705262
P01872,1.3878262645002235
O70400,1.0907109072637013
P03958,0.899597374941162
Q5SQ27,-0.4563181149290793
Q91X52,1.5953885102052539
Q91VI7,1.5531906868713017
Q01279,0.5425019174943029
Q07076,0.9996487347573596
P56959,0.976855641697505
P68254,1.2408784909576906
P16045,1.5519515999152258
B2RU69,0.5645772195447745
Q61129,1.1052325469959943
Q07797,0.7653217529338617
Q8BH64,1.6065569277818934
E9Q7Q3,1.0549832679260096
P97351,1.3575608512096573
Q9JK81,1.7799631293025497
P08228,2.1185398725295173
P80317,1.3201040130718749
Q93092,2.2388165904993564
Q61171,1.3740066760212617
Q9Z0S1,0.8037464568110537
Q6ZWX6,0.8789682418172718
P05201,1.2938436917871654
Q8BHN3,1.0007358671339501
E9Q3M3,0.638977463685228
Q99KJ8,0.5602567311199153
Q9Z2U1,1.1613367403920891
O54990,0.1516303225342262
P62141,0.9712366164057205
Q8BH61,0.5581427823377825
Q9Z0N1,1.1382578143405253
E9QN99,1.3562586598409014
P03953,1.4885228023589223
Q9JII6,1.5656712976672198
Q8C3V4,1.9793696099778044
Q9Z1N5,1.1897778930920497
Q61133,0.8034393057505653
P47791,1.1474295617786443
P62192,0.985499702854541
P27659,1.127465882322038
P39054,0.8058971145076341
Q01339,1.16773077642364
E9Q9E1,0.3424340615473196
P46935,0.660130332991201
Q8R016,1.1541861066144077
P62242,1.1986099432337765
Q61792,0.9753058422132458
Q9D8N0,1.316585414801125
P19324,0.5583246053793
G5E924,0.672771580756673
Q9Z1F9,0.7225666084225927
Q9R0P5,2.0535036868757692
P97315,1.753405546484964
Q3THK7,0.5749605491358032
P12970,1.3055557939469697
Q60973,0.7389859036533573
P39654,0.8360186355835183
P61161,1.337502269915854
O88544,0.7572840281756974
Q63844,1.3614308840828826
Q99K85,0.8318620378284132
A0A0A6YXL6,1.5412677570769002
Q99KK7,1.2103737447846405
Q61703,0.871393353759851
P97494,0.8613297190710247
P70398,0.12278635128797048
P49312,1.343697424538267
Q99J77,1.0896389083184272
Q61362,-0.9468850564198127
P08249,0.531630561279632
O08997,1.8226556639392875
E9Q555,1.0418610570798643
Q9JLJ2,1.165680086491422
P26883,1.2072052861692852
Q91VR5,0.8292451014429844
Q99PT1,1.715762514713283
Q9ERK4,0.8352112406444243
Q8BKC5,0.9665025505550559
Q80UG5,0.7951009496999322
P16015,1.372113103013533
P62196,0.7011619626213291
P11679,1.4103608683807
P32921,0.8517687352961324
P47199,0.6342932834897377
Q9JHU9,0.8475282355946233
Q924B0,1.1602351326471725
Q91WT7,1.277364959829119
Q8BPB5,0.14754049581120715
Q9R1P4,1.374592258664292
Q62418,0.5924855128129216
Q9EQP2,0.554713483653987
Q505F5,0.45910256748826933
Q05816,0.7389265637419921
Q9CX34,0.4524711450014472
Q9CQ65,1.2247783506544248
A0A0R4J2B2,1.121688760064451
P00329,1.8210355492939099
P51859,1.3767097076012933
Q3UM45,0.7480670456926061
Q61176,1.0094461902896783
Q5FWK3,0.9099591256709219
Q8VEK3,1.0981871865110726
Q6PDL0,0.09755209383557442
Q61753,0.351093862116594
P08226,1.041903342759403
Q9D662,0.6837468622336776
Q9D0R2,0.8878510694492041
P11680,0.27549970909522115
Q08879,0.333072159728223
O08692,-0.4784213502240698
P97384,0.6929307629697679
O35643,0.9757183014016209
Q8C1B7,0.7419498929433674
Q8VC28,0.8540608634941523
Q640N1,0.7752816380587546
Q6GQT1,0.24136054384512598
O89053,1.0239351609877823
Q5RKN9,0.7407649178095795
Q9EQH3,0.9852976312846671
O08797,0.6907971696706814
Q62465,0.6417506323642351
Q6NZD2,0.6211519643508682
Q9JKB1,0.7593128779685053
Q8K0C9,1.7878819943319868
P63005,0.9640255719678575
Q61035,1.0471575270603808
O35350,0.7283156791106465
Q99LX0,1.5819165376284472
P48678,0.37744401567288105
P11247,0.09436852995604635
E9Q912,0.3545405731227587
Q8K3V4,0.2353192282843022
P27612,0.35424082724411304
Q9D154,1.2026934191139587
Q91YI0,0.9899993265286375
P26638,0.9843711433053375
P07309,2.221163931350176
Q9CVB6,0.9061625591941044
P46664,0.7902898477441519
Q8VCU2,0.7953338223598262
Q9DCT8,1.287576821546599
Q9DBF1,1.361832045385205
Q8C2Q7,0.7824403812395089
P34884,1.568379288809279
P14685,0.6381475394733052
P70460,0.5323298541828466
Q3UZZ6,0.7769662908601466
P08752,0.789286585551844
E9PYN9,-0.22584915847250767
Q9R0N0,0.8163764868817271
E9PVU0,0.6190026607280402
P14602,1.6448885712419357
P70663,-0.13462217800503437
P62702,0.9130820181677125
P62983,1.9783216746449328
O55137,1.1305276881383262
Q99LF4,0.9325210867686141
P09242,0.28141845287362144
Q9EPC1,1.0835495256153123
Q9CZD3,0.7578966376157087
P97372,1.1138703263038479
P42703,2.02971098460418
P29351,0.309842158391526
P97290,1.1913140689509902
Q9R0P3,1.3877079407067787
Q9Z1Z2,0.6677169910835371
P47962,1.3501829290455751
Q9JHW2,0.8051337505106748
Q9WV32,1.1785360957005435
P06801,0.2748788432711897
P24369,1.0174477257117582
P21460,-0.05937802330539369
P60122,0.2531708957228008
Q99JI4,0.8230345082377732
Q9WTM5,0.7317981251742001
O70194,0.7430384046202836
Q99MN1,0.9804064453485487
P10810,-0.5730311362208526
Q8BMJ2,0.406804766253895
A0A0R4J039,1.4854662197388262
Q8BK64,0.7176742831127151
G3V018,0.422555311385747
Q8BP47,0.8807008496796015
Q8BK67,0.4363789010519157
Q8VIJ6,0.8742402040025407
Q3UE92,0.7443162848228378
O35685,0.6278712504985515
P50516,0.9207164144199579
Q9D8W5,0.557369901953714
E9PUD2,0.17326851710092303
Q61553,0.602094684457136
Q05D44,1.3808380362390482
Q91WU5,0.3349628007515398
P41245,0.16831609526262753
Q8BVI4,1.1941874993019037
P0DP27,1.9461503857767588
A0A1W2P6F6,1.8350771774353127
Q9Z0E6,1.0497458318115167
Q99KI0,0.6635983265939617
Q7TMB8,0.6244882954186335
Q9Z0U1,0.5620673517746216
Q00915,1.178414186604334
Q9Z1Q5,1.450840054926113
Q9JKR6,0.5481850171805359
Q64471,1.2636179568350039
Q64442,0.4046948461849379
Q8R3B1,0.08504840809384681
Q3UDE2,0.3861536202834885
Q61823,0.745341713573309
P62334,0.778632876028013
P70168,0.9181022719662606
Q68FL6,0.25538161725884345
Q06890,0.7245431979122559
Q6ZWQ9,1.2930879598582306
Q3ULJ0,1.4654784289660934
Q62433,-0.017781943082530453
Q9CQT1,0.6230456395720221
Q921W7,0.4799880806467784
Q9CZC8,0.5269906856509435
P70349,1.274692470383029
P25444,1.0005874326293382
P48774,0.9149305983706744
P31230,1.1466399333216657
Q61166,1.2123490865109907
Q9QWL7,0.9330983593410139
Q00PI9,1.1668190029407433
O70475,0.3940240627781321
Q61646,0.2134314435352732
A2AN08,0.39238729340134193
P54775,1.496098383461468
Q9R111,0.6193926766924928
Q6PGH2,0.5486340174010689
P28474,1.5642232794650166
Q8QZY1,0.7242576018259114
Q7TNC4,0.5825410331176694
P99029,1.4443892294518421
O55222,0.6235547829728153
Q8BJW6,-0.3399811283021596
Q61730,0.49807307939816464
O35381,1.3773281756161393
A3KMP2,2.37075372774477
P14148,1.3253716139566376
P06281,0.05642397771306295
Q9WVK4,0.822963224784055
O35215,1.215628198192348
Q62167,1.0398537694292371
Q6P5F9,0.6444548657260423
Q9D1P4,0.35262406976480115
Q91YR1,0.8779461113197835
A0A0R4J093,1.3148234908628995
Q6AW46,-0.142863134181816
P24547,0.4885041490030082
Q9CX80,0.6653944612741697
O09061,1.1629650082884178
P47963,1.095096331324424
Q9CRB6,1.0664854001263002
Q6IFX2,1.7467940637544963
A0A0A6YXW6,-0.0722285907980157
Q9CR16,0.8517636167999837
Q61247,0.9936800808519453
P63001,1.7401174081884794
Q9QZD9,0.8700406691468769
Q8K354,0.7044796952810943
P60229,0.8510935960194059
Q924M7,0.3281762594835311
Q09098,1.1729130389915752
P04104,2.4633365566506282
Q6P069,1.1412852946972354
Q6PDM2,1.0587402186272266
Q9CZ30,0.8232754653402462
P31725,0.679164252200412
Q9CT10,0.5570592959865704
P11087,0.07498211480998455
P24472,1.7063757504094728
F8WJK8,1.500072294634659
P09528,0.9452825134509828
P35235,0.7444859077289897
A0A0G2JFY5,0.3305229934415448
Q02819,0.3854753958166051
D3YWF6,0.9210289500226964
P06797,-0.005671356176134358
Q9DCN2,1.1900169101203761
Q9DBE0,1.254895478710303
Q99J09,0.03249779588859059
P54822,0.6569956187639094
Q61704,0.32271802197085975
A0A3B2WDD2,1.1464721508194122
P61205,1.0031467256570215
A0A1W2P7A1,1.1703321112593597
Q9D8U8,1.6050691204918734
Q8C0L6,-0.3409464211939203
G5E895,0.4444735000964557
Q8VDN2,0.2840942789993022
Q9CPW4,0.9197324251965654
Q61081,0.61604913528698
F8WID5,1.4846405075331204
P07310,-0.2915739452558837
Q9JMH6,0.9783020995299933
Q9DCJ9,0.3880720113042792
Q8C845,0.9674470644818279
Q9DBB9,0.6220417583342551
O88487,0.6377939372402971
P97855,0.3283001660839953
Q8CFG9,0.4018372025197647
P63037,0.31240303684889476
Q9CXW3,0.6935099421084002
Q6P8X1,0.5923555996209637
O55234,0.7764841774051019
Q9DBG5,0.5810738583249417
P47738,0.6402233692655533
Q9DBR7,0.6933822353332648
Q8R1Q8,0.5793254070413073
P10630,0.7457174767538657
P62814,0.8137739237732997
Q9CQ60,0.974375631154207
P53810,1.0510382204142121
P61222,0.2524098197468553
P10711,0.4576081100946067
P35564,0.38454915952961716
Q60598,0.7422863624424936
Q8VCC9,0.23076697431367232
Q9WVE8,0.6869853542695139
Q8K157,1.6184618345055737
O09159,-0.37229226262097764
E9PVA8,0.3140424350216655
O88851,0.8606501819064089
Q61635,0.371243880083339
P54923,0.7592766615784018
P14152,1.9616498547294685
Q91YR9,1.07973714021336
P05784,1.5157722004529466
P70698,-0.003402065080559853
Q6DYE8,-0.6915595869401556
P17427,0.2936082017620825
Q8BWY3,0.7047928332200721
Q8CAA7,0.22423416903759474
Q3B7Z2,0.03658416371113417
Q62426,1.4393508137298827
O55131,0.060860600309995565
Q8BML9,1.1823616343882704
P26262,0.6178293217876946
P24288,1.1643312069345457
Q9WUA2,0.6402159548431154
P97298,0.96815062078276
P01898,0.2865430540330498
Q810B6,0.07047393991100367
P63028,0.5855599650779651
Q68FL4,0.9882386306176613
Q8BX70,0.5700155625796157
P14869,1.174176350853853
Q8BTZ7,0.6765358965029831
Q8BJU0,0.4502561027330107
Q9JL35,0.3130442869837922
Q9JLI8,0.1595469547803605
Q99KB8,-0.08429762318668872
Q8BUV3,0.14894423264009934
Q8K010,0.25123529247926324
A7ISP9,0.6740534046240093
P28352,0.9487221622205992
Q6NSR8,0.6374864668967904
P47911,1.309363164155108
Q8BTS3,0.42528934171836336
P26043,0.647797774175422
Q9CY64,0.5605918615308604
O70435,1.2743507008335164
P19973,0.3761867429798412
K3W4L3,0.728438970445656
O08804,0.31210618017060043
Q07456,0.5959844986003585
P08607,0.14225788852748036
Q91V41,0.46727785962901536
P35980,0.7944577972689739
Q99LD4,0.42045611132793825
P15947,-0.5156332286698649
P50404,0.622452665170521
Q9R0Y5,0.8671142685610536
P56480,0.3411961264081581
Q9DAR7,0.6043671508319152
Q3TML0,0.9472766711715075
P17710,0.04982218447774156
Q91XV3,-0.05789751763045791
O88685,0.5879155521295057
Q61074,0.490528578701805
Q80W21,0.8161916756562569
Q923D2,1.0742844157473417
P17156,0.3657687305485875
P04117,1.588626364864639
Q9CR00,0.32802591223926597
Q8C7R4,0.8637589957583248
Q9WTQ5,0.681752073824428
Q62219,0.9665148236712308
Q9R069,-0.2177889487581099
P24270,0.2892365494065523
Q8VDK1,0.18843622171590416
Q922H4,0.05926820309454521
P30681,1.2087972591152498
Q9Z2U0,1.32996610533465
Q61990,0.09268067484035701
Q9CQC6,1.1590829373011724
Q921F4,0.7332723316364842
Q9Z2N8,-0.22383928787996638
Q3TTY5,2.3305787956359842
P42227,0.42324032769231024
O88958,0.49412985290941674
Q99LB4,1.0616367222183203
P62827,1.4176382058650159
Q6P1F6,0.41711513503112285
Q6S9I3,0.30483387589037403
Q8BU85,0.05471889034733227
G3UZ26,0.4656245096139376
Q8BHG1,0.6689391296582162
Q8R050,0.9141877769564877
Q8CG76,0.637039849597994
F6ZHD8,0.4785453619404617
Q8BGD9,0.42640769207947304
O35887,-0.5975958572220581
E9Q414,1.2189326972481136
Q8BZW8,0.30316767377131265
P51885,1.4255368008002351
Q9WUM3,0.8333793770355977
Q64726,0.5403601343064498
Q99MD9,0.2103356900690168
Q4VAA2,-0.05667642901808458
Q91Z53,0.6074764146273404
P01869,0.8195770595582816
Q9WVJ2,0.7201256953014169
Q9CY58,0.8082117779215915
Q9JIF0,0.6395996075036107
Q9QUM9,1.186123691492042
Q62446,0.5021964441447138
F7CUP3,0.42414178964418436
P29788,0.5455381851619548
P70372,0.46497485727163385
A0A1L1STE4,0.30672684529132654
Q91V76,0.7046455514827183
P00493,0.4827082659207914
Q9CYR6,0.5766320073729738
Q3TW96,0.5143460596625956
Q9QXT0,0.07640486401360909
P26369,0.3343927360538477
Q9R0P9,-0.28027246980137216
G3X9Z5,-1.5169010829445753
P22599,2.1156944869999488
Q05BC3,0.5164713954406538
Q6Q899,0.36699325050895637
P34022,0.9371121775108693
P32067,0.6783419094085643
O35744,-0.15764963114544003
P61202,0.4592041381558198
Q922F4,0.43545069829301714
Q9EPU0,0.4123503431490049
Q9Z2M7,1.2590709989241726
P97825,0.16185266911279508
Q91W50,0.12630143941207073
P51150,0.7281138602050847
Q9EQ80,0.445519864901387
P62751,1.0389525923563807
Q06138,0.5005218727880323
Q9CPR4,0.7491253766002856
O89079,1.0222781823292137
P17918,0.7730826442540389
Q8C0C7,1.1714083834746971
P23591,0.9122145216178166
O88456,0.8907954939772383
E9PYI8,0.6110343104268279
Q9JI75,0.11526413156428406
Q62148,0.8827348608360776
Q4FZE8,1.2103717919248531
P26350,0.42533498285392796
P70670,0.7513405565100855
P63242,1.4276514721233993
Q8C7E4,0.6322770218469816
P61087,0.5815526514956002
O09172,0.2300443983928318
Q9QYG0,0.1357411875185153
Q921M3,0.49101963406441246
Q8BH35,0.3728197149341991
Q9R1P1,0.8635436909849139
Q6IRU2,1.023837016606628
Q9Z1D1,0.3651529434515077
O35286,0.9928911724842785
Q61655,0.39108895822224266
Q9QZ08,0.3558072708289387
Q8BVE3,0.02345448068614202
Q9WVQ5,0.644418296737133
O35841,0.5284741016651121
P63073,0.662304806671584
B1B0C7,-1.0332975395743402
Q9QWK4,-0.22073712701378612
Q9DBK7,0.30982801508238555
Q9DBG3,0.39365777139572
Q78ZA7,0.6168007118949379
O70557,1.3616125986193381
Q9CQM9,0.8997557916600242
Q91VH6,0.532146819000708
Q9D142,0.18993952759979432
Q9QXC1,0.9431441454331055
P97470,-0.4759980301065604
Q8BFY9,0.11236260613167563
P62281,0.933441625954315
Q03265,0.061986126017309066
G3X8T9,0.9834961723954071
Q64467,0.5700792043531038
Q99LB6,0.88441921269096
Q9CQ19,0.6411982684608483
O54724,0.5771274798524602
Q148R4,-1.982646280946169
P42208,0.6044558309086373
A0A494B952,0.835296845331861
P09036,-0.665543503876669
P0DOV1,0.4066283737924371
Q04857,-0.11785408016526673
Q8CG72,0.8000183278923793
P63038,0.6797751362040558
Q9DAK9,1.1456388825506245
A0A0R4J049,0.4096368461776663
P46412,1.0115797286808335
Q60631,1.2240155927706113
Q64674,0.6786215768911805
Q8VCA8,-0.13434981195791365
P61164,0.6153173437046532
Q8BTY1,0.8238300557518674
Q8VCT4,0.7864328837569863
Q8K4Z3,0.8438196366889656
Q9CQB8,0.18169866732923126
P43274,1.023864066646869
Q99KP3,0.5288947733031002
Q07235,0.26212405207353107
Q7TPV4,-0.24562387110169204
P62754,0.27350184224251756
Q9CYT6,-0.17736809512507543
P62717,0.622022993422392
Q99K48,0.5123513675560488
Q62422,0.10351544440586452
Q01405,0.0015032192165229624
Q6QR59,0.49262007496570165
D3YUT3,0.8010704085752585
P26231,0.24780842992716842
P54071,1.1451460362326575
Q99KH8,0.17152222527498792
Q9QY48,-0.6848189130522229
Q9DCC4,0.8632802096988631
Q9CRB1,-0.05013688087674109
Q99L45,0.45530891735104734
P70271,0.21568713940584255
Q9WUK2,0.7776852292947086
Q8CAY6,0.33977334406724397
Q62093,0.8594679462464818
Q9CQV8,1.5603987847293255
E0CXN5,0.8217959434185199
P54823,0.09760270756573418
Q9DCV7,0.7012176011656657
P32848,1.4863307983360436
Q9JMD3,1.5468176697738416
G3UXL2,1.1093278862364424
Q6P1B9,0.5420549891215684
Q9JLQ0,0.9993322857447254
Q9WVJ3,0.271770602381462
Q99J36,0.4637188135435445
Q9R1P0,0.9772515905471661
P47713,0.5111099931271509
Q9WTI7,0.027928895820677656
P62911,0.39644258293032825
Q9Z0J0,0.5807952592194467
Q9DCT1,0.5444254404293146
P62270,1.030852517984144
Q9CPU0,1.2606416932231541
A0A0A6YW77,0.8986663659333941
Q8C0E2,-0.29780779448810923
P97461,0.5142014155981391
E9QP62,0.16673950351185982
Q8R0A5,0.7214261525217511
Q8C0M9,0.19189366740593616
Q60967,0.14998623935240582
P62264,0.9221926879501341
P40336,0.461165940636497
P35979,0.9746250695314606
P43276,1.7630083860384473
Q9WTX5,0.631269781156506
Q8BG13,0.35502213517173886
Q3UP87,-0.12153881472879097
G3X8T3,-0.21146464581778335
P58389,0.6563984066598897
Q9R1T2,0.6355537350923015
O35295,0.6921769859666919
P45591,0.7190725808142063
O08663,0.46217355092518686
Q9DAW9,-0.1622462142345903
F8WI14,0.39174896989508334
Q8C878,0.07073669323875804
Q8JZR2,0.36213878927328563
P16460,1.365195102107524
Q921M7,0.3188880663126615
O54988,-0.10263547297790439
Q9D2V7,-0.07930261465189913
Q1HFZ0,0.2881206555674374
Q9WUB3,-0.08764253318999927
A2AUD5,0.15293328734673803
Q08091,0.21752213546551827
P62918,0.7758848976232557
O88947,0.21039602712672642
P54728,1.0674293466089404
P26443,0.36725227049873965
Q61656,0.04150710179150923
P61358,0.9753944423739525
Q8BP48,0.1957564331139629
Q8VDM6,0.06315279475779491
O08795,0.8752446060358402
Q3TGS7,1.4821382694330114
P08121,-0.20621422734558978
P28660,0.4570940360961643
Q6A028,0.32676183303846656
P49443,0.07655131566969281
Q61205,2.5555172336125183
P35123,0.22676318419154276
Q8BWT1,-0.39776269783788554
Q9ET01,0.4526302061433193
Q9EQU5,1.2604382398190088
P34914,0.40678673371984425
Q9CZ42,0.4240444963287941
Q542V3,-0.012166284742218257
Q3UXL1,0.09813973785921938
Q9WTX6,-0.03902839582963157
P35505,-0.19726800549584508
Q9D0A3,0.5428054766341989
P14206,1.3157338298301384
P70202,0.17489583429271224
Q9DAU7,0.46791719998483444
Q9CR51,0.1395665602385738
P11859,0.6288680563305745
P70697,-0.034283065308340806
Q3UEB3,0.2382577220843463
Q9JKX6,-0.3051312511576768
Q9Z185,1.333276385004018
Q60829,1.4187748176422188
Q60737,-0.11293044114851938
Q9CWZ3,0.2541658998980445
Q8CGA0,-0.4449251243944539
Q9DBZ5,0.09374275993591327
P03987,0.3240184937638746
Q91XU3,-0.13878959615198044
P01837,0.5969847130487277
Q9QYC0,-0.21161918730375728
Q9CXA2,-0.1734367790466977
Q8R1F1,0.4031023545916064
E9PUM4,-1.2638108027409234
Q6PDI5,-0.09564509731884727
P62317,0.37462941840300384
P46638,1.1934660437159188
P45700,-0.816506131435661
P49710,-0.08606843183078007
Q99LD8,0.7621857884666742
E9Q7G0,-0.9735697719971903
P16110,0.34384181120753315
Q9CQM5,0.9894522951111503
P05202,0.4982433678663604
Q07968,-0.13020599677162
P99027,1.213366418834233
E9PX96,0.2562502929953185
Q64213,0.19462506398919385
P47811,-0.08147110735431669
G3X8U3,0.5430135901855363
Q3UZ39,-0.05684339642789423
Q62376,0.41894718909554823
Q9Z204,0.4916640146111441
A2AJB7,-1.3157650269573682
Q62348,0.989297384062018
Q9CYG7,0.1685324653702737
A0A0R4J050,0.18792087257200024
Q8VBW6,0.2206297187636618
O88545,0.6088254649963151
P46467,0.38601859676491573
P39447,-0.49298251722559727
P35279,0.901674010431867
Q9CQI6,2.1369830470503377
Q62384,-0.35502460817394
P28654,0.862297867494094
Q62189,0.1199825753314055
O35640,0.10473401604121146
P49722,0.7833229321940647
P48428,0.8590142278991536
P42232,0.1974526126823697
Q9WUM4,0.32358360686081716
Q80YC5,0.03877420808730304
Q6P8I4,0.024406937313868716
A0A1B0GSU0,0.0688999744849431
Q921K2,-0.050815324209442306
Q9R1P3,0.7528766630861241
Q78IQ7,-0.48584843156605506
Q91YQ5,0.16250271887173012
Q9QZ88,0.7757619036581903
E9PY39,1.2664530022624807
P13439,0.25657833946518105
P40936,0.9352122144766942
A0A0A6YY53,0.10731431422164193
Q8BUR4,-0.23507155951459496
Q91V89,0.5807761530086362
P28843,-0.2113894431569047
Q91VK1,0.6822054162590341
Q9JM14,0.4289034634105705
P63054,1.1510061657424948
P30275,0.5693567557499308
Q99JT9,0.003954074894829501
Q8K182,0.13618828425131818
Q8BH58,-0.15834086481732515
Q04750,0.19438025287438
Q8BIW1,-0.3583497756912344
Q8K3H0,0.7222955115254251
Q9Z2K1,1.411375006320571
Q5SUT0,0.3155956440444961
P48024,-0.08743478569453181
Q9JLV1,0.297639302904269
Q9DCC5,0.8668906013200416
P60766,0.8622183458170274
P00687,-1.0832638942221209
P21765,1.0296735773280679
P68372,1.4382689178816008
Q920B9,-0.17134325158181984
G5E850,0.3780477083657993
P63328,-0.1306653602092839
Q6PAM1,-0.4407793076470694
Q9D8S4,0.23703641057348201
Q64520,0.13209598075642742
P56546,0.07418172945491314
P61982,1.0700682102194399
P56212,0.26735678790706485
Q61805,0.01156219374657295
Q9WTP6,-0.3701715735956293
Q9CQW9,-0.07452142421813568
Q06770,1.1819602713191881
O89110,-0.06549146022855944
P63254,1.6556121903111511
Q99020,0.9058018192863686
Q8C166,0.14282282757605677
P59325,0.2008715080713067
Q60865,-0.04230046442793795
P35278,0.5010608356262398
Q8K274,-0.09388211483926566
A2ASS6,1.60067045904704
Q8R0P4,0.34057418322203564
O70310,-0.06330736111925006
P09470,-0.7736117298986679
A0A0U1RPG8,-0.09819776309079913
P31938,0.009101249730045051
P62889,0.37232384757632625
A0A0N4SVS6,0.6837508834487878
H3BJW3,0.553482733788602
O55135,0.23851367981077062
P61082,0.4268453531582793
F8WJ41,0.6181052146639799
P97379,0.1487075031455827
A2AIM4,1.3773358571640157
Q9Z2Y8,0.38494045510579655
Q8BHG2,0.508765664058134
P07744,1.268046763473993
A0A286YDI8,-0.19698188798223584
Q8BT60,0.4259566370189469
A0A140LHA2,0.05241124529935873
Q76LS9,-0.5130893723826566
Q99JY3,0.2596771438491799
P28063,0.6327752941405459
Q9EQR4,-0.5827505033604585
Q91VW3,0.7671708730712636
Q3ULW8,-0.14339706592595594
Q921F2,0.35911137404408644
Q9CX86,-0.01800825909598585
Q63932,0.16585934736138666
O88543,0.14831790840631262
P63085,0.656562495296718
Q61510,-0.09448045416526392
P62137,-0.1201772410268072
P28658,0.42098461322199826
P0DOV2,0.47755392181414463
Q8R1G2,-0.0163676959538141
Q6ZWV3,0.8153362059129413
O08583,-0.08573381837538653
Q9D6Y7,0.5600682835261972
A0A1Y7VMN0,0.00713952173518689
P60867,0.8773182712244948
Q8K4Z5,0.1421840762323338
Q61937,0.800846600408154
Q9D1E6,0.2716718772896095
Q8CEK3,0.05794804364421946
P62821,0.5341515951076904
Q8K3C3,-0.19228065576537964
P53811,0.5454061034875665
P97314,-0.21291577890578975
Q91XD6,-0.32601895320783886
A0A0R4J1Y3,0.9850423532742913
Q9DCZ1,0.6387037539542691
O55143,0.20792518696575854
Q9Z1G3,0.1664248407274608
Q00898,0.733133061037392
Q8BTI8,0.1238714568909924
Q9DCL9,0.7772734418617099
Q8BFQ8,-0.5642850526154426
Q8K426,-0.6358354939652814
Q9CQR6,0.3389646538139319
P13864,-0.4919740867732584
Q08943,-0.6987577758826816
Q9EST5,0.9856794358073128
P19253,0.3883549038769651
Q01149,-0.15870137780373808
A0A0G2JE99,-0.6676994451125944
P14131,1.5111701692227546
Q6ZWN5,1.0151045812244937
Q60662,-0.011358829723649077
Q9EQQ9,0.3793093790279556
P63168,1.0594717348988694
P10639,1.5555576095580708
Q91VM9,-0.2435297341026697
O89112,0.5434862580029225
Q8CC86,-0.3377287003088223
Q9D892,0.25252442001059466
Q60972,-0.023669101715876602
A0A0R4J034,0.2399968782866483
Q60692,0.9174134339207995
Q6P4T2,-0.3250129432778558
Q9D1M0,0.23023204183860765
Q64378,0.004957250136491809
P22907,0.294307163831879
E9PXY8,-0.15353877889622253
E9PUD1,-0.5326133627494717
Q8BVF2,-0.22449778930715358
Q9QZM0,-0.23842331695842847
Q6P542,-0.08501477592139735
Q925P3,-0.1340602262884969
P99026,0.8543753484714527
Q61581,-0.641761937222937
O08738,0.3691023535382776
Q9DCS2,0.022342227040769765
Q8CJ53,-0.0952542093497484
P41105,0.3886029358148179
Q99JI6,0.5119377869616907
P11031,0.569481104238577
P14115,0.7409007909930836
Q62266,-0.0057144915737274435
P62830,0.6000947808076587
Q91YN5,-0.264772549813792
P98078,-0.6081068848401059
E9PXX7,-0.2743436877255856
P55302,-0.06965306146599697
Q3U5Q7,-0.1870962417230085
Q9D883,0.7153643478966694
Q62009,0.19988779846389113
P97310,-1.0433130888100643
O70251,0.8021378026760742
Q80X50,-0.357430752518015
Q6ZWU9,0.3224255241230895
Q9QYJ0,0.29136202341334205
Q9CZ04,0.0234840494393361
Q9CR57,0.8219795680009265
Q9ET26,-0.3122069698859389
O70250,-1.1800716628907477
Q61599,0.492313199613267
Q9D8B3,0.6071714216461092
Q9D7H3,-0.5052348172488585
O09167,0.8136441153345493
Q9Z0P4,-1.6150114273571374
Q8CCS6,-0.12868171291386524
O35226,0.44222842789342776
E9Q4K7,-0.06321259779341068
Q9CZU6,0.5291820806955998
Q8JZK9,-0.42745709541299115
Q5SF07,-0.7020476374795022
G3X9T7,-0.19140928194461462
Q3TDD9,-0.5733587300428992
Q8R059,0.15142152481146462
O54879,0.005930996331867688
P13634,-0.4710418069199819
O54962,0.6174351247364156
Q8K2Q7,0.0433292603647923
Q99NB9,-0.3900773308431606
O70591,0.15571218538176565
P62627,0.287554521995145
Q60994,1.0784832116327394
Q8R317,0.3281679383752427
Q9CQR2,0.550552649760204
Q03734,0.5848831896892639
Q9CZM2,0.6441142609851714
Q99JX4,0.4478563807446004
Q9D0W5,0.07801098292067488
Q6P5E4,-0.4565644510311538
E0CYV0,0.34519184780740847
P45377,0.3616944906829559
Q9R062,-0.10868646945904731
Q9JKB3,1.2803386833924177
Q9QUH0,0.3750366919539859
Q8BL97,0.3353449010248794
P59383,0.20991696073804628
Q08093,-0.5331476966979949
Q8BH97,-0.6241871250546656
O09164,-0.3144800981903559
Q99MR6,-0.12787699433079588
J3QNU6,0.2612552574439132
Q8VE62,-0.35914027367120005
P82343,-0.22404019810149284
P51855,0.3391986039061535
P61089,1.2513376111284162
Q9D8S3,-0.46588332699701346
Q3TJD7,0.45439392374276183
Q6PHZ2,0.4462336423865136
D3Z5G7,-0.47331219739317915
E9Q740,-0.5096645538920902
P97807,0.26326995898117916
Q9CR70,0.04595396364610411
P70195,0.6410739984074217
P35441,-1.2657873991702053
P70677,0.349912945932511
Q9DBC7,0.7500844240978669
P84091,-0.055405485821433405
A0A075B5V1,0.10566955761588465
Q60676,0.011483207705882688
Q9CQE8,0.2025903787529624
Q01730,0.7957501048105409
O35127,-0.3749578043690051
P62869,1.2459021009947755
Q7TT50,-0.4667791200037142
A0A6I8MWZ2,-0.23916792263664746
Q920E5,0.301215666843929
P53994,-0.14153097695604522
O35864,0.3855687109588107
Q7TQH0,-0.5341316353312303
P62301,0.5919167226682861
Q9JJU8,0.8482466983273729
Q8VBV7,0.17810907846796015
Q9CYI4,-0.521809537728464
Q9D1Q6,0.32493887006203065
P09041,-0.7549398584601406
Q91VM5,-0.00947797632950738
Q9CXI5,0.15541309007902673
P47857,-0.1822119805116524
Q91VF2,0.5833941166549342
Q8BVQ5,-0.6437471649049488
Q9DB29,0.34658595996575475
Q5SUH6,-0.2987213838298192
Q9DB05,-0.24864502308541547
O35344,0.9395659963367662
Q9CQW1,-0.0319059885363922
Q80UM3,0.25197253440089706
Q99P72,-0.6146642457499742
H3BKR2,0.532969878666496
G3UX26,-0.23988721976770447
G5E8V9,-0.4800164613821946
P83940,0.5465256263071946
Q7TNV0,0.04657378553504918
P27641,-0.6352943436741919
Q6PDQ2,0.12748413967619343
Q8BX02,-0.7067283005617347
Q6ZQM8,0.19783753534218496
F8VQJ3,-0.8334162287801096
Q8K2T1,0.015428364921610538
P16301,0.06082275290545866
Q8VEE4,-1.0783578227296944
O35309,-0.27577183872645383
Q9D0T1,0.361653102312028
Q7TMM9,1.6953072692344033
Q66JS6,-0.12804183784884918
Q8BP56,-0.08583207196101367
Q64339,-0.5154506152017857
Q8VI75,0.16562975470649977
O08585,1.0385535619685724
Q62084,-0.19481494868403246
P21550,-0.912638432119182
A0A2I3BR29,0.1513656181218326
P62897,0.21566488830238434
Q8R574,0.19527114924495614
Q70IV5,-0.5654085602667326
Q922D4,-0.025929306567735975
Q68FH4,0.5178507999733515
P01899,0.14963761702328532
O35593,0.5133819296630191
Q9D8S9,-0.29062931420834753
Q6ZQK5,-0.11523204783244155
Q8BKG3,-0.4694229952282606
Q60739,0.12153880980874975
Q6P9R2,-0.08932050314298214
P51432,-0.2398764008795616
O70172,-0.3484514410038746
P97311,-0.49797861464054344
P23780,-1.2025332082278168
A0A075B5S2,-0.522310436358692
Q8CFZ6,-0.12879501230128618
Q91YE6,-0.09732482874068157
Q9CX56,0.3406897798225627
P01887,0.8961823941837053
P12246,-0.02372847049490587
Q9JM76,1.3620076834521597
Q9D8C9,-1.0208608712728011
P84089,0.40072162147541474
Q9DBG9,0.030806771245150234
Q9CR50,-1.662755104781965
Q9JJV2,0.1717143568541157
Q9WUU7,-0.11024849139657389
Q9CRC9,-0.1803502264525002
Q8CHP8,0.1986465330788481
Q8VCS0,-0.4355819438830398
Q3UMT1,-1.4189035751077852
O70555,0.8953363543298053
P62267,0.5177968189941585
P62071,-0.39619631702559666
Q61881,-0.3627136545617736
P12815,0.0333643703863061
P70671,-0.6350102743027963
Q5BKQ4,-0.17503154427997983
O54782,-0.4820255931447075
Q80VD1,-0.12817952345034925
A0A1L1SVK0,0.25096618841781587
P62996,-0.09920223682926613
B1AQF4,-0.22775703923426785
P08074,0.2734063805137137
E9QJT5,0.28647252738003914
Q9EQ06,0.5223751659334163
A0A0A0MQC3,0.29915796113275545
A0A0A6YX73,0.18591620160868286
P52623,0.5463295962342977
P14847,-0.18088226378538025
C0HKG5,-0.3357888420647385
Q920Q8,-0.5358333011466477
P97823,0.10891257841856791
Q99LC5,0.05594095727062849
P09581,-0.10425620077441296
Q8BP67,0.4532737700235593
P59999,1.1560484984328168
Q9EPK7,-0.47440298619443805
A0A1L1SRG5,-0.10964565776595622
A0A0R4J083,-1.051052894223866
Q8JZV9,-0.5268868109249496
Q91WK2,0.16064489045614783
P16330,-0.2422708963708081
A0A286YDF0,-0.6539378600544695
Q8CFX1,-0.06465048666088444
Q9D1K7,0.09207472636375119
Q8VHM5,0.5510425053889243
Q8BMY7,-1.363235480058339
Q8K1J6,-0.029164766197367832
P20060,0.2175758512715524
Q8VH51,-0.8896123601407927
Q64282,-0.3492329619434746
Q8CB58,0.6905400712615191
E9PUA7,0.6076170153733748
Q3V2J9,-1.631957723138949
P27048,0.11641342505668753
Q68FF6,-0.6757031664800094
A0A0G2JES3,0.6061018701713735
A0A2I3BQE0,0.1946434234473009
P56380,0.1379754042560414
Q8CBB7,0.362880384859088
P31532,-0.1036295390436462
Q99JX3,-0.4728508787015608
Q9D1C8,-0.28332104747384335
Q99KR3,-0.21878027897056035
Q9JII5,-0.17770799436020782
P70288,-0.20102288737954555
G3UZ30,-0.8277053963590211
Q9D281,-0.7769955223483501
A0A7N9VR94,0.11833513638680267
Q8VEE1,-0.3148341921389588
P70303,-0.5033593073488437
Q3TCJ1,-0.33191733846562177
Q9DD18,-0.08710167637903793
P45878,0.031888996716579784
P62320,0.4285008370196983
Q8BGC0,-0.7039811605053616
O54774,0.4222670882364265
Q8VBT9,-0.3779261148535637
Q99PG2,-0.33295803108438937
P13745,0.9068277837272349
Q9CQI3,0.4231722354574696
Q9JJN5,-0.17643968049121753
Q3THG9,-0.03361549652961197
A0A0G2JGI9,0.15065848903917042
D3Z7C6,0.8407972253981747
Q9DB27,0.043622499838129256
P50428,-0.949335273291609
Q9D7I5,0.20514328533174353
P51910,-0.37144848525494223
Q9Z1T1,-0.12867791571560985
P01644,-0.1628341915962386
Q6P5G6,-0.3874283987656056
P51163,-0.8215593690354485
P06869,-1.1929657098347175
Q8K0T0,-0.12512683683242998
Q8CG03,-0.6765457959024068
Q9DCL8,0.23532258106139617
D3Z5N2,0.49980004739167766
P52760,0.15086982840773575
Q99LI8,0.30289930205994126
P84099,0.7193489854749776
Q9DCH4,0.5905806640022562
A0A075B5M7,0.10057995054602986
A0A075B5R5,0.07784643564506544
A0A1L1SSH9,0.6196053841737232
P41317,-0.46470350113329095
O70318,0.021979576607477996
Q61584,-0.2438823654452886
Q61398,-0.9893671940244222
P41241,-0.07651134913604646
P47941,0.003078783969170247
Q61495,-0.4523042443312349
G3UZ34,0.27688418479345484
A0A075B5T3,-0.6354703202886443
Q9D0F3,-0.18476742808458943
B1AZP2,-0.40005416441600405
D3Z7U4,-0.5451063404793723
Q9CQE5,-1.3572718611748582
Q99L27,-0.06387767497671241
P47879,-0.7915427707767787
Q8R121,0.8469957570419973
P62082,1.2765997144043812
Q9JHK4,1.3082717014900849
P97346,-0.1318470433254326
P31786,1.2034145020665095
Q91VC3,2.2686747533732516
Q9JI46,0.22992522319998004
Q9QYH6,-0.6496417815194212
Q8CJG0,-0.3183436594668863
E9PZF5,0.18632771384792682
A0A2I3BQE3,-0.6142628901900191
Q9CPT4,-0.04770005892028661
A2ADY9,0.4159801532319309
Q3UWL8,0.1512290339874265
Q8K1B8,-0.6517983204650577
A2ARV4,-0.041186592040888884
Q9R1Z7,0.7753657847951467
Q8R010,0.0006100962472116748
D3YTQ3,0.10718184173521217
Q69Z37,0.159347574352876
Q91XL1,-0.19037029798460464
Q99NF7,-0.5937214443560739
Q9WUL7,0.14273795205527395
Q99KP6,-0.5155222920596707
P63325,0.2614148746078136
Q9DC50,0.1948753609821744
Q6W8Q3,-0.15896754183213663
G3X970,-0.7433537501014905
Q9JMG7,-0.05672734168324571
Q8CI32,-0.8158416502430508
Q61191,-0.19372284919174096
Q80XD8,-0.5260861654244353
Q9D379,0.19485867137417767
P61750,0.4495603067311646
P39039,-0.015886707107663954
Q9R0P4,-0.41093654550923353
P35831,-1.7178690676360242
Q9EQH2,-0.45725553257289164
P23475,-1.023401405628511
P62806,0.5643209538535483
Q8BG95,-0.0181374946343367
Q3SXD3,-0.21539229156994072
E9Q2Q9,-1.5381478235186175
E9PV41,0.32027788882735647
O70325,-0.04212368196423844
Q8CBW3,-0.42425746047642426
Q6PGB6,0.45970317429413826
E9QP56,0.20050591198108564
P83917,0.062478827088325126
P42669,0.3376867185095781
P57759,-0.13022700459066328
O70456,0.24744672454612887
Q91VH2,-0.42012520010010396
Q80XI3,-0.8732327626850634
F6V6T4,0.06786716672560016
A0A0J9YU62,-0.1940648013359141
P18653,-0.028151978396039168
Q80ZX0,-0.37659365410203655
Q9D9G2,-1.0196524313068858
P35802,-0.28949202153675935
P23249,-1.8090323526743235
P05132,0.07325364579770506
P67871,-0.12349973957573182
P31001,-0.13677531905024112
Q9JLV5,-0.7435066740906701
Q80SW1,-0.11146829314095574
Q9CYH2,0.09317783455020225
Q9DBB8,-0.4913083171819838
P70122,0.041598817908637654
Q8VEE0,-0.23353621342136463
P49962,-0.4697447087288203
P17897,0.13476654125446078
A2A432,0.05507379130002322
Q9WUA3,-0.18749251814232873
Q60668,1.928409200946268
D3YZP9,-0.06043310961389412
P70389,-0.8128505023579771
Q8VDQ1,0.44149688216573957
P15864,0.28068834546950167
Q9D7X8,-0.019045516991120035
P14069,1.316165745571527
O70305,1.690266342071875
Q8BH43,-0.4055665952116588
P58044,-0.09741025955312804
Q8BYA0,-0.3105985591291821
Q64337,-0.06236367625053661
P18242,-0.2343951109690927
Q6NXL1,1.4797493419281542
P20239,-1.0808506025138973
Q9WVP1,-0.08930183693994462
Q8VED5,-0.49816540972722073
P02798,-1.0332104265931985
A0A087WNV1,-1.1098512529034357
P25799,-0.3265675121285593
Q8BH69,0.16137845109200402
Q9DCW4,0.8599647185739597
Q923G2,-0.27269110123822254
Q07813,-0.04275406346597006
Q64433,0.09327444695562936
Q8WTY4,0.048204830042897655
H7BWY6,0.02612240709574689
E9Q1P8,-0.7383287317880757
Q3UJB0,-0.47715667512237364
Q9DBG6,0.11189768532070322
P61148,0.3878092083792912
Q9QYJ3,-0.5465788622416525
Q8K3W0,-0.12948643098317156
D3Z0V2,-0.5028968232333205
P82198,-0.28932993795542805
P57784,0.237924541786133
Q6IRU5,0.08802446052831922
P47809,0.47317425595115753
Q91YZ8,-0.49587341387936656
P09803,0.2421574180360961
B2KGA7,0.12781017824068502
P70274,-0.13695856525663902
Q8VCI5,-0.10035952575936732
Q4KMM3,2.1116519733561994
Q9EPL8,-0.4016184880651653
Q9Z0P5,-0.12549719426553949
P61255,0.6962283887455262
Q8BY87,-0.3851205080286282
Q8CH18,-0.4421922216137612
Q9WTL7,0.8269453826499862
Q8CDG3,-0.33071670988238977
P54729,-0.3457333733759396
P58871,-0.7161930525959519
P63280,0.3597842641580346
Q8CHP5,0.030526046965098946
Q6NZB0,0.16681249820155913
Q9Z1R3,-0.19689021296172207
Q6ZWZ4,0.6383712200392688
Q9QZE7,0.08466371398498823
P97765,0.052438503154709507
Q3UJD6,-0.3178994320889041
P61514,0.007480352345422565
E9PV38,0.15769287530292417
P15327,-0.29045835263030056
A0A0B4J1I9,-0.7467052668634693
Q9WV55,-0.19318579109469644
Q9ES00,-0.2802816062362623
O54983,-0.8180082400010651
Q62419,-0.5484136740793453
P49717,-0.7375747289850214
Q8VDW0,-0.6386723226367895
P26516,0.21386366012615873
Q8K0G5,-1.0782677059705912
P37889,-0.8093609781015016
Q8BVU5,-0.18585429634366576
Q3UMU9,-0.5127479596819907
P63276,0.22463794169573414
P12025,-0.702573758603389
A0A494BB95,0.327587511788517
Q3TLH4,-1.1235102852902197
P14106,-0.2785406171073237
P29758,-0.27176586718149853
Q91WE2,-0.8932108201653248
P62307,0.0028396115385263504
A0A0B4J1H7,-0.7382904456511502
Q9Z1K5,-0.2154285402863471
O08540,-0.38897750726478264
Q8CI33,-0.33388701245944175
Q3THK3,0.16067260329934469
P27005,-1.509655740727758
O88593,-0.026778956971969785
J3QN89,-1.2485031789225844
P97350,-0.2813024344454997
A2BH06,0.32338745778946015
P61079,-0.5178769047131832
H3BLI9,0.13737423727936104
A2AQN5,-0.19093603244207408
P33267,-0.5567744653792591
O35326,-0.3259755481642733
Q3UH60,-1.6380327910824977
O35594,-1.1115999423401544
P41778,-0.41883809575273756
Q8BVG4,-0.6405308028264626
A0A0G2JGQ8,0.6294644142730462
Q99LR1,-1.0466311776583137
P61965,-0.7635383830357203
P30412,-0.2845240859793453
D3Z6Q9,-1.4629777462765932
O88587,0.19135637014845255
D3YYK8,-0.8734829857002366
P62774,0.7628725029231993
Q5SYD0,-0.6513603736293756
A0A0U1RNF2,-0.3638286710249959
Q9JLF6,-0.11438738605665072
P12265,0.2539674626118025
Q9Z1A1,0.05313965124801905
P62878,0.10001111525853942
A0A1D5RM23,-0.0791618136324335
O08807,0.27649177689300575
A0A5F8MPZ2,0.5688541557036031
Q61249,-0.6365698941958831
Q9D1M4,0.47296545118735406
O54734,-0.2647130974015264
Q9CQ48,0.014264840174200617
Q3UHX2,0.5148388547118586
P28667,-0.09055127049631545
Q80UP5,-0.12026160652585498
Q60902,0.7344357512536684
Q80W22,-0.4866488358051768
O09044,-1.0814959585432011
P01642,-1.055173809098269
Q8K2F8,-0.5862638771587848
Q9WTN0,0.4514468361240545
Q9DCG9,-0.04159627585758589
P70695,-0.1049006678675744
Q8CHH9,0.08318651447034364
D3Z660,-0.5272891137471526
Q61087,-0.1711182452738535
Q78JW9,0.008650240702470202
Q8JZL3,-0.4088203407850432
Q9D0M1,-0.8614493202810843
Q9CPX6,-0.2589768384029222
Q9CQF7,-0.8028280637317486
P97816,0.5404432771345987
D3Z2H9,0.5288651112977226
A0A0A6YW06,-0.4502513525786614
P97864,-0.49777595537077485
P22935,0.8330159814033168
Q6DFW4,0.7879104312231467
Q9JHQ5,-0.3326591306717336
P62855,0.456698686094682
Q99PV0,0.2236734858239816
A0A0G2JGU4,-0.5067078920054789
Q9CR09,0.2773735754569504
Q569Z6,-1.489206968851036
E9QJW0,-0.2091033882361519
P08030,0.603810596269749
Q80SU7,-0.016409491005918434
Q922J3,-0.6607526473944978
Q05186,-0.9537346185334556
Q99ME2,-0.8614132559135119
Q8N7N5,-0.3445983039132909
A0A1D5RMM8,-0.47816764857636634
Q63829,-0.3834852013350946
Q61391,-0.4192620751750579
Q9CR26,0.3881909055332515
P10761,-0.40586472223530734
P62849,-0.2790953203865047
Q9D1G1,-0.21816428699318827
Q9QZQ1,-0.5037279226718347
Q9R0M5,-0.5343824377153442
P61971,0.7496220023192544
P61327,-0.01582862912553485
Q9QY36,-0.6436879420854512
P62315,0.053735596063616796
Q8CG14,-0.28455900386647615
P60840,-1.254164236430291
Q6PGF7,-0.9866338368229056
Q91Z40,-1.3615289167622988
Q6NXH9,1.7453212680306802
Q99JB8,-0.6083890194930683
Q02248,-1.0218045435047454
Q9CQJ6,-0.3568645185072045
Q9EQ32,-0.8474446673260484
Q9D0L8,-0.1730067664004941
Q7M6Y3,-0.2602056488074781
Q8BH93,-0.4880721307584149
Q6PIP5,-0.19899287057643367
A0A338P7E5,0.09421560420312107
Q99JI1,-0.833628858618003
Q9EPN1,-0.25859445214946847
P49182,1.2328353389088045
Q6EDY6,-0.8027761624079517
A0A140T8M3,-0.8277029578090392
Q9WV54,-0.20096899349745934
Q02105,-0.1369529622623734
Q9EPB4,0.6655708616471478
G3X9C2,-0.5297483904558895
P83741,-0.08255052669781346
A0A0R4J092,0.5265161163972857
A0A0R4J140,-0.3714293425886617
Q9CWW6,1.7920835917612825
K3W4Q8,-0.5822549631931534
P01592,-0.7078673852788039
A0A0R4J256,0.3631513820618441
O88271,-0.43979914649547436
Q9ER72,-0.574052963905228
A0A5F8MPP7,0.1040838161433529
Q9D5V5,0.12510414583496263
P70333,0.24732775607311927
Q9Z0Y1,0.05760270398852067
Q9CQH7,0.04130584261952994
Q6IME9,0.5833751146305202
P36916,-0.3806908998763955
O09114,-0.2804397596643412
E0CYT5,-0.007584333130052545
A0A1D5RLN7,-0.4881343470011488
Q9D358,0.5933570481141781
Q8VDG5,-0.13677706664504832
H3BJZ9,0.21875429542425456
P84104,0.8237265581294612
Q8BFZ9,-0.6575034511547434
Q61187,-0.10507410401200605
P62257,-0.14694562921173757
H7BX88,-0.4304700763022129
P63087,0.7630842668198595
A2A5H4,-1.186000203221343
Q3TEA8,-0.6882146515686468
Q99KW3,-0.9793032406749776
Q3UIA2,-1.0865281143729968
A0A140T8M2,-0.09749375816921285
P62900,0.5875401958855974
Q8C6B0,-0.14843437335274454
Q8K2V6,-1.5314774188376943
P62311,-0.06818467353975735
Q7TMC8,-0.4628567941274824
P46414,-0.3955768875576583
Q9QXZ0,-1.0840344138990876
Q62048,0.45382408985805983
Q91V12,-0.4518659247005318
P18419,-0.4335120510822861
Q6NZN0,0.8570652676608975
Q3U0V2,-0.5487906324451414
Q8R4K2,-0.22687260054920735
P62852,0.46590497310956835
G3X9K3,0.5015683121961305
Q9Z1W9,-0.29258628513028356
Q9QY24,-1.830165432797597
Q62159,0.03955294602560486
Q6P2K6,-0.4881670895168777
P28867,-0.27023797693868806
Q6ZWZ2,-0.3261506826284327
Q8R5H1,0.595242260017121
P56375,-0.18936013213614036
Q9WTZ1,-0.9670260252674714
Q9WU84,-0.7877783378228559
Q9D6H2,-0.9737443964199438
A0A6I8MWZ0,-0.8830541357987063
P10493,-1.000109493803989
Q9CR86,-0.4447016791412842
Q9WVL0,0.005121939429582649
Q9D2R0,-0.3702454061981009
Q8BUK6,-0.1134155323008541
Q9CY66,1.684441873103963
P60824,-0.3296600675039331
P06683,-0.4735511092384922
Q8CBY8,-0.996823298284307
Q91VA1,-0.8913420837975331
P97425,-0.13992804237369605
Q60866,-1.0658097271622582
Q9Z1R2,-0.6689665964045626
Q3UI43,-0.5596683411791544
O54984,0.010402247937813634
Q91ZR2,-0.5409899066193469
O08784,-0.9835739812840948
O54833,-0.9292143438122533
P10922,-0.5551226632322682
Q9D8C4,0.25841276003150215
Q9JHH6,-0.4097848393899267
P67984,0.42955631032246233
Q99J83,-0.28375165056150803
Q64669,-0.8402025353842709
Q3UQ44,-0.5688232375776368
P43275,0.09113141514735318
Q9ET54,-0.6644671985739143
P49586,-0.41967614426558525
Q9CQ92,-0.6088295333727186
Q8R409,-0.2574448681888877
Q9EST4,-0.4629327740915259
A0A2R8VHP3,0.8550735781850954
Q05920,-0.36997989378242796
Q5M8N0,-0.04659827346458752
Q921J2,-0.4946501875109368
Q9JJ28,0.13565458112749462
A0A075B5V8,-0.22078048872602513
D3Z598,-1.0341783787413612
Q64345,-1.1583002641816882
P56394,-0.951454884569242
Q3TBL6,-0.7351034669742048
P56812,0.12163074512663756
Q60596,-1.5043094107521116
Q8VCN6,-0.4741366139452937
Q0VGB7,-0.7555417438534389
P01675,-0.823391540289822
Q9R008,-1.0853079282892613
P63166,-0.6479117829851924
Q9JMG1,-0.1958616859708066
Q9WU28,0.12091299932348643
P09055,-1.209502612601996
Q64314,-0.8575455890698344
Q8VE47,-0.06576671434412174
A2A7K5,-0.4168915332262224
P09813,1.0546971823722917
Q8R0H9,0.02522925960326869
P61021,-0.688943250267246
Q9D898,-1.313614763926094
A0A1B0GSF9,-1.6822587003585907
P11404,-0.009999592146812444
Q9DCH6,-0.3221708660386683
E9Q0F0,2.021086630723825
P61957,0.7499754181535726
Q80U87,0.2797985196278318
Q8R2S8,-1.0230440739654378
P54726,-0.16190883873527645
Q02788,0.1273393789107801
Q9JHW4,-0.10999112852321327
Q8K0Q5,-1.6974135778463275
Q69ZN7,0.23119729688639531
O08800,-0.2877816631557685
P52430,0.6747950097656095
Q8BPB0,0.24141400300333835
Q63810,-0.7228705789216979
Q9D0M5,0.6690427699521332
P01638,0.16884913205288582
P81117,-0.8718135169400189
Q8BW88,-0.10935114688666435
Q78JE5,-0.3000693504779088
Q9Z2X2,-0.3181392699212111
Q2NL51,-0.5692769939452722
P23578,-0.6617008400517267
Q9D820,-0.91788836526193
Q9JMA2,0.24222081805217688
A0A0R4J0H1,-0.6243463243263917
A2AQ19,-1.2871829769195728
Q9CYA0,-0.813562781099857
Q9JMI7,-0.1044229057762556
Q9R059,-1.317372547822529
Q8VEN2,0.7405675768205323
Q8C0D5,0.6880934504677054
Q9R1Q7,-0.6963991012787317
Q8R3C0,-0.41580529108255226
Q9ERF3,-1.387466264414851
Q9D967,-0.6593509218510099
Q8BP92,-1.0962804866233364
Q3UMF0,-2.0418902959359646
Q921K8,-0.44250053287553087
Q9Z2V5,-1.08283124602953
Q9CXL3,-1.1956334835731788
Q9D0C4,-0.930719613882376
Q91WG2,-0.7672620701763979
Q91W89,-0.32518349572754973
D3Z3B8,-0.7386459829668499
Q8VD62,1.1249373997902339
P05480,-0.5822900206993628
O08759,-0.4601270365868262
Q8R5I6,-0.18268885289846898
Q6PAV2,-0.8692124427488815
D3Z4U0,-0.262213638384037
Q6IFZ6,0.3271461815932921
Q8VC30,-0.5242233682384927
Q60590,0.6197126731693502
Q6ZWM4,-0.1426521642224258
Q80UY2,-0.8849636757141439
P30115,0.2706158817880047
P37040,-0.565768825475455
Q3UE37,-0.28037980538400464
F8WHM5,-1.0690582361023442
Q9JKV1,-0.5855639614754435
P0C027,-0.15177097405860504
Q9QVP9,-0.2389962040551926
Q8BGZ7,0.602013918702995
Q8BGB7,-0.5726831175605938
Q9ES74,-0.7966318573809941
Q99PP9,-1.329603989321208
Q9JLV6,-1.1273802238931299
Q80UW8,-0.798354987814374
P32233,-1.3081488561896022
C0HKE5,0.6401160963058995
Q9D1J3,0.04014113618325076
Q3UFY7,0.03572062928249741
Q9CSU0,-0.6045199875833827
Q8BMK4,-0.33873698247160566
Q9ERG2,-0.38870056249616397
Q8BFW4,-1.4052037120028689
P50518,0.04385509987478992
Q9CSH3,-0.8988614016026261
Q9DBH5,0.21145238708434913
F6Q404,0.38584584106536385
Q5EG47,-1.0097455006051488
O70494,-1.5452485982796247
P62748,-0.3487861566897148
Q8BHZ0,-0.6122189918578178
P08730,-0.36707349568101755
Q61406,-0.63017060510909
Q9WTX2,-0.17767002134052792
O88811,-1.3995970558240372
P49138,-1.1311746485820975
P07091,-0.45993201908727177
Q8CES0,-0.7130459284978641
O70492,-0.17693567992533696
Q64012,-0.4390568967005534
P02301,0.6054856767475039
Q8BGR9,0.4026390930481225
G5E8R1,-0.4933590730021329
A6H5Y3,-0.7895501710409806
Q9JI90,-1.5892913972132379
D3Z3N4,-0.8617138152171117
O08638,0.20716760326743439
Q9D020,-0.7338090077972411
Q9CQ86,-0.28148504762367654
P00375,-0.21070488866397705
Q9EPQ7,0.1398260042812057
Q792Z1,0.6246929671269648
A0A0N4SW28,-0.20319158583578176
F8WHV1,-1.055687038740387
A0A5K1VVS7,-1.0601822425976566
G3X8R2,-0.9805233871875483
A0A140T8N7,-1.059019443238519
Q8C052,-1.0809439570862112
Q8R0F6,-0.5985121359847613
Q9QZ73,-0.536956538856544
Q9ERE7,0.2592663134057538
D3Z4J5,-1.0748662495955157
Q99JZ4,-0.582847527517307
Q62241,-0.6371898971421407
Q9QXA5,-0.3072420873694834
A0A0R4J065,-0.7452106099349786
Q8BSH9,-0.3560929849482046
P53986,-1.0315850999823282
Q9D832,-1.0061731419085032
Q9WU63,-0.5709976565636682
Q9CXY6,-0.5672092612581631
Q9Z183,0.2954179551716974
Q6WKZ8,-1.933977804202093
P08905,-1.0930037473502086
Q9QYR6,-0.5092084257900829
O35955,-0.1790704242448536
P40240,-0.058562690627981376
D3Z1M1,-0.11458362568687412
Q6ZQI3,-0.9129984618050159
Q9DAJ5,-1.698228777009691
Q8BPU7,-1.3141214684248792
P50289,-1.147752820791797
Q5SVR0,-1.0118776683706145
Q3TIV5,-0.7491094752307259
Q921I2,-1.6580794316324208
O08749,-0.7119914917171181
Q8BMS9,-1.202981305409722
P54731,-0.6544984121745505
O54916,-1.0325514739889636
Q8QZT1,-1.0895990197782208
Q8K0U4,-1.2263144668048382
Q9ER00,-0.9515157359984607
Q9D1T5,-0.6517577118424326
Q52KI8,-0.0909965352172338
P39053,-0.5079314389383738
Q9DC51,-0.606423792471536
Q71FD7,-0.7930494550684267
P49935,-0.47676335445898343
Q8R5F3,-0.22495352895731682
Q8C4Y3,-0.9618854108613301
Q8BGS2,-0.5363045535995612
Q9DD02,-0.5095579906092791
A0A3B2WBC6,-0.18824019593988886
Q9CZH3,-1.1378786218339918
Q9R190,-0.7720774612082943
O89023,-1.0356374125259984
Q9JI48,-0.8782677664293117
Q08288,-1.680756147151206
Q60648,-0.6232888578688369
Q9Z2A5,-0.8386981290782067
O35382,0.13489355555300508
Q9JHJ0,-0.4090288862910793
Q8R3G9,-0.7987388533280496
A0A668KL36,1.7784815802307918
Q8R1A4,-0.055508301150045174
P70445,-0.7906131782406023
G3X8S8,-1.001764429400689
P97471,-0.5472328583855857
Q9QZZ6,-0.9724409519832629
A0A498WFS2,0.5681641153436954
Q9CYN2,-1.5854061871416811
Q8BHL8,1.3831851509688078
A0A0R4J1E8,-0.816697048132485
Q3V1L4,-0.5314021961850286
Q8K2Q9,-0.514175162983966
Q9D787,-1.957394184735274
L7N1X8,-1.138582911967602
A2AF33,-0.09536312589293156
O55013,0.3386913084311443
Q04207,-0.5825414691367206
Q9CQD1,-0.7405228712073454
Q9ERU9,-0.8184023039881552
B2RY56,-1.701162048850919
D3Z4S3,0.10391136907842634
Q61189,-0.9656174570186686
Q8VCC1,-0.7412182512353667
P70399,-1.9166279950319787
Q6P2B1,-1.052564105367364
A6H5X4,-1.0490226827060825
Q8BH95,-0.5454440756558261
Q91VR8,-0.49900764786798757
Q60949,-1.0354792642096866
Q6PFR5,-0.6829469730825457
A0A140T8M0,0.0977245090326814
Q62000,-0.30350013790672314
A0A0R4IZY6,-0.08223394266736528
O35566,-1.4081891258360804
O55229,-0.16278439592006158
Q9QZ06,-1.2895147019756774
Q03963,-0.6937892743305085
Q9CRA5,-1.6331790230920047
Q9DC16,-0.6756485173610084
P25688,-0.688334493812863
P01630,-0.9998502773451735
Q6NV83,-1.082851189438474
O88312,-0.7926765397252309
P01635,-0.4819928256458265
A0A0R4J131,-0.6596078909308746
P61759,-0.018359623511588256
P62892,-0.6660818200201162
P61028,-1.3636945619146421
F6SJM7,0.013513444791146132
Q80YR5,-1.121737267630127
Q8R0A0,-0.30687381496122046
P55258,0.5901925128169219
P13595,-1.2208134181016137
Q91XF0,-0.11578640333579468
Q6PEV3,-1.9101083358869744
A0A075B5N4,-1.276042095598389
P35762,-1.1021646332043769
Q91XD2,-0.7163200062081233
Q8BMA6,-0.4988658858182068
P97431,-0.5403513051188572
Q61107,-1.3483253975385496
Q9EQG9,-1.457750222465089
O35901,0.3236116821228549
Q9D103,-0.9498690471716487
Q61024,-1.2748144773695553
O08547,-0.3598233926180064
Q60855,-1.4188480584154637
Q9D1K2,-0.47323417960146524
Q5SUF2,-0.14504239152259543
E9QLB2,-0.9492800744365868
Q9CQ80,-0.06577208957125145
A0A2I3BPG9,0.04589781554919538
P83870,-1.1872132320134554
P55065,-0.86859226892842
E9Q3Q6,-0.6298585091589851
Q3TC93,-0.5776034932787095
P35282,-0.7529349732246469
Q61151,-0.8028461033272286
A2AFQ2,-1.127991945227249
Q8VHL1,0.13115702805133597
D3YZZ5,0.7454608168110511
Q99JT2,-1.267007149809916
F8VPL5,-0.35790933445901424
P98086,-0.01471219428073605
P16254,-0.4772154386378
Q8R5F7,2.10079612399723
P17095,-1.1838660216832038
Q91V77,-0.40842700632189194
P35550,-0.6263090073684965
Q80ZQ9,-1.5815441426916679
Q80X73,-1.5115786559034057
A0A087WR57,-0.9151024724236364
Q6PD03,-0.25604893876219614
P97352,-0.4548046149860782
O08976,-0.09144159813264316
Q8BVA4,0.22002134058756637
A0A0R4J138,-1.7126576833924536
P70124,-0.8091630661257362
P32020,-0.6091234645033495
Q8K023,-0.3952107853936767
P15379,-1.3706747271047932
Q6ZQ58,-0.5509638785652121
Q9D1D4,0.5035470516077712
P47968,0.1567844223813378
G3UYV4,-0.623388014355353
P46737,0.7851016695510153
A2BGI8,-0.37777267969545414
Q8VC31,0.19914028620725113
Q9ESY9,-1.242954094925249
Q6PDG5,-0.7108449578880571
Q3UV17,2.186492882121852
Q6PF93,-1.9646565482842266
P70362,-0.6754953587733576
A2ATP6,-1.67107457916143
Q80UK0,-0.5137116535221546
A0A2R8VJV3,-0.4215382455879576
A0A087WNT2,-1.0299400647914618
Q3UY34,-2.4364923168659227
G3UZR1,-0.06540753648589417
Q9D7S9,0.6946746830888821
P17426,-0.9599567141336853
Q922E4,-0.8370263555806078
Q61473,-1.939309954037902
Q61268,-1.2007701036795735
O08992,-0.25412446903766206
P68373,0.24150086515926744
P97821,-1.0569081200687296
Q91X96,-0.312085305511276
A2AQ45,-0.7487877279120452
Q8CIV8,-0.8556017045134083
O35969,-0.9701117290344464
Q61239,-0.3520828715076407
P21279,-0.8554987113693914
Q9CRD4,-0.7820429670281951
Q9D0J8,1.1739749902151142
Q8K3G9,-1.4496284633315517
Q9CXF4,-0.8220675399732721
D3Z6I4,-0.37404384999937756
Q80UY1,-1.4634234086884461
P24668,-0.6053970534417373
A0A140T8N3,-0.7855951128165861
Q9JMD0,-0.7535596818360548
G3X982,-1.185164563829442
P29595,0.7791432761379904
A0A0A0MQA5,0.6076223608998338
F8WHX2,-0.30616157349950923
Q9WUD1,-1.02573698046294
Q8CHW4,-0.7193731842876311
Q8BYZ7,-0.6932846727660952
Q8VDD8,-1.1002711083962537
A0A0G2JFZ3,-1.31177741415434
E9PX53,0.3413537945665173
Q9ER67,-2.2872222593720997
Q9D8T2,-0.9360229102615772
P35492,-0.5903281988613411
Q923L6,-0.30227381178436175
B0V3P6,-1.1146635109915826
Q5U5V2,-1.296716631266386
Q9D554,-1.1686650374446308
Q91YH5,0.7067513696700793
A0A0A0MQ99,-1.2672229486699187
Q8CGY8,-0.4202849028542355
P61963,-0.3852227816640986
Q62172,-1.666107532108604
Q9CW03,-1.3299446191642486
Q9D0K2,-0.4421633317924685
P29452,-0.6860748151564496
P62858,-1.16180724716117
Q80V42,-1.6547937225248146
P56389,-0.6496570645909989
D6RFU9,-0.6610057439413233
A2AJI0,-1.383290577288563
Q9D0B6,-0.258686634788124
Q91X43,-2.1550080481511276
P35585,-0.49695457876534194
P54116,-0.3653221481434579
Q05144,-0.5176566682889598
Q99L20,0.6187492656882775
O88842,-1.094326433329231
Q9JMH9,0.14968149265542788
P21570,-0.8656821778020657
Q8BIJ7,-1.1859074510236374
E9Q6J5,-2.4349449682572537
P62313,-0.2623518483457448
Q8CAK3,-1.0698385922532256
P54103,-0.9771335349135569
E9QP49,-1.399838689995962
Q8CD15,-0.32164483582299974
O89017,-0.7139815300662479
Q9QXB9,-0.21330774746206063
A2API8,-1.0473072692777023
Q3UPH1,-0.6182625633525318
Q08189,0.025176928426118298
Q63918,-0.8429078693828717
Q9D708,-0.6401988856714662
Q9D309,-1.7603637903734801
P28653,-0.3606042347207105
Q80WT5,-0.49377434617759297
Q9D1R9,0.12348424034857096
A0A0R4J0R1,-1.0546715050670714
Q8BHD7,-1.0024437168077491
A0A1L1SS27,-1.0074751681675123
P01680,-0.9137286596423602
G5E911,-0.20025002534250586
P51949,-1.6124813743023905
E0CYW1,-0.34288267295407676
Q6ZWV7,0.053109687731010095
Q8VD75,-0.32306570982881816
Q8CF89,-1.4778089807568977
A0A2R8VHF9,-1.8427114260523227
Q8R5F8,0.22624481006209393
Q9D0B0,-1.1589449580600029
F8VPP8,-0.7102900132827121
Q9DB34,-0.9671330409715174
Q6A026,-1.7189944868590992
A0A0A0MQF5,-1.026718667404808
Q8R550,0.14018310308072232
Q99M31,-0.3189422011879195
Q7TQK5,-1.017330000829201
Q8CGF7,-0.32045122120784725
Q8VE70,-0.22647492127463645
P62274,0.09411011999560888
Q9JJI8,-0.29085738247192133
P08207,-0.28044063966939425
Q8BXC6,-0.7218682740462805
Q60575,-0.8364944589822862
Q60960,-0.44636219473679245
Q8VHN8,-1.3336300247912858
A0A0B4J1J5,-0.8044288983647039
Q7TPR4,-0.09474108980365563
Q91WP0,-1.1143789639462962
Q8R5J9,0.23802687286365004
E9QKI4,-1.6788688203451891
Q9EQI5,-1.028224689700083
Q99LN9,-0.4499389420377327
Q61749,-0.7777868040028153
Q3T9E4,-0.5779271257185551
G3UYF9,-0.4686776000572707
Q8CIH9,-1.378119009720661
P09671,-0.6854216849940687
Q8CCP0,-1.8091547314513297
A0A6I8MWX0,-2.625133212477794
Q80XU3,0.3125845879791
Q91UZ5,-0.31453992922812407
Q61878,-0.595731489179129
P01901,-1.9229364187728577
Q924H7,-1.7458842943461048
Q99J99,-0.209175969005733
E9PWC8,-1.695758503777039
Q9CQ71,-1.1480306308804022
Q9Z120,-0.5851337493314881
Q99M51,-0.06334809509166013
P62835,-0.7162092203914869
Q3UMB9,-0.5497960935416758
Q9WUP7,-0.10849827775623207
Q8CGE8,-0.8460715355396115
O08848,-0.6566414731490994
Q3UYI5,-0.9530361556108851
Q9JLM8,0.14170827749617038
Q9ET66,0.6706484150022776
E9PYG6,-1.1752703277520535
Q91WN1,-1.3615561719652134
P04627,-0.8369059164290081
Q8R2I5,-1.1572826379518364
Q9DCB1,-2.2191722291475253
Q3UGR5,-0.6458180282715924
Q8BGW1,-0.8974081277328985
P02089,-1.0302324871585247
Q9D071,-1.4593077310718845
P17047,-0.1267146615361973
P62254,-0.6525765198424093
O88968,0.1978087367358546
A0A338P7L8,-0.8160292045765905
O88384,-1.2843587013211908
Q80TM9,-0.5142266675176735
O35551,-0.2149275686515048
P51660,-0.9831274770842005
P34928,-0.6725790943982021
Q9JHK5,0.6132890612259775
Q6NZC7,0.3071493993930671
Q8K205,-0.1913362154805976
Q8BR90,-1.11200913306766
Q64478,0.5600060651031111
Q9QUJ7,-1.8949811068161353
Q91YP2,-0.35645013876188464
Q9JL16,-1.3378242435911085
Q7TN75,-1.6665353616774743
Q00899,-1.2553934493754
Q9D115,-0.16008912711464146
Q60996,-1.2470813884120684
P29416,-0.24266459506283536
Q8BVW0,-1.8955551450816377
Q61595,-1.8526936188205991
Q61687,-1.195858483534715
P61961,0.018427850464656774
A0A338P7B7,0.11555501112252468
Q60749,-0.08689312678525647
Q497I4,0.716551067657501
P62843,0.34435350437853474
Q9D6N1,-1.0998169445616264
Q9CZX0,-1.0768673572833674
P98083,-1.458683333039273
Q6P3D0,-0.3876413756580187
A0A0G2JFA8,-0.6059191406869282
Q9JIK5,-0.2002302523989693
Q99K28,-0.9359289832047896
Q80UU9,-0.08364276812502927
Q9Z0F7,-0.7933166706247339
A0A0A0MQC1,-0.2834021613895354
Q8BLY1,-0.8915542605182191
Q3TRM8,-1.7095791946938967
P01655,-0.35844528449645363
Q9D4I9,-1.9046048655151278
Q9WUM5,-0.9257909268324969
E9QKC6,-0.7734317604740811
Q99LC8,-0.7011519177025775
Q8C1Y8,-0.7947596034344914
Q9D5A0,1.0568270036716598
Q8K3A9,-2.353493374011821
Q9QXD8,-1.8960267738424812
Q99JP4,-0.7901387603290735
P21956,-0.6880069966344426
Q8K003,0.09377090040048082
Q60823,0.2973674422482067
A0A494BB18,-1.2185294497129155
P98064,-2.8060911250723737
Q9ES52,-1.6089422582655162
Q8R1V4,-1.0627609842097845
Q9QY93,-1.0598854466112666
Q9CYU6,-1.338748879557167
O55142,-0.477047581215581
Q8C5N3,-0.6011949707193203
O88622,-0.8617049951599755
Q02789,-1.0746500554681142
A0A075B5R7,-0.8414968733401808
Q569Z5,0.16243334797674908
Q8CFE8,-1.3278604671666112
H3BJM1,-1.9456335022110833
Q6P5B0,-1.0746346678985625
Q91YT7,-0.9506445262208381
Q9CU62,0.7350135229834291
Q9JIW9,-0.9703594353129587
Q9Z0R4,-0.7857570220371368
B1AVD2,0.43838500264908675
Q8BWR2,-0.3627989072810055
P61804,-0.476497058314046
G5E897,-0.08692286745373798
Q9CQS8,-0.39890885045314434
Q6NZF1,-1.4201366032280918
Q9D6Z1,-0.8244890080018223
Q62077,-1.7850995352211267
Q9R0Q6,-0.7343577910779328
Q8VEH6,-1.4674310346318993
Q91VJ2,-1.7151846541295532
Q99LU0,-0.37248849638594606
Q810A7,-0.7616499906511648
A0A075B5T2,-0.6692892541633543
Q9CWS0,-1.0023174744110956
Q8BRF7,-1.018784889595774
Q9ESX5,-0.9269955639756626
Q8VD04,-1.7716544342541665
P56387,-0.023654722435229408
Q920Q6,-0.8320872230806379
Q923L7,-0.30302645385526794
Q61686,-0.6908811003002066
A0A0G2JFE9,-0.7192991327452054
Q9QZB9,-1.1111103264840556
Q9JKY5,-0.6896254048474034
P16294,-0.4291949300026716
Q4KML4,0.4148593232838278
Q9CRB2,-1.5249512690650209
Q8C460,-0.8370831794549238
Q9ERL7,-0.881917115239066
A0A140T8P3,-1.071043246969675
Q91YJ3,-0.7923216328601869
O09110,-1.5205635424348998
Q6PAR5,-1.056088972761736
P59242,-1.166705553587375
P52927,-0.5187067453647922
A0A338P6K2,-0.04296594318679292
Q8BFQ4,-0.972666883221096
Q3U0K8,-2.2157184637879133
P20108,-1.0698773694730748
Q91V36,-0.5426667700793386
A0A0A6YWI9,-0.7439100862289602
Q8BI79,-1.2030453521601727
Q9D5V6,-0.7206261680541033
Q60715,-0.6771634347150116
Q9CQX2,-0.26164857900186517
Q60772,-0.3840812278373686
P48962,-0.9080131887211973
P12032,-0.9945157427055338
O55091,-1.0790597160033077
Q9CWI3,-0.10780094333656642
Q78PG9,-1.1043316303797384
P61458,-0.20097845702342518
Q5DTM8,-2.017562777378338
Q3TWW8,-0.10456242601873524
P26450,-0.43901052930813084
Q99JF8,-0.5437914786244338
Q62522,-1.633888844995076
P51863,-1.8427219400093904
P35293,1.3017083309811643
Q8CDM3,2.97911156085132
P97326,-2.3293948357383174
Q61658,-0.3048903329548503
Q99JF5,-1.3716281049050232
A0A571BF69,-0.2112879339415587
P14094,-0.9933963951283896
Q9WTL2,-0.8088695212274142
Q9QXK3,-0.7376931892360884
Q8CHT1,-1.8253412632005244
P39749,-0.9466247544670726
P60764,-1.2273418309410384
Q61335,-0.36345365331778845
Q8C8T8,-0.4966111359972334
Q01147,-1.1097833425631058
Q8K212,-1.0472937703222045
P49290,-1.2770405833112688
O54950,-0.64835217066138
P97863,1.532279887586177
Q61754,-2.6357369459705016
Q8BU04,-1.5646017865015647
O88738,-1.6040233685841416
Q8K019,-1.9882106924385283
Q6ZWY8,1.2669464252108786
Q61400,-0.881561177790727
Q9JK53,-0.8987024239866959
Q9WTU6,-1.12624746412606
D3YWJ4,-0.5093752746866351
O35664,-0.9306624611997653
A0A1B0GR18,-0.8131072203706927
Q4LDF6,-0.9628679813362188
P15532,0.17166347718129152
P97368,-0.9069459096841557
Q8VHK9,-1.7458392453849587
Q8BKE9,-0.6078981981548756
Q9Z0H3,-0.9709093011274573
Q9WUB0,-1.1771151481207072
Q9CRC8,-1.1164047671664035
Q9Z2R6,-0.5853476937872485
P62862,-1.053763579304932
G3X8R0,-0.6401430875869871
B2RXQ2,-1.4127241725550033
Q9DAD6,-0.06342231544223838
Q921C5,-0.023183368189926952
O70138,-0.9847657896560095
O70145,-1.5897768393591611
B1AVZ0,-1.1184993652536375
Q9CRT8,-1.2539810817018837
Q8BMJ3,-0.9450465313925681
Q62448,-1.1938111826752131
Q9CXG3,-1.1786352321959925
P63002,-1.636628485528671
O88522,-0.7813354418455176
Q8BW96,-0.7706075832002169
P61027,-0.9925425978493245
Q80Y55,-1.4988108517468437
P46460,-1.0080373881855105
Q91WG4,-0.7692071749599101
G5E884,-1.4116390185022194
Q8CAS9,-0.9291957820313845
Q8BP27,-1.0865331924632975
Q6PB66,-0.6216345140760318
Q8K1J5,-2.0032411489270516
Q7TT45,-0.6506203264471452
Q8CFV9,-0.5817500726305244
P97496,-1.0450017391720658
E9Q5F4,0.019808164098354477
Q61210,-1.4974710974111238
P30415,-1.1886083359514046
Q9R0U0,-1.2054645708276608
P98203,-0.005474351912652504
Q3TMH2,-1.0896317656987136
O35071,-0.1319269432054501
Q04736,-0.2636232720893146
Q6PDY2,-0.3440907810915724
Q8BHC0,-1.1798293960718833
Q8R349,-0.6398498127245208
Q8VEK0,-1.3555377932906303
Q8C5W3,-0.6643934329624556
Q8C636,0.11618326156755614
P51661,-1.5524584030691893
Q8CIH5,-1.3802245252817942
P57776,1.0055368645031337
Q9R053,0.5505892901786608
Q04690,-2.181834483065572
Q99K30,-1.388369388006578
O35609,-1.394343035253328
Q9DC11,-0.7271269020113931
Q8K057,0.6983682548845133
Q80W37,-0.26900971962011766
Q8BFZ3,0.026430151740606235
Q9JI11,-0.9619482550452878
A0A087WNU5,0.3904490796224994
Q91X97,0.11060653174553496
Q08024,-0.21053140806997606
Q9CQ62,-0.9811216590488393
A2AGT5,-1.8106969495470038
P28650,-1.7500377737330324
Q9EQ20,-1.1224986646253245
Q9EST1,-1.0230101195033325
P97370,-1.138798348032706
Q8VCG4,-0.22735453866995856
Q7TSJ2,-0.6381938140567279
P56873,-1.079047310626762
A0A087WS96,-1.1504141398769783
Q6PHU5,-1.3213267995054836
Q61576,0.7096426509149184
Q5F2E8,-1.812613435730705
P37913,-2.346210846795147
Q64449,-1.0216792208227745
P46061,-1.1762445602530451
Q9DCR2,-0.37367051898115444
Q6ZWQ0,0.1304892024319377
A0A1B0GSI7,-0.15719751173169538
A0A0A0MQN4,-1.0883135115197313
A0A0D2X7Z2,0.16402929657963577
Q7SIG6,2.196495536748161
Q3UKV0,-0.8114363118669601
Q8R4X3,-0.3634925323446797
B2RRI5,0.5520905554784985
Q3UVL4,-0.1791642743711673
Q9QZU9,-1.2246387560253242
Q9R1T4,-1.297018785028737
O70200,-0.9311515527287328
Q9CQ89,-1.3762755920051146
Q8R242,-1.7109200658875168
O55183,-1.8367854339147232
Q8K1T5,-1.0016101723280635
O55060,-0.807896463651461
Q9D1M7,-1.2266725053945844
Q80YA7,-0.975706443852276
A6PWS5,-0.28284751912647843
Q69ZR2,-1.333362085610179
Q6PB44,-1.5802421376884772
Q8BFU3,-0.6068596442657128
Q3UIR3,-1.289923041497222
Q922V4,-1.8177653767958073
Q923D4,-1.2390317382272162
Q9D902,-0.7861249544318201
Q00175,-1.1515937293984218
Q9ESP1,-0.5895003832590149
Q6XLQ8,0.4498913098800342
P39655,0.23229350261819842
Q3TPE9,-0.9728541034070053
Q9CY97,-1.0398380178921123
A0A1B0GR85,0.9056529403138832
Q8BHA3,0.7160903585434615
Q91ZF0,-1.5318588018452763
Q4LDD4,-0.927407224034412
P54869,-1.283858896844096
Q9CQC9,-0.9487683377620652
Q64311,-1.51506364478794
Q05512,-1.1630927618722366
Q05020,-0.5103562236810694
Q9WV35,-0.6141714228459918
Q9CQQ8,0.08960389937569153
Q3TYX3,-1.0230751263067455
Q8BYH7,-1.2624281408061586
Q9CQW2,-0.5701395261716973
Q8R3R8,-0.3249579332471834
Q9R0N5,1.0357801429376197
B1ART1,0.5098916895665894
Q9EQ08,-1.1866950631349682
A2A8Z1,-1.4756761269924328
O55098,-1.115152928244468
D3Z016,-1.0471563850952461
P63024,-0.9662129785237363
A0A338P769,-1.0124863382457638
A0A1W2P7S5,-1.2882006343031382
P22366,-1.313780351482819
Q62203,-1.224482007463311
P35486,-1.4771141746842311
P38585,-1.7062148980595082
O89094,-1.1160439671770903
P15535,-1.306751568919836
Q64512,0.5246208503931614
Q921W2,-1.2892975377241986
P30285,-0.6742104808190433
Q07079,-1.5975632727806306
Q8BQ46,-1.0778181820127246
F7AI87,-0.8695167975001566
P42337,-1.6153784868991776
O54865,-0.6313742487830779
Q9QZB7,-0.37840297611199336
A0A571BEV2,-0.40160122415548233
A0A494B8Y8,-1.3897445629013332
Q80TE0,1.0435464607682376
F6RDI8,-0.8766389423865795
O08586,-1.1498081951733703
P63147,-0.8196385480994797
A0A1L1SVG6,-0.7380551676518965
D3YZN8,-0.7361036075489804
P50295,-1.2224906499841586
Q8BX80,-1.5989984856046633
Q9DBC3,-1.603380382765159
Q8C650,-0.7029986356077238
Q7M753,-1.8907037198840684
Q31125,-1.5907698873615401
Q9DA79,-1.5396906395184562
E9QMK9,-1.472720875144982
Q8BFS6,-0.15485162802266622
A0A1B0GRF6,-0.2412998699802283
Q8CDM8,-1.9079614811176386
Q91VY9,-1.9338592643016026
Q9CQA9,-0.9282223291573721
Q9Z0G9,-1.5833188407044363
P28574,-1.3205090617540955
Q60876,-0.2692313680285548
Q9D711,-1.0157489001774562
Q91W82,-0.8086477391846564
Q9D4V0,-1.2050969682191008
P62331,-0.933881129947236
Q3UM29,-0.8889443494539498
Q9D4H8,-0.5545615268978256
Q9JL62,-0.37028037395355545
Q64459,-0.18003515825230004
Q80Y19,-0.650650758215802
P21180,-0.9775494476325708
A0A087WNU1,-1.0835710102362832
P62737,-0.22780176746180714
Q8R1H0,-1.2094969372840063
Q80SY5,-1.5315118043360287
P62743,-0.8240561009501348
Q8R344,-1.4354997447358213
Q7TMY4,0.5982255277100091
E9Q1M6,-2.1386081067021467
Q6NT99,-1.4084650270086336
Q3U1V6,-1.1780417664119405
H3BKG0,-0.27103652326251276
Q9DBL7,-1.174850488442971
F6ZFU0,-0.20921940076866255
E9Q448,-0.14158422529048606
Q9JJZ2,-1.1843725505764353
F6T2Z7,-0.5191224419855616
Q561M1,-0.6828447977916635
Q6ZWY3,-1.0458268104791195
Q68FG2,-0.6953783852137382
Q9QY76,-0.6297344240775866
P68181,-1.227906268375703
Q58A65,-1.1017757622503235
O09117,0.10601099821521898
Q09014,-1.3583065302535506
Q99NB8,-1.2079183310181527
Q923T9,-1.2853007329050417
D3YXK0,-0.2933175965742557
D3YYN8,-1.9170761956259232
B1AR17,-0.10945111875248639
A0A0R4IZY9,-1.4546762717982968
A0A0A0MQM2,-0.973851527634087
A0A140T8M6,-1.0305298137091947
Q9D2W5,0.521177281965915
P10648,-0.771921503214977
F7CG42,-1.1337476474483366
A2AWA9,-1.1476359243788443
Q4PJX1,-0.4543464095966046
Q91YN9,-1.4930824933271152
P63094,-1.0709609265686029
Q921W0,-0.9164411775217235
Q6AXB7,-2.3553107918612675
A0A087WRH2,-0.49051870201073944
P62305,-0.6013401508306673
E9QNY8,-1.3020363048388628
E0CZE8,-1.2763405133556154
Q9CQ10,-0.7209868361742885
A2A930,-0.052506921512706604
F6XVM5,0.05299787688256584
Q9CQV6,-1.4324840937741274
P61290,-0.4783899797356091
Q3UZA1,-1.0614936566835544
O54941,-1.2678351847321099
Q543M9,-1.0268907697491785
Q8CJG1,-1.4413967913713834
A0A140LIU3,-1.1311717648139399
P09926,-1.5421460961473796
Q8K3X4,-1.8256313927365684
Q9Z0L8,-1.7078087845801335
E9PYK3,-1.7290771882893996
Q6ZPJ3,-0.18629405168922183
Q8BU14,-1.6243331622867339
Q9JKC8,-1.2746567494826506
P97376,-1.2485739007761139
E9PVA6,-1.6037478253476296
A0A0R4J124,-1.402405682953471
A0A140LIS5,-0.937900692841259
D3YXN0,-1.13924341543687
Q61771,-1.7578286937805574
Q91YS8,-1.5453837043716003
Q9CZE3,-1.153074885638625
O35988,-1.1398742021393087
P24815,-1.4169392421362128
G3X906,-0.44521007611026325
P21126,-0.6132411472178445
Q8BWR8,-1.1758978113271967
A2AX52,-0.8123625040815207
G3X9D6,-0.6032098934283147
Q8R164,-1.009481514088817
Q6UKZ0,-0.21651981045322063
Q9CQG1,-0.9859686580422838
Q9R1S8,-1.8374884292682723
O09035,-1.2716060568399448
Q6W4W7,-1.1340056199694184
Q7TQD2,-0.3343915874927188
F6QFD1,0.016742584015440105
P52825,-0.7006844765823886
Q9CQI7,-0.09880244378360686
Q3UHU8,-0.5110766732715774
Q8C0J2,-1.2390670818429144
Q91YJ2,-0.005442701855950508
Q91WU0,-1.1363817686039026
Q9JIQ3,-1.950339689781578
Q9CZG3,-1.4620601473169885
B1AVF2,-0.9618507584937022
A0A0R4J0B4,-1.0804598247605108
Q924A2,-0.15734323743734455
Q62168,-1.5096628114398094
Q9D4H4,-2.124621407619063
A0A0A6YY13,-1.2755532308633
Q5UAK0,-1.6240060844157487
D3YXF5,-0.9800953871400606
E9PUF9,-0.5804709409762614
Q60992,-1.8146402227046123
Q6P572,-2.0605101939590886
A8Y5N8,-1.0444329484320012
E9Q529,-0.29496653176567567
Q9ERN0,-1.1291337086055504
Q09LZ8,-1.9663175516994582
P97364,-0.8938461635894961
P22005,-1.064223730141748
Q8VC57,0.6098394595365414
Q14B71,-1.2194441352878431
Q99LH4,-2.503463726980015
Q3V063,-1.169248997423453
P62309,-1.0790863130044743
Q3URI6,-0.3604357561412524
Q9CQU0,-1.0378906737151041
A0A0G2JF84,0.3763686500802504
P45952,-1.0711268686706485
G3X9E9,-0.9750810300368332
Q8BWZ3,-0.6573304975625954
P70268,-1.6219086539067822
Q05117,-1.2530499593088837
Q99LT0,-0.4348450124909166
Q9EQH7,-0.022084277216904737
Q3UZW7,-2.0500085131539127
Q6P6J0,-0.9282372600385131
L7N295,-2.583624939855783
B1AV77,-1.1255096581920963
D3YXQ7,-1.7464742067053938
Q91VZ6,-0.8325292381320661
Q62511,-1.9043288400910159
E9QM73,-0.8118240885528598
Q3TES0,0.102990976912567
A2AKB4,-1.1158525546684304
E9PX30,-1.4634976088155767
A0A0R4J0P6,-1.2503145290825557
Q9WTL4,-0.5431701723348143
Q9CVW4,-1.0541754087435233
H3BJV2,-0.4491572526132089
Q924T7,-1.0966368493406204
A0A2C9F2A2,-2.241233011925753
E5FYH1,-0.6251635440748997
E9QAT4,-1.820196791160086
Q5PR72,-1.2047634011830262
P52479,-1.9593217076166356
E9Q3P4,-0.9575087569261658
Q6P3Z3,-1.7519492824889238
Q80U04,-2.2101162907381693
Q99JR8,-2.002081273073867
Q8BIQ5,-1.8634401584673972
Q9CY18,-1.4821538619756713
Q99JP7,0.022978364995078836
Q8R268,-1.3329531517318578
P35330,-1.5138250590029754
P55097,-1.0009004454578427
A0A140LJ69,-0.6578782531164605
Q8R2U0,-1.6361721802495475
Q9JHF7,-1.2994833788581592
Q8C5K5,-1.427752344382046
A0A0R4J0U8,-2.1658046453806232
Q8K449,-2.141460046221501
Z4YJS5,-1.0895694553072053
Q6ZQA6,-0.8251583471234173
L0N7N1,-2.312703956164197
P11438,-0.9844004368298572
E9Q634,-1.2112397695487798
Q61160,-0.903987007914482
Q3UDC3,-1.2169373038909168
Q6PER3,-1.3040812790383782
A0A1L1SSU2,-1.5540715004353807
Q9CQQ7,-1.3074136468258655
Q8R1U1,-1.213412027410665
A0A2I3BRW0,-1.1949294300505438
Q8VCN9,-1.386374162439214
Q3UKJ7,-1.1171976975719884
Q6PFY1,-0.8240996917991017
A0A0R4J1Q0,-0.09096391648621509
Q924C1,1.1434268154618816
Q8R2T8,-2.1235721767912636
Q9ESU6,-0.6908074260876375
E9Q4Y4,-0.7872760490449138
F6TKU5,-0.6523541045838681
E9QM92,0.02653798799119162
Q9QY23,-2.0035324317499663
Q91YR7,-1.5917433655282567
Q9QXZ7,-1.844334580875565
Q8BG07,-1.1674821602478318
G3UYQ4,-1.027321221545637
Q6P8K8,-0.816681820234858
B1AR51,-0.6511648742420649
Q9D2C2,-1.5369730743142809
Q9R0Q9,-1.125235171060116
Q80YA3,-0.012120131408721712
Q5BN45,-0.6469842700986502
Q3UHD6,-0.4367497165262072
A2A7S8,-2.3237240850307663
Q8CHG3,-0.35931272026967664
F6YBB8,-1.2335164267319347
Q80U30,0.07018720315201686
O70503,-1.489180925021341
A2AT37,-1.4972628611546708
P63271,-1.2558825253868304
Q6PAT0,-2.5863662470743622
A0A0U1RNR0,-0.4340777262391537
A0A0A6YY40,-1.2524777347738114
Q9WTP7,-1.1457632200945693
Q61292,-2.1384237341492116
P46978,-1.0642311380126317
Q8CI75,-1.3371011505788883
Q8BLU6,-0.9131168894378264
Q147Z4,-0.5723408573154642
Q8VD65,-1.9956472403197842
Q8BHJ9,-2.169031894875836
A0A087WRG0,-0.8095624760366492
Q9QXE7,-1.6186362315963632
A0A1D5RLM8,-0.9996708717148937
E0CX53,-0.14149178005166604
P19785,-1.3950551909138589
Q80TR8,-1.9573398701560365
P19091,0.6335627953966616
Q8BYG9,-1.488537776694726
Q9R1K9,-0.82811469476874
Q9EP82,-1.3616496777049023
Q9D565,0.8703355714515036
P70290,-1.6660227398449086
A2BDX3,-0.5337174366649844
A0A075B664,-0.7288279642918283
P53351,-0.09102130560758248
F8VPX4,-1.6379130132444806
A2BDX2,-1.592809792926811
P01657,-1.1358728853421278
P62075,-1.2527873394018791
Q9Z2V6,-0.3237427645206244
Q3U0S6,-0.4174923818496356
Q9JIT1,-0.776466270204142
D4AFX7,-1.9315441237307345
P19536,-1.9172113153911385
G5E8H0,-1.3706437822423578
Q2VPD4,-0.8019966489593806
Q8BGZ4,-1.5635518039041685
A2AVR1,-0.919166027300564
F6T4M4,2.5731939705512694
P22727,-0.6772170846643348
A0A0U1RPZ4,-0.10909073307286558
Q8C0T5,-1.2239915784589381
D3YVJ1,-1.2870228932474639
F2Z461,-0.4563614051621866
F6SX81,-0.8298276356839934
Q91ZK0,-0.9948786599558844
Q9Z0L0,-1.2949852368330221
Q61056,-0.690784679339984
Q8C436,-1.7712625757197942
Q8R007,-0.02246544246442484
A0A2I3BS41,-1.556450395219013
Q8BLH7,-2.317490254470256
F6Z595,-0.7639076079201476
E9PYP2,0.3275404335668174
A0A0U1RPA0,-1.0864179816883148
Q8VDP4,-0.6056626921872641
Q8BNU0,-1.189229234410827
D3Z408,-1.2094929016613596
Q9D952,-0.16142413926922014
P52503,-1.8472941826280818
Q99J31,-2.4291160087495847
Q8K411,-1.5188491035439826
Q68FM4,-0.9037672758998732
D3YUE4,-1.2135341038404213
Q8R3E3,-1.076510798064396
L7N205,-0.8126196300631554
A2AQF0,-1.4479402161901578
G5E8V8,-1.315335612764653
F6VU53,-1.4078600531359684
Q9R078,-0.5111024107555142
Q9QYX7,0.2413554121348634
Q9DBS1,-1.314347822785033
A0A0R4J0J1,-0.7638952004605367
Q3UQ28,-2.133059538600768
Q8CGK3,-0.3728784861431478
A0A338P6W9,-0.3882375467763162
Q9JJQ0,-1.2374814533920324
E9Q5K9,-1.2837492561798778
Q6P2L7,-1.0560023214008163
E9Q472,0.25561062501463844
G5E8G6,0.011240393495082532
